link_id,name,road_type,hour,observed_traffic_volume,simulated_traffic_volume,geh
101764,0,unclassified,0,0.0,0.0,
101764,0,unclassified,1,0.0,0.0,
101764,0,unclassified,2,0.0,0.0,
101764,0,unclassified,3,0.57,0.0,1.0677078252031311
101764,0,unclassified,4,0.29,0.0,0.7615773105863908
101764,0,unclassified,5,1.01,0.0,1.4212670403551895
101764,0,unclassified,6,1.98,0.0,1.98997487421324
101764,0,unclassified,7,25.9,20.0,1.231574439134127
101764,0,unclassified,8,208.77,20.0,17.65015150238095
101764,0,unclassified,9,497.68,40.0,27.91354476330066
101764,0,unclassified,10,716.64,10.0,37.072644332894775
101764,0,unclassified,11,782.45,15.0,38.43380276278229
101764,0,unclassified,12,722.43,25.0,36.07699529701122
101764,0,unclassified,13,514.52,15.0,30.699174337935723
101764,0,unclassified,14,605.79,15.0,33.533260074774255
101764,0,unclassified,15,716.48,5.0,37.45980790075428
101764,0,unclassified,16,891.36,10.0,41.51635277460785
101764,0,unclassified,17,785.04,10.0,38.87269271197732
101764,0,unclassified,18,751.82,10.0,38.009079399868355
101764,0,unclassified,19,566.52,5.0,33.21731391923433
101764,0,unclassified,20,80.35,0.0,12.676750372236569
101764,0,unclassified,21,0.0,10.0,4.47213595499958
101764,0,unclassified,22,0.0,5.0,3.1622776601683795
101764,0,unclassified,23,0.0,0.0,
101765,0,unclassified,0,0.0,0.0,
101765,0,unclassified,1,0.0,0.0,
101765,0,unclassified,2,0.0,0.0,
101765,0,unclassified,3,0.57,0.0,1.0677078252031311
101765,0,unclassified,4,0.29,0.0,0.7615773105863908
101765,0,unclassified,5,1.01,0.0,1.4212670403551895
101765,0,unclassified,6,1.98,0.0,1.98997487421324
101765,0,unclassified,7,25.9,5.0,5.317188346239496
101765,0,unclassified,8,208.77,5.0,19.709783991066605
101765,0,unclassified,9,497.68,5.0,31.076645047858243
101765,0,unclassified,10,716.64,10.0,37.072644332894775
101765,0,unclassified,11,782.45,15.0,38.43380276278229
101765,0,unclassified,12,722.43,25.0,36.07699529701122
101765,0,unclassified,13,514.52,15.0,30.699174337935723
101765,0,unclassified,14,605.79,15.0,33.533260074774255
101765,0,unclassified,15,716.48,10.0,37.06833150154369
101765,0,unclassified,16,891.36,10.0,41.51635277460785
101765,0,unclassified,17,785.04,20.0,38.13207256058964
101765,0,unclassified,18,751.82,40.0,35.7743663828052
101765,0,unclassified,19,566.52,25.0,31.487978651657155
101765,0,unclassified,20,80.35,5.0,11.53443940231677
101765,0,unclassified,21,0.0,5.0,3.1622776601683795
101765,0,unclassified,22,0.0,10.0,4.47213595499958
101765,0,unclassified,23,0.0,0.0,
102412,0,unclassified,0,263.81,0.0,22.969980409221076
102412,0,unclassified,1,179.51,0.0,18.947823093959897
102412,0,unclassified,2,73.33,0.0,12.110326172320876
102412,0,unclassified,3,0.0,30.0,7.745966692414834
102412,0,unclassified,4,150.11,20.0,14.107847367936907
102412,0,unclassified,5,207.14,5.0,19.627092847389523
102412,0,unclassified,6,494.46,560.0,2.854344445017077
102412,0,unclassified,7,1477.21,1460.0,0.44908481362793295
102412,0,unclassified,8,1779.86,1355.0,10.73128594998138
102412,0,unclassified,9,1380.29,1260.0,3.310691450449792
102412,0,unclassified,10,1155.53,905.0,7.805222094613761
102412,0,unclassified,11,1151.84,985.0,5.104217552252833
102412,0,unclassified,12,1270.79,1135.0,3.9151997878724645
102412,0,unclassified,13,1208.68,1145.0,1.8562836696567862
102412,0,unclassified,14,1338.89,1080.0,7.444271669566921
102412,0,unclassified,15,1268.71,910.0,10.86822869292718
102412,0,unclassified,16,1374.0,1360.0,0.37865507192788017
102412,0,unclassified,17,1432.0,1615.0,4.688456170939409
102412,0,unclassified,18,1349.86,1590.0,6.2634869876222865
102412,0,unclassified,19,1193.0,1185.0,0.2320059162262966
102412,0,unclassified,20,787.62,985.0,6.629951019564658
102412,0,unclassified,21,442.04,1015.0,21.22773044473159
102412,0,unclassified,22,360.6,945.0,22.872842231885084
102412,0,unclassified,23,374.69,545.0,7.942082875617663
102413,0,unclassified,0,263.81,0.0,22.969980409221076
102413,0,unclassified,1,179.51,0.0,18.947823093959897
102413,0,unclassified,2,73.33,0.0,12.110326172320876
102413,0,unclassified,3,0.0,5.0,3.1622776601683795
102413,0,unclassified,4,150.11,25.0,13.370620055528226
102413,0,unclassified,5,207.14,10.0,18.91994341966719
102413,0,unclassified,6,494.46,250.0,12.670744138839778
102413,0,unclassified,7,1477.21,1020.0,12.939073675668757
102413,0,unclassified,8,1779.86,1210.0,14.738651335064668
102413,0,unclassified,9,1380.29,910.0,13.897462269635604
102413,0,unclassified,10,1155.53,950.0,6.334458616556268
102413,0,unclassified,11,1151.84,1160.0,0.24000830492932648
102413,0,unclassified,12,1270.79,1025.0,7.254594252580189
102413,0,unclassified,13,1208.68,990.0,6.595429008812557
102413,0,unclassified,14,1338.89,855.0,14.61013472316397
102413,0,unclassified,15,1268.71,1220.0,1.3808483361497583
102413,0,unclassified,16,1374.0,1210.0,4.562602049412189
102413,0,unclassified,17,1432.0,1010.0,12.076876328378207
102413,0,unclassified,18,1349.86,795.0,16.943336664038952
102413,0,unclassified,19,1193.0,600.0,19.805214319011405
102413,0,unclassified,20,787.62,445.0,13.801080958920007
102413,0,unclassified,21,442.04,255.0,10.01891382459804
102413,0,unclassified,22,360.6,345.0,0.830539534499923
102413,0,unclassified,23,374.69,565.0,8.77979356129644
102414,0,unclassified,0,214.05,0.0,20.690577565645672
102414,0,unclassified,1,166.18,0.0,18.230743265155155
102414,0,unclassified,2,74.12,0.0,12.175385004179539
102414,0,unclassified,3,28.0,30.0,0.3713906763541037
102414,0,unclassified,4,57.16,20.0,5.982663739714836
102414,0,unclassified,5,128.94,5.0,15.145072000921468
102414,0,unclassified,6,220.81,560.0,17.166642160109227
102414,0,unclassified,7,655.45,1425.0,23.86015161434903
102414,0,unclassified,8,852.57,1245.0,12.117665689611401
102414,0,unclassified,9,729.29,1190.0,14.87210135575975
102414,0,unclassified,10,715.64,870.0,5.4821065377755485
102414,0,unclassified,11,826.59,945.0,3.978522045241284
102414,0,unclassified,12,1070.29,1115.0,1.3525867492509938
102414,0,unclassified,13,895.26,1115.0,6.931033571461649
102414,0,unclassified,14,916.36,1045.0,4.107829148001803
102414,0,unclassified,15,967.56,915.0,1.7131521713088325
102414,0,unclassified,16,1191.64,1310.0,3.3466288305560004
102414,0,unclassified,17,1283.43,1560.0,7.334977684881677
102414,0,unclassified,18,1228.86,1235.0,0.17493445466496757
102414,0,unclassified,19,942.0,1195.0,7.73986272261363
102414,0,unclassified,20,776.38,930.0,5.259262919705083
102414,0,unclassified,21,455.55,950.0,18.651519958322925
102414,0,unclassified,22,328.03,920.0,23.697480978218504
102414,0,unclassified,23,317.71,515.0,9.668813439770839
102415,0,unclassified,0,214.05,0.0,20.690577565645672
102415,0,unclassified,1,166.18,0.0,18.230743265155155
102415,0,unclassified,2,74.12,0.0,12.175385004179539
102415,0,unclassified,3,28.0,5.0,5.662208585049306
102415,0,unclassified,4,57.16,25.0,5.017655294490944
102415,0,unclassified,5,128.94,10.0,14.270174529407665
102415,0,unclassified,6,220.81,265.0,2.8353441098315417
102415,0,unclassified,7,655.45,1050.0,13.511312844242266
102415,0,unclassified,8,852.57,1230.0,11.696383808700661
102415,0,unclassified,9,729.29,950.0,7.616828158541834
102415,0,unclassified,10,715.64,1050.0,11.253256935999046
102415,0,unclassified,11,826.59,1240.0,12.860824553319729
102415,0,unclassified,12,1070.29,1080.0,0.29613225254928294
102415,0,unclassified,13,895.26,1045.0,4.807539502205843
102415,0,unclassified,14,916.36,940.0,0.7759457684885772
102415,0,unclassified,15,967.56,1290.0,9.597193684331637
102415,0,unclassified,16,1191.64,1285.0,2.6530436745492554
102415,0,unclassified,17,1283.43,1055.0,6.680453580046179
102415,0,unclassified,18,1228.86,855.0,11.582164537419503
102415,0,unclassified,19,942.0,620.0,11.522065898128663
102415,0,unclassified,20,776.38,470.0,12.272984166144422
102415,0,unclassified,21,455.55,265.0,10.039033181442191
102415,0,unclassified,22,328.03,380.0,2.7621158171608493
102415,0,unclassified,23,317.71,585.0,12.581243912065824
102443,0,unclassified,0,530.24,0.0,32.56501189927619
102443,0,unclassified,1,353.74,0.0,26.598496198093606
102443,0,unclassified,2,272.15,0.0,23.330237889914454
102443,0,unclassified,3,197.01,35.0,15.041926693070732
102443,0,unclassified,4,205.51,125.0,6.262857387092128
102443,0,unclassified,5,254.71,10.0,21.270688169652804
102443,0,unclassified,6,404.44,640.0,10.308009151130907
102443,0,unclassified,7,912.07,1960.0,27.653478022001966
102443,0,unclassified,8,1273.43,1925.0,16.293247427629225
102443,0,unclassified,9,1181.57,1960.0,19.64089130516353
102443,0,unclassified,10,1053.03,2020.0,24.66860541128317
102443,0,unclassified,11,1042.22,1695.0,17.645216261695023
102443,0,unclassified,12,1154.54,1710.0,14.677103004139946
102443,0,unclassified,13,1038.67,1660.0,16.9146272107922
102443,0,unclassified,14,1145.88,1765.0,16.22847386328062
102443,0,unclassified,15,1138.25,1610.0,12.726201294951213
102443,0,unclassified,16,1216.5,1705.0,12.781346850576256
102443,0,unclassified,17,1087.06,1775.0,18.185539639525167
102443,0,unclassified,18,1304.42,1620.0,8.25286226331829
102443,0,unclassified,19,1067.77,1650.0,15.794403428609826
102443,0,unclassified,20,989.07,1405.0,12.021725899197058
102443,0,unclassified,21,811.18,1540.0,21.25652854499835
102443,0,unclassified,22,878.79,1035.0,5.049829205692227
102443,0,unclassified,23,846.52,825.0,0.7443916212616423
102690,0,unclassified,0,135.94,0.0,16.488784066752768
102690,0,unclassified,1,11.61,0.0,4.818713521262703
102690,0,unclassified,2,5.0,0.0,3.1622776601683795
102690,0,unclassified,3,0.0,25.0,7.0710678118654755
102690,0,unclassified,4,28.8,20.0,1.7815079263936153
102690,0,unclassified,5,110.0,5.0,13.846989941311527
102690,0,unclassified,6,245.33,245.0,0.021075830876035272
102690,0,unclassified,7,945.74,500.0,16.57873951810027
102690,0,unclassified,8,1285.57,580.0,23.101986727689912
102690,0,unclassified,9,673.86,565.0,4.373933868175194
102690,0,unclassified,10,424.54,550.0,5.68355996354896
102690,0,unclassified,11,426.32,530.0,4.741419343050014
102690,0,unclassified,12,501.15,530.0,1.270573790027012
102690,0,unclassified,13,533.28,570.0,1.563416883474658
102690,0,unclassified,14,502.81,530.0,1.1965035411749154
102690,0,unclassified,15,452.21,535.0,3.7263882987609733
102690,0,unclassified,16,561.14,535.0,1.116574146870798
102690,0,unclassified,17,604.0,560.0,1.8238586790372922
102690,0,unclassified,18,592.0,565.0,1.1225665124001858
102690,0,unclassified,19,518.14,565.0,2.0136082636805885
102690,0,unclassified,20,408.86,505.0,4.497583980242628
102690,0,unclassified,21,240.0,320.0,4.780914437337574
102690,0,unclassified,22,192.69,190.0,0.1944660177576145
102690,0,unclassified,23,185.42,210.0,1.7481051831407797
102812,0,unclassified,0,167.92,0.0,18.32593790232849
102812,0,unclassified,1,125.72,0.0,15.856859714331838
102812,0,unclassified,2,53.51,0.0,10.345047124107266
102812,0,unclassified,3,13.44,0.0,5.184592558726288
102812,0,unclassified,4,3.38,10.0,2.5594398677195658
102812,0,unclassified,5,32.38,10.0,4.861772176149312
102812,0,unclassified,6,95.85,55.0,4.7036435358591495
102812,0,unclassified,7,301.11,350.0,2.7096166504746897
102812,0,unclassified,8,448.86,440.0,0.4202735305367396
102812,0,unclassified,9,396.35,475.0,3.7680565072990717
102812,0,unclassified,10,372.21,390.0,0.9112837473854726
102812,0,unclassified,11,416.0,450.0,1.6339357265295233
102812,0,unclassified,12,665.62,505.0,6.639060855477188
102812,0,unclassified,13,478.08,445.0,1.5397876358490001
102812,0,unclassified,14,455.61,480.0,1.1276631031178823
102812,0,unclassified,15,517.46,465.0,2.3669323496536756
102812,0,unclassified,16,792.64,500.0,11.510916155607616
102812,0,unclassified,17,1093.43,510.0,20.605290995301523
102812,0,unclassified,18,951.29,500.0,16.753039275899926
102812,0,unclassified,19,651.14,515.0,5.6380042366831775
102812,0,unclassified,20,509.66,445.0,2.9595544533912084
102812,0,unclassified,21,286.88,285.0,0.11117839312686753
102812,0,unclassified,22,198.65,265.0,4.357734762379105
102812,0,unclassified,23,214.85,320.0,6.429960052482918
102956,0,unclassified,0,400.22,0.0,28.29204835284996
102956,0,unclassified,1,233.91,0.0,21.62914700121112
102956,0,unclassified,2,180.91,0.0,19.021566707293065
102956,0,unclassified,3,105.33,5.0,13.508247243348027
102956,0,unclassified,4,94.29,5.0,12.672580697748216
102956,0,unclassified,5,130.56,0.0,16.159207901379325
102956,0,unclassified,6,194.1,170.0,1.7861655175958027
102956,0,unclassified,7,504.93,450.0,2.5138469216295913
102956,0,unclassified,8,792.86,565.0,8.744915017106527
102956,0,unclassified,9,652.52,545.0,4.394028463496631
102956,0,unclassified,10,568.83,535.0,1.4400112964818284
102956,0,unclassified,11,685.93,535.0,6.108649222608488
102956,0,unclassified,12,673.93,470.0,8.527002537602275
102956,0,unclassified,13,600.95,475.0,5.430216245978529
102956,0,unclassified,14,748.66,440.0,12.660956757788094
102956,0,unclassified,15,752.15,340.0,17.637180395625403
102956,0,unclassified,16,804.29,470.0,13.243544817517312
102956,0,unclassified,17,775.71,510.0,10.479761194065874
102956,0,unclassified,18,760.29,485.0,11.03240466688479
102956,0,unclassified,19,728.86,535.0,7.711763842870947
102956,0,unclassified,20,590.29,525.0,2.764825729264151
102956,0,unclassified,21,428.29,510.0,3.7724341220988995
102956,0,unclassified,22,415.43,505.0,4.175247160582188
102956,0,unclassified,23,497.86,470.0,1.2664552221809637
103299,0,unclassified,0,133.16,0.0,16.31931371106028
103299,0,unclassified,1,104.88,0.0,14.483093592185337
103299,0,unclassified,2,36.41,0.0,8.53346354067327
103299,0,unclassified,3,61.67,5.0,9.815286547396344
103299,0,unclassified,4,105.29,5.0,13.505310105052702
103299,0,unclassified,5,126.58,0.0,15.911002482559041
103299,0,unclassified,6,168.68,65.0,9.591780116653569
103299,0,unclassified,7,304.71,290.0,0.8530511051854063
103299,0,unclassified,8,432.71,545.0,5.078682357959601
103299,0,unclassified,9,402.14,405.0,0.1423661025094889
103299,0,unclassified,10,423.89,480.0,2.639352981239331
103299,0,unclassified,11,450.47,560.0,4.8728873701387805
103299,0,unclassified,12,409.71,460.0,2.4116229138226477
103299,0,unclassified,13,432.87,435.0,0.10225092916339447
103299,0,unclassified,14,534.77,475.0,2.6600329835591703
103299,0,unclassified,15,517.28,500.0,0.7661935344564335
103299,0,unclassified,16,552.09,505.0,2.048272367119036
103299,0,unclassified,17,601.0,440.0,7.056925118134576
103299,0,unclassified,18,518.0,310.0,10.222642293406201
103299,0,unclassified,19,343.14,230.0,6.683451680347602
103299,0,unclassified,20,246.53,180.0,4.555727405506245
103299,0,unclassified,21,182.61,180.0,0.19383652560783646
103299,0,unclassified,22,153.69,140.0,1.1297279312643724
103299,0,unclassified,23,164.26,180.0,1.199710455201681
103300,0,unclassified,0,133.16,0.0,16.31931371106028
103300,0,unclassified,1,104.88,0.0,14.483093592185337
103300,0,unclassified,2,36.41,0.0,8.53346354067327
103300,0,unclassified,3,61.67,10.0,8.631469835564205
103300,0,unclassified,4,105.29,0.0,14.511374848717816
103300,0,unclassified,5,126.58,5.0,14.989329132422748
103300,0,unclassified,6,168.68,75.0,8.486955731995327
103300,0,unclassified,7,304.71,455.0,7.711185680174059
103300,0,unclassified,8,432.71,455.0,1.0580093609108872
103300,0,unclassified,9,402.14,605.0,9.039959743974915
103300,0,unclassified,10,423.89,550.0,5.714912301375239
103300,0,unclassified,11,450.47,515.0,2.9370224837316448
103300,0,unclassified,12,409.71,485.0,3.5596815635815906
103300,0,unclassified,13,432.87,280.0,8.097148312399353
103300,0,unclassified,14,534.77,445.0,4.0558711941874925
103300,0,unclassified,15,517.28,415.0,4.737317945728052
103300,0,unclassified,16,552.09,590.0,1.586421612429561
103300,0,unclassified,17,601.0,575.0,1.0722219284950192
103300,0,unclassified,18,518.0,635.0,4.872885491117181
103300,0,unclassified,19,343.14,280.0,3.5770644109443888
103300,0,unclassified,20,246.53,250.0,0.2202275898424514
103300,0,unclassified,21,182.61,145.0,2.938595142588515
103300,0,unclassified,22,153.69,120.0,2.8799605846986784
103300,0,unclassified,23,164.26,195.0,2.293582827039465
103325,0,unclassified,0,223.89,0.0,21.160812838830175
103325,0,unclassified,1,155.38,0.0,17.628386199536248
103325,0,unclassified,2,95.0,0.0,13.784048752090222
103325,0,unclassified,3,32.0,0.0,8.0
103325,0,unclassified,4,22.76,10.0,3.152780426865217
103325,0,unclassified,5,75.56,15.0,8.999795835925347
103325,0,unclassified,6,145.41,40.0,10.947885186887044
103325,0,unclassified,7,388.38,770.0,15.856984428912837
103325,0,unclassified,8,691.57,1120.0,14.235322538632127
103325,0,unclassified,9,627.57,1155.0,17.66674456652922
103325,0,unclassified,10,633.31,855.0,8.126703244768553
103325,0,unclassified,11,647.79,920.0,9.722436792121114
103325,0,unclassified,12,642.14,905.0,9.450933212031494
103325,0,unclassified,13,558.43,725.0,6.575453187492001
103325,0,unclassified,14,676.64,825.0,5.414382188421811
103325,0,unclassified,15,671.49,735.0,2.394907732494083
103325,0,unclassified,16,663.43,830.0,6.095640529419797
103325,0,unclassified,17,655.39,1010.0,12.288758233501621
103325,0,unclassified,18,641.0,1100.0,15.557087622738095
103325,0,unclassified,19,606.86,960.0,12.616730129964635
103325,0,unclassified,20,620.86,670.0,1.9342409708959218
103325,0,unclassified,21,439.14,450.0,0.515062283431318
103325,0,unclassified,22,323.33,465.0,7.1357374887571785
103325,0,unclassified,23,313.29,385.0,3.8377511366452732
103330,0,unclassified,0,219.84,0.0,20.96854787532985
103330,0,unclassified,1,154.29,0.0,17.566445286397588
103330,0,unclassified,2,97.7,0.0,13.978555004005242
103330,0,unclassified,3,34.12,0.0,8.260750571225353
103330,0,unclassified,4,23.03,25.0,0.4019989610542993
103330,0,unclassified,5,59.59,10.0,8.406896251530167
103330,0,unclassified,6,143.51,160.0,1.3385948540622004
103330,0,unclassified,7,388.4,1095.0,25.945347606539418
103330,0,unclassified,8,706.29,1320.0,19.280904216349054
103330,0,unclassified,9,623.71,1380.0,23.893838448816826
103330,0,unclassified,10,617.4,1155.0,18.058987076190334
103330,0,unclassified,11,645.45,1130.0,16.2629517162266
103330,0,unclassified,12,633.24,1225.0,19.413762008682767
103330,0,unclassified,13,560.3,1110.0,19.02144449130591
103330,0,unclassified,14,678.3,1015.0,11.571539975826633
103330,0,unclassified,15,659.93,1085.0,14.390850057020732
103330,0,unclassified,16,655.21,1140.0,16.181211009391397
103330,0,unclassified,17,644.14,1340.0,22.09279762355151
103330,0,unclassified,18,640.71,1295.0,21.031252314926753
103330,0,unclassified,19,604.0,930.0,11.771177758188138
103330,0,unclassified,20,624.38,675.0,1.9859533821157886
103330,0,unclassified,21,441.84,555.0,5.068683903993105
103330,0,unclassified,22,323.17,650.0,14.816395270483458
103330,0,unclassified,23,312.71,575.0,12.449765602212487
103784,0,unclassified,0,201.9,0.0,20.094775440397438
103784,0,unclassified,1,143.14,0.0,16.919810873647496
103784,0,unclassified,2,62.96,0.0,11.22140811128443
103784,0,unclassified,3,25.38,0.0,7.12460525222275
103784,0,unclassified,4,91.72,0.0,13.54400236266961
103784,0,unclassified,5,154.62,0.0,17.585221067703415
103784,0,unclassified,6,242.06,95.0,11.328070710420779
103784,0,unclassified,7,463.64,715.0,10.354296036564476
103784,0,unclassified,8,555.43,880.0,12.11524954663164
103784,0,unclassified,9,596.0,880.0,10.454184468418806
103784,0,unclassified,10,564.81,830.0,10.041870466530254
103784,0,unclassified,11,552.3,955.0,14.668873989775456
103784,0,unclassified,12,555.04,955.0,14.55584196455424
103784,0,unclassified,13,507.87,705.0,8.004986295122547
103784,0,unclassified,14,597.09,725.0,4.974953050644974
103784,0,unclassified,15,576.11,630.0,2.1944703749076933
103784,0,unclassified,16,593.5,670.0,3.0436086510743032
103784,0,unclassified,17,574.43,650.0,3.054199763274196
103784,0,unclassified,18,599.57,720.0,4.688495110871089
103784,0,unclassified,19,632.86,585.0,1.9394965385676664
103784,0,unclassified,20,618.62,405.0,9.442511603408931
103784,0,unclassified,21,441.74,400.0,2.034597280905711
103784,0,unclassified,22,335.4,255.0,4.6794829816561725
103784,0,unclassified,23,320.14,255.0,3.8412800039457813
103805,0,unclassified,0,181.53,0.0,19.0541334098405
103805,0,unclassified,1,155.87,0.0,17.656160398002733
103805,0,unclassified,2,98.67,0.0,14.047775624631823
103805,0,unclassified,3,22.96,0.0,6.776429738438966
103805,0,unclassified,4,70.0,0.0,11.832159566199232
103805,0,unclassified,5,129.5,0.0,16.09347693943108
103805,0,unclassified,6,172.08,60.0,10.404573014162189
103805,0,unclassified,7,369.28,435.0,3.2772450635624524
103805,0,unclassified,8,520.57,710.0,7.63678555364757
103805,0,unclassified,9,401.0,600.0,8.895104109726717
103805,0,unclassified,10,401.24,520.0,5.53348571882367
103805,0,unclassified,11,420.28,665.0,10.50542343595095
103805,0,unclassified,12,457.01,725.0,11.023588959159108
103805,0,unclassified,13,432.06,740.0,12.72055854093544
103805,0,unclassified,14,513.59,725.0,8.495261257065723
103805,0,unclassified,15,500.34,670.0,7.013558700074226
103805,0,unclassified,16,534.36,595.0,2.5518667287087857
103805,0,unclassified,17,556.86,655.0,3.986895256265273
103805,0,unclassified,18,513.0,735.0,8.887112536182336
103805,0,unclassified,19,451.86,645.0,8.247296825543167
103805,0,unclassified,20,367.19,720.0,15.132237869099047
103805,0,unclassified,21,252.85,650.0,18.692257861469898
103805,0,unclassified,22,228.79,415.0,10.37876992508713
103805,0,unclassified,23,232.65,385.0,8.669343947956998
10385,0,unclassified,0,210.55,0.0,20.52072123488841
10385,0,unclassified,1,138.55,0.0,16.646320914844818
10385,0,unclassified,2,74.45,0.0,12.20245876862528
10385,0,unclassified,3,28.89,10.0,4.28378814055026
10385,0,unclassified,4,105.69,25.0,9.981907345394808
10385,0,unclassified,5,145.0,10.0,15.33496952467075
10385,0,unclassified,6,298.93,325.0,1.4760059051221668
10385,0,unclassified,7,933.57,1285.0,10.551574321726404
10385,0,unclassified,8,1068.0,1205.0,4.063832948265988
10385,0,unclassified,9,928.14,1205.0,8.477455770754943
10385,0,unclassified,10,898.25,1200.0,9.316089683272413
10385,0,unclassified,11,939.41,1265.0,9.807083416789657
10385,0,unclassified,12,1053.42,1290.0,6.911430723428396
10385,0,unclassified,13,975.19,1070.0,2.964847187576758
10385,0,unclassified,14,1015.42,1115.0,3.0510863889988644
10385,0,unclassified,15,981.63,1110.0,3.9695027569969517
10385,0,unclassified,16,1107.67,1050.0,1.7557894599991002
10385,0,unclassified,17,1179.67,980.0,6.076228788376247
10385,0,unclassified,18,1215.0,920.0,9.02896717479689
10385,0,unclassified,19,1204.83,865.0,10.56353741016081
10385,0,unclassified,20,1034.78,840.0,6.361861401475017
10385,0,unclassified,21,656.06,690.0,1.308261697048525
10385,0,unclassified,22,439.0,605.0,7.265622618237981
10385,0,unclassified,23,355.25,865.0,20.63705987089078
10387,0,unclassified,0,351.07,0.0,26.497924447020374
10387,0,unclassified,1,238.42,0.0,21.83666641225258
10387,0,unclassified,2,167.5,0.0,18.303005217723125
10387,0,unclassified,3,15.0,10.0,1.4142135623730951
10387,0,unclassified,4,144.44,0.0,16.996470221784286
10387,0,unclassified,5,177.5,0.0,18.841443681416774
10387,0,unclassified,6,433.2,270.0,8.703535823800433
10387,0,unclassified,7,1104.43,1455.0,9.79982044227245
10387,0,unclassified,8,1417.86,1575.0,4.062174220459501
10387,0,unclassified,9,1205.29,1560.0,9.539334737778384
10387,0,unclassified,10,1086.11,1425.0,9.564028968531368
10387,0,unclassified,11,1142.46,1445.0,8.411258458653052
10387,0,unclassified,12,1339.3,1790.0,11.394071904836661
10387,0,unclassified,13,1334.16,1455.0,3.2358546113880604
10387,0,unclassified,14,1378.62,1345.0,0.9110442042323381
10387,0,unclassified,15,1355.28,1335.0,0.5529478923049096
10387,0,unclassified,16,1550.5,1570.0,0.4936708860759494
10387,0,unclassified,17,1700.33,1950.0,5.844068466145633
10387,0,unclassified,18,1607.67,1875.0,6.406289105469101
10387,0,unclassified,19,1446.17,1810.0,9.016956383138071
10387,0,unclassified,20,1102.94,1575.0,12.900655523096761
10387,0,unclassified,21,606.56,575.0,1.298446626276099
10387,0,unclassified,22,427.24,445.0,0.8504327173026194
10387,0,unclassified,23,495.68,635.0,5.8594736894260775
104875,0,unclassified,0,157.47,0.0,17.74654896029084
104875,0,unclassified,1,135.32,0.0,16.451139778143034
104875,0,unclassified,2,49.57,0.0,9.956907150315303
104875,0,unclassified,3,2.05,0.0,2.0248456731316584
104875,0,unclassified,4,19.38,0.0,6.2257529665093525
104875,0,unclassified,5,41.67,0.0,9.129074432821763
104875,0,unclassified,6,136.07,55.0,8.294284330904524
104875,0,unclassified,7,343.14,385.0,2.1938492263586893
104875,0,unclassified,8,486.71,725.0,9.681027840849017
104875,0,unclassified,9,387.71,705.0,13.574346278332419
104875,0,unclassified,10,375.17,545.0,7.9176330925138005
104875,0,unclassified,11,423.91,690.0,11.27505060989979
104875,0,unclassified,12,586.76,855.0,9.990611062373647
104875,0,unclassified,13,467.46,750.0,11.451637394466406
104875,0,unclassified,14,467.51,595.0,5.531266784030593
104875,0,unclassified,15,490.93,710.0,8.94003170784591
104875,0,unclassified,16,710.0,900.0,6.6966200800772935
104875,0,unclassified,17,758.71,980.0,7.505216257679205
104875,0,unclassified,18,726.43,970.0,8.363168018094616
104875,0,unclassified,19,607.86,960.0,12.576990056732395
104875,0,unclassified,20,446.09,630.0,7.928591534823976
104875,0,unclassified,21,251.14,305.0,3.229901518384575
104875,0,unclassified,22,201.3,310.0,6.798398932554403
104875,0,unclassified,23,213.98,350.0,8.100016746045394
104893,0,unclassified,0,113.78,0.0,15.085091978506462
104893,0,unclassified,1,19.26,0.0,6.20644825967316
104893,0,unclassified,2,2.5,0.0,2.23606797749979
104893,0,unclassified,3,0.0,0.0,
104893,0,unclassified,4,0.0,0.0,
104893,0,unclassified,5,52.35,0.0,10.232301793829187
104893,0,unclassified,6,164.3,25.0,14.318278559172029
104893,0,unclassified,7,435.76,295.0,7.363882877456515
104893,0,unclassified,8,551.57,545.0,0.28058353808370146
104893,0,unclassified,9,457.43,470.0,0.5837268973329183
104893,0,unclassified,10,348.32,405.0,2.9204857434415983
104893,0,unclassified,11,335.96,470.0,6.677173681255127
104893,0,unclassified,12,389.12,630.0,10.670949829539166
104893,0,unclassified,13,347.96,525.0,8.474014964511706
104893,0,unclassified,14,369.11,440.0,3.5244892462049275
104893,0,unclassified,15,373.06,555.0,8.446079420035884
104893,0,unclassified,16,429.29,610.0,7.927364170713312
104893,0,unclassified,17,466.86,665.0,8.328960460416063
104893,0,unclassified,18,471.57,665.0,8.114107092584
104893,0,unclassified,19,395.29,650.0,11.141472581869955
104893,0,unclassified,20,335.38,435.0,5.0758529923847435
104893,0,unclassified,21,221.33,240.0,1.22928750437346
104893,0,unclassified,22,176.46,255.0,5.347313237996088
104893,0,unclassified,23,167.62,290.0,8.090455031140083
104894,0,unclassified,0,113.78,0.0,15.085091978506462
104894,0,unclassified,1,19.26,0.0,6.20644825967316
104894,0,unclassified,2,2.5,0.0,2.23606797749979
104894,0,unclassified,3,0.0,0.0,
104894,0,unclassified,4,0.0,5.0,3.1622776601683795
104894,0,unclassified,5,52.35,0.0,10.232301793829187
104894,0,unclassified,6,164.3,60.0,9.848830641361905
104894,0,unclassified,7,435.76,710.0,11.457740182182118
104894,0,unclassified,8,551.57,880.0,12.275848605802148
104894,0,unclassified,9,457.43,730.0,11.186366485406202
104894,0,unclassified,10,348.32,720.0,16.081757567628635
104894,0,unclassified,11,335.96,815.0,19.969015827147977
104894,0,unclassified,12,389.12,640.0,11.05981925666282
104894,0,unclassified,13,347.96,590.0,11.176607074372454
104894,0,unclassified,14,369.11,540.0,8.015367331047125
104894,0,unclassified,15,373.06,405.0,1.6193598422657725
104894,0,unclassified,16,429.29,505.0,3.502897212660813
104894,0,unclassified,17,466.86,575.0,4.738017721843737
104894,0,unclassified,18,471.57,690.0,9.063680544801219
104894,0,unclassified,19,395.29,560.0,7.53645914590065
104894,0,unclassified,20,335.38,390.0,2.8680314215541025
104894,0,unclassified,21,221.33,245.0,1.5501244914979593
104894,0,unclassified,22,176.46,235.0,4.081350614166295
104894,0,unclassified,23,167.62,280.0,7.511891114064235
10490,0,unclassified,0,165.2,0.0,18.17690842800282
10490,0,unclassified,1,119.28,0.0,15.445387661046258
10490,0,unclassified,2,80.0,0.0,12.649110640673518
10490,0,unclassified,3,15.11,5.0,3.188306893219436
10490,0,unclassified,4,26.52,30.0,0.6546258716603965
10490,0,unclassified,5,81.27,5.0,11.612850769824021
10490,0,unclassified,6,183.0,155.0,2.1538461538461537
10490,0,unclassified,7,575.93,840.0,9.924603645297955
10490,0,unclassified,8,918.0,905.0,0.43059106706057454
10490,0,unclassified,9,685.71,990.0,10.512433156637162
10490,0,unclassified,10,588.64,780.0,7.315121532791761
10490,0,unclassified,11,623.31,585.0,1.5586118181612725
10490,0,unclassified,12,755.98,400.0,14.806944086351935
10490,0,unclassified,13,689.9,390.0,12.906238697411656
10490,0,unclassified,14,718.37,460.0,10.64427887617449
10490,0,unclassified,15,762.88,475.0,11.57143496228142
10490,0,unclassified,16,886.5,480.0,15.551444319326873
10490,0,unclassified,17,1002.14,400.0,22.741378503983196
10490,0,unclassified,18,915.85,465.0,17.158282728288178
10490,0,unclassified,19,828.26,385.0,17.996854278603585
10490,0,unclassified,20,593.86,360.0,10.7084995961399
10490,0,unclassified,21,311.14,425.0,5.934798372042054
10490,0,unclassified,22,216.0,665.0,21.393083418740282
10490,0,unclassified,23,242.9,590.0,17.00878065241676
10491,0,unclassified,0,165.2,0.0,18.17690842800282
10491,0,unclassified,1,119.28,0.0,15.445387661046258
10491,0,unclassified,2,80.0,0.0,12.649110640673518
10491,0,unclassified,3,15.11,5.0,3.188306893219436
10491,0,unclassified,4,26.52,5.0,5.420809687212291
10491,0,unclassified,5,81.27,15.0,9.551827758312147
10491,0,unclassified,6,183.0,130.0,4.236612064980387
10491,0,unclassified,7,575.93,650.0,2.9917445326555008
10491,0,unclassified,8,918.0,630.0,10.351946227530089
10491,0,unclassified,9,685.71,555.0,5.247937705268334
10491,0,unclassified,10,588.64,575.0,0.565483643188093
10491,0,unclassified,11,623.31,660.0,1.4484280288718259
10491,0,unclassified,12,755.98,820.0,2.2806325411775603
10491,0,unclassified,13,689.9,720.0,1.1336717854577936
10491,0,unclassified,14,718.37,630.0,3.403418162612302
10491,0,unclassified,15,762.88,625.0,5.234079488428642
10491,0,unclassified,16,886.5,820.0,2.276583043626305
10491,0,unclassified,17,1002.14,990.0,0.3846571032389671
10491,0,unclassified,18,915.85,975.0,1.9237171105661672
10491,0,unclassified,19,828.26,985.0,5.205528153388852
10491,0,unclassified,20,593.86,635.0,1.6596942187721968
10491,0,unclassified,21,311.14,340.0,1.5994627749379868
10491,0,unclassified,22,216.0,250.0,2.2274140590734226
10491,0,unclassified,23,242.9,390.0,8.269135771948328
10684,0,unclassified,0,166.36,0.0,18.240614024752567
10684,0,unclassified,1,127.6,0.0,15.974980438172686
10684,0,unclassified,2,20.45,0.0,6.395310782127793
10684,0,unclassified,3,1.67,0.0,1.8275666882497066
10684,0,unclassified,4,4.0,0.0,2.8284271247461903
10684,0,unclassified,5,50.23,10.0,7.330922002038133
10684,0,unclassified,6,235.69,205.0,2.0674989058528843
10684,0,unclassified,7,752.2,835.0,2.9392024922285587
10684,0,unclassified,8,930.14,920.0,0.33338853179270866
10684,0,unclassified,9,710.29,780.0,2.5537282860455095
10684,0,unclassified,10,582.07,495.0,3.7519891821578
10684,0,unclassified,11,566.07,545.0,0.8939409308362344
10684,0,unclassified,12,681.54,700.0,0.7023683976460243
10684,0,unclassified,13,630.19,605.0,1.0136225923094955
10684,0,unclassified,14,648.57,660.0,0.446851014702242
10684,0,unclassified,15,643.14,565.0,3.179287283533023
10684,0,unclassified,16,797.93,780.0,0.638339061568455
10684,0,unclassified,17,950.29,1075.0,3.918976577826796
10684,0,unclassified,18,896.14,955.0,1.9347088708719822
10684,0,unclassified,19,680.71,775.0,3.4949679772952726
10684,0,unclassified,20,601.71,410.0,8.52377041612045
10684,0,unclassified,21,352.32,215.0,8.153324838097197
10684,0,unclassified,22,264.38,350.0,4.88508007016303
10684,0,unclassified,23,273.82,285.0,0.6688378326496277
10685,0,unclassified,0,400.51,0.0,28.302296726590935
10685,0,unclassified,1,303.88,0.0,24.652788888886384
10685,0,unclassified,2,18.82,0.0,6.135144660071187
10685,0,unclassified,3,0.0,0.0,
10685,0,unclassified,4,2.31,5.0,1.4070469507983825
10685,0,unclassified,5,117.68,15.0,12.606604448902262
10685,0,unclassified,6,527.95,215.0,16.237163364437365
10685,0,unclassified,7,1511.6,885.0,18.10121016848178
10685,0,unclassified,8,1878.43,1045.0,21.79906053251278
10685,0,unclassified,9,1437.57,860.0,17.040614391983343
10685,0,unclassified,10,1178.71,510.0,23.013108128081623
10685,0,unclassified,11,1151.52,585.0,19.22606248870809
10685,0,unclassified,12,1396.0,725.0,20.60474213371724
10685,0,unclassified,13,1279.66,645.0,20.458750920553936
10685,0,unclassified,14,1346.27,670.0,21.29907661712876
10685,0,unclassified,15,1309.62,620.0,22.201839057348945
10685,0,unclassified,16,1623.93,850.0,22.005081222681365
10685,0,unclassified,17,1929.29,1150.0,19.860437231544363
10685,0,unclassified,18,1831.14,975.0,22.85625743474944
10685,0,unclassified,19,1416.43,855.0,16.659460555159477
10685,0,unclassified,20,1233.61,430.0,27.863429480022372
10685,0,unclassified,21,730.6,285.0,19.774195971254322
10685,0,unclassified,22,567.59,400.0,7.619341043742786
10685,0,unclassified,23,573.62,285.0,13.929672953482966
10689,0,unclassified,0,175.42,0.0,18.73072342436351
10689,0,unclassified,1,130.18,0.0,16.135674761223964
10689,0,unclassified,2,41.62,0.0,9.123595782365635
10689,0,unclassified,3,7.8,0.0,3.9496835316262997
10689,0,unclassified,4,80.0,0.0,12.649110640673518
10689,0,unclassified,5,105.36,0.0,14.516197849299244
10689,0,unclassified,6,188.85,50.0,12.70569012058119
10689,0,unclassified,7,529.79,585.0,2.3384937461993887
10689,0,unclassified,8,817.0,850.0,1.143039234786605
10689,0,unclassified,9,685.14,785.0,3.683216202949669
10689,0,unclassified,10,691.86,685.0,0.2614533567087353
10689,0,unclassified,11,741.14,750.0,0.3244811776637394
10689,0,unclassified,12,895.37,940.0,1.473262282042948
10689,0,unclassified,13,661.38,810.0,5.479359943762067
10689,0,unclassified,14,738.24,755.0,0.6133723640340364
10689,0,unclassified,15,827.54,900.0,2.4654674407084776
10689,0,unclassified,16,1004.86,955.0,1.5927761624236318
10689,0,unclassified,17,1152.86,1130.0,0.6766305223633193
10689,0,unclassified,18,929.71,870.0,1.9904936851168427
10689,0,unclassified,19,584.36,920.0,12.23806686196644
10689,0,unclassified,20,351.37,625.0,12.38430088316078
10689,0,unclassified,21,231.65,415.0,10.196738251310883
10689,0,unclassified,22,204.07,335.0,7.975016385017119
10689,0,unclassified,23,226.8,340.0,6.724291065360471
10738,0,unclassified,0,126.61,0.0,15.912887858588082
10738,0,unclassified,1,72.07,0.0,12.00583191619806
10738,0,unclassified,2,30.55,0.0,7.816648898345122
10738,0,unclassified,3,10.19,0.0,4.514421336118285
10738,0,unclassified,4,5.71,15.0,2.886959307216822
10738,0,unclassified,5,30.7,5.0,6.082946728055289
10738,0,unclassified,6,124.36,65.0,6.1004906754110655
10738,0,unclassified,7,466.2,185.0,15.583791113029761
10738,0,unclassified,8,833.86,350.0,19.88769932718654
10738,0,unclassified,9,633.71,335.0,13.572750575152604
10738,0,unclassified,10,521.1,340.0,8.727837536665463
10738,0,unclassified,11,485.99,355.0,6.387894341366175
10738,0,unclassified,12,551.69,505.0,2.031257926313997
10738,0,unclassified,13,489.12,385.0,4.98039316843603
10738,0,unclassified,14,531.57,405.0,5.848919669683626
10738,0,unclassified,15,528.75,430.0,4.510237521822931
10738,0,unclassified,16,546.21,485.0,2.6956519623531285
10738,0,unclassified,17,626.57,550.0,3.156928600119628
10738,0,unclassified,18,607.14,625.0,0.7195590240006229
10738,0,unclassified,19,562.71,455.0,4.774841972060661
10738,0,unclassified,20,473.38,335.0,6.883043971748918
10738,0,unclassified,21,270.12,195.0,4.925928115782607
10738,0,unclassified,22,204.09,320.0,7.160328827393857
10738,0,unclassified,23,204.12,280.0,4.877146574017787
10739,0,unclassified,0,126.61,0.0,15.912887858588082
10739,0,unclassified,1,72.07,0.0,12.00583191619806
10739,0,unclassified,2,30.55,0.0,7.816648898345122
10739,0,unclassified,3,10.19,15.0,1.3553329303620787
10739,0,unclassified,4,5.71,15.0,2.886959307216822
10739,0,unclassified,5,30.7,25.0,1.080095746803087
10739,0,unclassified,6,124.36,160.0,2.9889485569135594
10739,0,unclassified,7,466.2,665.0,8.359141554295661
10739,0,unclassified,8,833.86,945.0,3.7266148094792544
10739,0,unclassified,9,633.71,930.0,10.596291206910209
10739,0,unclassified,10,521.1,685.0,6.6742472723161
10739,0,unclassified,11,485.99,550.0,2.8124515094635694
10739,0,unclassified,12,551.69,560.0,0.3524716341951946
10739,0,unclassified,13,489.12,605.0,4.95439930365521
10739,0,unclassified,14,531.57,590.0,2.467389385222561
10739,0,unclassified,15,528.75,540.0,0.4866642633922876
10739,0,unclassified,16,546.21,480.0,2.9229437956724365
10739,0,unclassified,17,626.57,600.0,1.072902810862447
10739,0,unclassified,18,607.14,705.0,3.8205872477348994
10739,0,unclassified,19,562.71,455.0,4.774841972060661
10739,0,unclassified,20,473.38,370.0,5.0343090950216585
10739,0,unclassified,21,270.12,380.0,6.094483214403753
10739,0,unclassified,22,204.09,360.0,9.283564710725791
10739,0,unclassified,23,204.12,295.0,5.7528205866928195
107688,0,unclassified,0,188.0,0.0,19.390719429665317
107688,0,unclassified,1,40.0,0.0,8.94427190999916
107688,0,unclassified,2,8.0,0.0,4.0
107688,0,unclassified,3,0.0,15.0,5.477225575051661
107688,0,unclassified,4,0.0,20.0,6.324555320336759
107688,0,unclassified,5,265.0,0.0,23.021728866442675
107688,0,unclassified,6,747.67,310.0,19.032098810220944
107688,0,unclassified,7,1085.21,1250.0,4.822618198971681
107688,0,unclassified,8,1133.14,1175.0,1.2322055147430278
107688,0,unclassified,9,904.0,1050.0,4.670953823502183
107688,0,unclassified,10,745.64,1095.0,11.516055491143845
107688,0,unclassified,11,764.49,705.0,2.1947024540119053
107688,0,unclassified,12,732.52,715.0,0.6512336203333321
107688,0,unclassified,13,801.15,575.0,8.62141801557918
107688,0,unclassified,14,923.49,665.0,9.172051863621046
107688,0,unclassified,15,866.91,605.0,9.654425830737768
107688,0,unclassified,16,911.79,890.0,0.7259724533932527
107688,0,unclassified,17,892.43,1015.0,3.968943161204759
107688,0,unclassified,18,799.71,1050.0,8.23012959602468
107688,0,unclassified,19,693.0,825.0,4.791296457028142
107688,0,unclassified,20,542.09,535.0,0.30551689817096556
107688,0,unclassified,21,407.57,450.0,2.0490532256315683
107688,0,unclassified,22,310.0,450.0,7.1818484645960785
107688,0,unclassified,23,287.37,500.0,10.716429353311165
10769,0,unclassified,0,97.0,0.0,13.92838827718412
10769,0,unclassified,1,28.09,0.0,7.495331880577404
10769,0,unclassified,2,14.67,0.0,5.416641025580336
10769,0,unclassified,3,5.56,0.0,3.334666400106613
10769,0,unclassified,4,0.55,0.0,1.0488088481701516
10769,0,unclassified,5,9.81,0.0,4.4294469180700204
10769,0,unclassified,6,90.18,75.0,1.670352142639797
10769,0,unclassified,7,212.93,170.0,3.1025314346691526
10769,0,unclassified,8,477.14,225.0,13.456895777995499
10769,0,unclassified,9,345.71,275.0,4.013760585911613
10769,0,unclassified,10,251.76,210.0,2.748320220291666
10769,0,unclassified,11,314.41,280.0,1.9959819836368047
10769,0,unclassified,12,421.96,275.0,7.872455497210228
10769,0,unclassified,13,332.82,270.0,3.6184210694901426
10769,0,unclassified,14,300.71,265.0,2.123283183482284
10769,0,unclassified,15,300.27,230.0,4.315552681403728
10769,0,unclassified,16,395.07,235.0,9.018421760778299
10769,0,unclassified,17,485.29,280.0,10.494693835512592
10769,0,unclassified,18,423.71,385.0,1.9250488847534182
10769,0,unclassified,19,316.86,355.0,2.080924357645021
10769,0,unclassified,20,243.67,265.0,1.3374815223749748
10769,0,unclassified,21,147.09,130.0,1.4519331941797096
10769,0,unclassified,22,128.29,140.0,1.011043054693628
10769,0,unclassified,23,116.9,155.0,3.267648772913966
107929,0,unclassified,0,613.21,0.0,35.0202798389733
107929,0,unclassified,1,390.75,0.0,27.955321496988727
107929,0,unclassified,2,269.24,0.0,23.20517183732971
107929,0,unclassified,3,190.3,40.0,14.006415625704625
107929,0,unclassified,4,276.32,145.0,9.047734210899824
107929,0,unclassified,5,263.48,20.0,20.451119145539828
107929,0,unclassified,6,417.43,700.0,11.954485402364028
107929,0,unclassified,7,1261.06,2050.0,19.389894595355173
107929,0,unclassified,8,1721.0,1950.0,5.345130193004553
107929,0,unclassified,9,1342.29,1760.0,10.605927982209835
107929,0,unclassified,10,1177.28,1775.0,15.557292364869125
107929,0,unclassified,11,1226.09,1555.0,8.820324311077012
107929,0,unclassified,12,1690.29,1480.0,5.281826405682292
107929,0,unclassified,13,1378.69,1615.0,6.107924845825828
107929,0,unclassified,14,1461.33,2015.0,13.280226802217188
107929,0,unclassified,15,1458.31,1860.0,9.86160356791749
107929,0,unclassified,16,1689.21,1835.0,3.4730564655618625
107929,0,unclassified,17,1765.0,1800.0,0.828997603523657
107929,0,unclassified,18,1783.14,1705.0,1.8710760982905743
107929,0,unclassified,19,1506.0,1795.0,7.113610440482366
107929,0,unclassified,20,1366.52,1745.0,9.595588923334642
107929,0,unclassified,21,841.34,1680.0,23.620289745969107
107929,0,unclassified,22,731.29,1495.0,22.890359177425363
107929,0,unclassified,23,793.43,1525.0,21.486906384040747
108118,0,unclassified,0,84.0,0.0,12.96148139681572
108118,0,unclassified,1,0.0,0.0,
108118,0,unclassified,2,4.44,0.0,2.979932885150268
108118,0,unclassified,3,0.0,10.0,4.47213595499958
108118,0,unclassified,4,0.0,30.0,7.745966692414834
108118,0,unclassified,5,46.67,10.0,6.888890814771537
108118,0,unclassified,6,218.75,180.0,2.74433014821148
108118,0,unclassified,7,532.67,480.0,2.340692394565055
108118,0,unclassified,8,796.5,640.0,5.839511587413248
108118,0,unclassified,9,617.0,605.0,0.4854680364376409
108118,0,unclassified,10,422.78,845.0,16.769953219613534
108118,0,unclassified,11,415.0,685.0,11.512838683202963
108118,0,unclassified,12,498.92,795.0,11.64046574179023
108118,0,unclassified,13,461.76,685.0,9.322893942320963
108118,0,unclassified,14,452.35,680.0,9.56736428230283
108118,0,unclassified,15,435.37,610.0,7.6383373555274385
108118,0,unclassified,16,461.67,595.0,5.800603605325308
108118,0,unclassified,17,548.0,640.0,3.774805723366204
108118,0,unclassified,18,621.14,500.0,5.116496052134535
108118,0,unclassified,19,547.88,445.0,4.617400781460672
108118,0,unclassified,20,387.59,330.0,3.040352139722691
108118,0,unclassified,21,213.33,215.0,0.11411486540942994
108118,0,unclassified,22,160.0,205.0,3.331049445889224
108118,0,unclassified,23,240.0,225.0,0.9837387536759294
108126,0,unclassified,0,231.15,0.0,21.501162759255603
108126,0,unclassified,1,188.53,0.0,19.41803285608509
108126,0,unclassified,2,96.67,0.0,13.904675472660266
108126,0,unclassified,3,14.22,0.0,5.332916650389353
108126,0,unclassified,4,19.2,5.0,4.082212979490089
108126,0,unclassified,5,121.94,25.0,11.309619543350076
108126,0,unclassified,6,218.18,145.0,5.430582813406407
108126,0,unclassified,7,648.62,655.0,0.24989649749869067
108126,0,unclassified,8,1105.33,730.0,12.38999681849865
108126,0,unclassified,9,793.33,805.0,0.4128122994859404
108126,0,unclassified,10,626.42,815.0,7.024499038426355
108126,0,unclassified,11,628.75,775.0,5.520342046779903
108126,0,unclassified,12,784.86,745.0,1.4412072805383833
108126,0,unclassified,13,719.3,775.0,2.0377518438530293
108126,0,unclassified,14,771.32,820.0,1.725785464628884
108126,0,unclassified,15,745.05,870.0,4.397018291106664
108126,0,unclassified,16,880.07,815.0,2.235125872649245
108126,0,unclassified,17,1046.86,815.0,7.599190268533228
108126,0,unclassified,18,1073.0,825.0,8.050420667198825
108126,0,unclassified,19,827.71,740.0,3.1327897165269882
108126,0,unclassified,20,635.16,740.0,3.998208098010527
108126,0,unclassified,21,405.2,710.0,12.90784019865346
108126,0,unclassified,22,344.18,505.0,7.8046813630528336
108126,0,unclassified,23,352.15,275.0,4.356775832533385
108127,0,unclassified,0,265.48,0.0,23.04256930118688
108127,0,unclassified,1,180.74,0.0,19.01262738287373
108127,0,unclassified,2,87.46,0.0,13.225732493892352
108127,0,unclassified,3,9.09,0.0,4.263801121065568
108127,0,unclassified,4,15.0,0.0,5.477225575051661
108127,0,unclassified,5,79.33,10.0,10.373791883550131
108127,0,unclassified,6,150.51,150.0,0.04160597556547922
108127,0,unclassified,7,518.06,985.0,17.032873387383553
108127,0,unclassified,8,578.86,1185.0,20.4106054058925
108127,0,unclassified,9,535.71,935.0,14.72447804463692
108127,0,unclassified,10,498.81,620.0,5.12393502044672
108127,0,unclassified,11,558.56,660.0,4.1096116073207245
108127,0,unclassified,12,702.62,870.0,5.969069891811122
108127,0,unclassified,13,633.55,760.0,4.790408548839916
108127,0,unclassified,14,628.84,835.0,7.620309282721006
108127,0,unclassified,15,672.36,720.0,1.8055560778194681
108127,0,unclassified,16,838.21,995.0,5.17877746019645
108127,0,unclassified,17,879.86,1455.0,16.832869186201982
108127,0,unclassified,18,816.14,1225.0,12.798327678780856
108127,0,unclassified,19,709.29,835.0,4.523977065919368
108127,0,unclassified,20,557.95,440.0,5.280299442504675
108127,0,unclassified,21,308.11,215.0,5.757246352988623
108127,0,unclassified,22,283.74,420.0,7.264023894573359
108127,0,unclassified,23,372.57,320.0,2.8250174656735716
108128,0,unclassified,0,265.48,0.0,23.04256930118688
108128,0,unclassified,1,180.74,0.0,19.01262738287373
108128,0,unclassified,2,87.46,0.0,13.225732493892352
108128,0,unclassified,3,9.09,0.0,4.263801121065568
108128,0,unclassified,4,15.0,0.0,5.477225575051661
108128,0,unclassified,5,79.33,5.0,11.446905050820492
108128,0,unclassified,6,150.51,190.0,3.026475734715731
108128,0,unclassified,7,518.06,855.0,12.859462361109832
108128,0,unclassified,8,578.86,1385.0,25.725878050764255
108128,0,unclassified,9,535.71,1210.0,22.823154328661904
108128,0,unclassified,10,498.81,1075.0,20.54019509252154
108128,0,unclassified,11,558.56,1020.0,16.424784859255105
108128,0,unclassified,12,702.62,1400.0,21.508201200787827
108128,0,unclassified,13,633.55,955.0,11.405858605353735
108128,0,unclassified,14,628.84,970.0,12.066202264875853
108128,0,unclassified,15,672.36,875.0,7.285250537948743
108128,0,unclassified,16,838.21,1230.0,12.183470832530343
108128,0,unclassified,17,879.86,1540.0,18.978239643317057
108128,0,unclassified,18,816.14,1500.0,20.095545340110288
108128,0,unclassified,19,709.29,1270.0,17.823729569080342
108128,0,unclassified,20,557.95,1000.0,15.83833902550228
108128,0,unclassified,21,308.11,515.0,10.198247754794243
108128,0,unclassified,22,283.74,440.0,8.214318342869852
108128,0,unclassified,23,372.57,410.0,1.892226966439491
108136,0,unclassified,0,127.1,0.0,15.943650773897426
108136,0,unclassified,1,63.75,0.0,11.291589790636214
108136,0,unclassified,2,20.0,0.0,6.324555320336759
108136,0,unclassified,3,0.0,0.0,
108136,0,unclassified,4,5.71,0.0,3.3793490497431606
108136,0,unclassified,5,52.38,10.0,7.5884532861902265
108136,0,unclassified,6,194.55,130.0,5.067227905302533
108136,0,unclassified,7,584.0,415.0,7.561691555411341
108136,0,unclassified,8,903.5,520.0,14.374794022745057
108136,0,unclassified,9,619.0,500.0,5.030914261051902
108136,0,unclassified,10,590.0,500.0,3.8551764319030744
108136,0,unclassified,11,597.5,550.0,1.9830435884363067
108136,0,unclassified,12,846.5,695.0,5.457024029200425
108136,0,unclassified,13,761.5,480.0,11.298480361431267
108136,0,unclassified,14,676.0,525.0,6.161982228080832
108136,0,unclassified,15,699.15,475.0,9.2510696308954
108136,0,unclassified,16,838.5,565.0,10.324430854129583
108136,0,unclassified,17,1092.0,650.0,14.976598661334508
108136,0,unclassified,18,1030.5,775.0,8.503684835059671
108136,0,unclassified,19,877.5,655.0,8.037940213209204
108136,0,unclassified,20,676.5,510.0,6.8358947025479875
108136,0,unclassified,21,379.0,360.0,0.9884310499271465
108136,0,unclassified,22,216.32,235.0,1.2435108529226937
108136,0,unclassified,23,176.84,210.0,2.384316105787409
10853,0,unclassified,0,334.82,0.0,25.877403270034648
10853,0,unclassified,1,187.32,0.0,19.355619339096332
10853,0,unclassified,2,130.39,0.0,16.14868415692127
10853,0,unclassified,3,92.89,5.0,12.562766797677602
10853,0,unclassified,4,71.22,0.0,11.934822998268555
10853,0,unclassified,5,113.16,0.0,15.04393565527319
10853,0,unclassified,6,176.41,160.0,1.2652872459445161
10853,0,unclassified,7,455.67,475.0,0.8960845604710205
10853,0,unclassified,8,645.43,580.0,2.643307352893941
10853,0,unclassified,9,567.14,585.0,0.744121452327076
10853,0,unclassified,10,522.25,570.0,2.04327747347255
10853,0,unclassified,11,601.18,530.0,2.993002795966679
10853,0,unclassified,12,596.71,575.0,0.8969428104224466
10853,0,unclassified,13,530.76,570.0,1.6726215070262986
10853,0,unclassified,14,665.77,495.0,7.088486043524499
10853,0,unclassified,15,681.1,395.0,12.334073722555711
10853,0,unclassified,16,706.14,480.0,9.285908709517079
10853,0,unclassified,17,665.57,540.0,5.114517582669608
10853,0,unclassified,18,690.86,565.0,5.02264069599823
10853,0,unclassified,19,650.71,555.0,3.898081209397881
10853,0,unclassified,20,519.95,545.0,1.0855707151734237
10853,0,unclassified,21,377.34,550.0,8.018391147112412
10853,0,unclassified,22,347.0,560.0,10.002094598714399
10853,0,unclassified,23,410.43,410.0,0.02123062049240924
10874,0,unclassified,0,429.93,0.0,29.323369519889763
10874,0,unclassified,1,265.62,0.0,23.04864421175354
10874,0,unclassified,2,214.6,0.0,20.717142660125695
10874,0,unclassified,3,131.58,0.0,16.22220700151493
10874,0,unclassified,4,145.88,30.0,12.357062859017336
10874,0,unclassified,5,182.0,20.0,16.119602481401824
10874,0,unclassified,6,381.75,180.0,12.0380737783802
10874,0,unclassified,7,1109.91,1115.0,0.15260773835940783
10874,0,unclassified,8,1502.14,1730.0,5.66810659315096
10874,0,unclassified,9,1425.57,1455.0,0.7754718605500558
10874,0,unclassified,10,1213.06,1255.0,1.1938934436302955
10874,0,unclassified,11,1197.31,1140.0,1.676437039723679
10874,0,unclassified,12,1275.55,1020.0,7.543059001752434
10874,0,unclassified,13,1157.05,1005.0,4.624540164225358
10874,0,unclassified,14,1309.08,1095.0,6.174711005771187
10874,0,unclassified,15,1264.59,1220.0,1.2651007223615431
10874,0,unclassified,16,1309.79,1095.0,6.194274926946649
10874,0,unclassified,17,1346.0,1250.0,2.6646114319361707
10874,0,unclassified,18,1346.14,1080.0,7.641299485158918
10874,0,unclassified,19,1298.62,910.0,11.694445788550498
10874,0,unclassified,20,1260.62,785.0,14.871768822982954
10874,0,unclassified,21,785.66,675.0,4.094784923019196
10874,0,unclassified,22,625.29,815.0,7.0693624571687215
10874,0,unclassified,23,638.57,740.0,3.863376303421772
109376,0,unclassified,0,178.27,0.0,18.882266813070935
109376,0,unclassified,1,112.59,0.0,15.00599880047976
109376,0,unclassified,2,31.58,0.0,7.947326594522211
109376,0,unclassified,3,8.29,0.0,4.071854614300467
109376,0,unclassified,4,23.59,5.0,4.916853969316038
109376,0,unclassified,5,70.18,15.0,8.455277704563109
109376,0,unclassified,6,226.61,85.0,11.344966751588723
109376,0,unclassified,7,686.01,430.0,10.837718948459884
109376,0,unclassified,8,1006.14,610.0,13.935552937545289
109376,0,unclassified,9,835.77,715.0,4.3371093169213495
109376,0,unclassified,10,645.35,705.0,2.2956320078356867
109376,0,unclassified,11,586.64,645.0,2.3517350317809536
109376,0,unclassified,12,604.17,870.0,9.791409285782379
109376,0,unclassified,13,591.69,785.0,7.368027527729275
109376,0,unclassified,14,626.49,775.0,5.610165772926375
109376,0,unclassified,15,610.56,805.0,7.308638295367735
109376,0,unclassified,16,637.64,1015.0,13.127491054884379
109376,0,unclassified,17,653.57,975.0,11.264143925272089
109376,0,unclassified,18,655.71,1070.0,14.103780506577305
109376,0,unclassified,19,648.14,915.0,9.545518885484809
109376,0,unclassified,20,616.52,730.0,4.373487813742339
109376,0,unclassified,21,393.24,515.0,5.713724878418555
109376,0,unclassified,22,274.22,410.0,7.340961051379661
109376,0,unclassified,23,254.48,505.0,12.855803628855659
109377,0,unclassified,0,178.27,0.0,18.882266813070935
109377,0,unclassified,1,112.59,0.0,15.00599880047976
109377,0,unclassified,2,31.58,0.0,7.947326594522211
109377,0,unclassified,3,8.29,15.0,1.9663135579449196
109377,0,unclassified,4,23.59,15.0,1.9555583203092164
109377,0,unclassified,5,70.18,10.0,9.504606804668432
109377,0,unclassified,6,226.61,170.0,4.020002495025168
109377,0,unclassified,7,686.01,555.0,5.2593467385802475
109377,0,unclassified,8,1006.14,955.0,1.63313250414956
109377,0,unclassified,9,835.77,665.0,6.234038878321338
109377,0,unclassified,10,645.35,450.0,8.347414071315889
109377,0,unclassified,11,586.64,490.0,4.165207710095853
109377,0,unclassified,12,604.17,485.0,5.106626585126743
109377,0,unclassified,13,591.69,530.0,2.6049137251580476
109377,0,unclassified,14,626.49,560.0,2.729853178139103
109377,0,unclassified,15,610.56,625.0,0.5809654036901799
109377,0,unclassified,16,637.64,530.0,4.454861482239319
109377,0,unclassified,17,653.57,495.0,6.616941418526474
109377,0,unclassified,18,655.71,440.0,9.215893853998095
109377,0,unclassified,19,648.14,370.0,12.327491113205822
109377,0,unclassified,20,616.52,355.0,11.86571827123106
109377,0,unclassified,21,393.24,225.0,9.568981331714891
109377,0,unclassified,22,274.22,435.0,8.538007560812146
109377,0,unclassified,23,254.48,375.0,6.793336896772325
109757,0,unclassified,0,27.34,0.0,7.39459261893446
109757,0,unclassified,1,3.89,0.0,2.7892651361962706
109757,0,unclassified,2,1.67,0.0,1.8275666882497066
109757,0,unclassified,3,1.09,0.0,1.47648230602334
109757,0,unclassified,4,1.14,0.0,1.5099668870541498
109757,0,unclassified,5,14.7,5.0,3.0906769912042553
109757,0,unclassified,6,68.72,25.0,6.386736683399553
109757,0,unclassified,7,246.49,105.0,10.672944659401049
109757,0,unclassified,8,406.86,85.0,20.523964370646762
109757,0,unclassified,9,218.26,150.0,5.030417227772684
109757,0,unclassified,10,176.34,135.0,3.313355304879496
109757,0,unclassified,11,196.24,155.0,3.111943262118366
109757,0,unclassified,12,209.81,190.0,1.4011113369981938
109757,0,unclassified,13,185.04,145.0,3.1169208738513783
109757,0,unclassified,14,181.46,185.0,0.2615200383298963
109757,0,unclassified,15,187.42,95.0,7.777378544489785
109757,0,unclassified,16,233.43,165.0,4.8482557602578815
109757,0,unclassified,17,266.0,250.0,0.9961164901835046
109757,0,unclassified,18,256.57,280.0,1.4304546465167884
109757,0,unclassified,19,224.0,225.0,0.06674086442659999
109757,0,unclassified,20,158.86,190.0,2.3578057247805755
109757,0,unclassified,21,105.36,70.0,3.7762608471080834
109757,0,unclassified,22,90.43,75.0,1.6965778356844752
109757,0,unclassified,23,91.57,55.0,4.271863963588799
109758,0,unclassified,0,27.34,0.0,7.39459261893446
109758,0,unclassified,1,3.89,0.0,2.7892651361962706
109758,0,unclassified,2,1.67,0.0,1.8275666882497066
109758,0,unclassified,3,1.09,0.0,1.47648230602334
109758,0,unclassified,4,1.14,0.0,1.5099668870541498
109758,0,unclassified,5,14.7,5.0,3.0906769912042553
109758,0,unclassified,6,68.72,30.0,5.511220321556657
109758,0,unclassified,7,246.49,180.0,4.553201858736865
109758,0,unclassified,8,406.86,345.0,3.1904829149437934
109758,0,unclassified,9,218.26,280.0,3.9115925575204606
109758,0,unclassified,10,176.34,210.0,2.4218334412091913
109758,0,unclassified,11,196.24,145.0,3.9227818051238486
109758,0,unclassified,12,209.81,215.0,0.3561106728636715
109758,0,unclassified,13,185.04,175.0,0.7482958456332184
109758,0,unclassified,14,181.46,185.0,0.2615200383298963
109758,0,unclassified,15,187.42,145.0,3.2903499424099607
109758,0,unclassified,16,233.43,150.0,6.025515342766934
109758,0,unclassified,17,266.0,205.0,3.974974795951555
109758,0,unclassified,18,256.57,250.0,0.41281990934662277
109758,0,unclassified,19,224.0,180.0,3.095829196813284
109758,0,unclassified,20,158.86,85.0,6.688889421724292
109758,0,unclassified,21,105.36,45.0,6.961423747379741
109758,0,unclassified,22,90.43,60.0,3.508728160344928
109758,0,unclassified,23,91.57,110.0,1.8358085371484754
109759,0,unclassified,0,28.0,0.0,7.483314773547883
109759,0,unclassified,1,0.8,0.0,1.2649110640673518
109759,0,unclassified,2,0.88,0.0,1.3266499161421599
109759,0,unclassified,3,0.0,0.0,
109759,0,unclassified,4,0.0,0.0,
109759,0,unclassified,5,4.62,5.0,0.17326508598327015
109759,0,unclassified,6,40.55,25.0,2.716183102878013
109759,0,unclassified,7,143.81,85.0,5.498303094327629
109759,0,unclassified,8,252.71,85.0,12.906307148288992
109759,0,unclassified,9,172.15,165.0,0.5506928751496795
109759,0,unclassified,10,140.15,135.0,0.4390737446323952
109759,0,unclassified,11,160.74,140.0,1.6913292209041015
109759,0,unclassified,12,205.06,195.0,0.7112960766682871
109759,0,unclassified,13,178.15,125.0,4.3170738741536745
109759,0,unclassified,14,181.58,155.0,2.048923867061257
109759,0,unclassified,15,188.35,80.0,9.353908421488457
109759,0,unclassified,16,298.29,175.0,8.014550802925399
109759,0,unclassified,17,350.71,275.0,4.280373790061669
109759,0,unclassified,18,299.71,340.0,2.252789925885842
109759,0,unclassified,19,207.34,275.0,4.356827364759917
109759,0,unclassified,20,150.91,210.0,4.398752534112721
109759,0,unclassified,21,93.92,75.0,2.058711988334375
109759,0,unclassified,22,68.31,65.0,0.4054260287602901
109759,0,unclassified,23,67.08,65.0,0.2559527515453232
109760,0,unclassified,0,28.0,0.0,7.483314773547883
109760,0,unclassified,1,0.8,0.0,1.2649110640673518
109760,0,unclassified,2,0.88,0.0,1.3266499161421599
109760,0,unclassified,3,0.0,0.0,
109760,0,unclassified,4,0.0,0.0,
109760,0,unclassified,5,4.62,5.0,0.17326508598327015
109760,0,unclassified,6,40.55,30.0,1.7763107676593701
109760,0,unclassified,7,143.81,135.0,0.7461681941257583
109760,0,unclassified,8,252.71,275.0,1.3722315626185786
109760,0,unclassified,9,172.15,255.0,5.669141607785161
109760,0,unclassified,10,140.15,180.0,3.1496809989469225
109760,0,unclassified,11,160.74,160.0,0.05843461071040908
109760,0,unclassified,12,205.06,180.0,1.806058698848025
109760,0,unclassified,13,178.15,165.0,1.0039191741822824
109760,0,unclassified,14,181.58,170.0,0.8733965585222324
109760,0,unclassified,15,188.35,135.0,4.195782709671216
109760,0,unclassified,16,298.29,125.0,11.911583383658607
109760,0,unclassified,17,350.71,165.0,11.565049912423108
109760,0,unclassified,18,299.71,225.0,4.612475408017647
109760,0,unclassified,19,207.34,165.0,3.1031016647845275
109760,0,unclassified,20,150.91,80.0,6.599349248695499
109760,0,unclassified,21,93.92,35.0,7.33867386089693
109760,0,unclassified,22,68.31,65.0,0.4054260287602901
109760,0,unclassified,23,67.08,105.0,4.0880681568719135
10988,0,unclassified,0,263.31,0.0,22.948202543990238
10988,0,unclassified,1,188.92,0.0,19.438106903708498
10988,0,unclassified,2,140.85,0.0,16.783920876839236
10988,0,unclassified,3,86.82,10.0,11.04095809379794
10988,0,unclassified,4,38.57,15.0,4.554217388739142
10988,0,unclassified,5,91.79,5.0,12.47582979870422
10988,0,unclassified,6,130.49,125.0,0.48573610850578675
10988,0,unclassified,7,282.03,715.0,19.3918253184394
10988,0,unclassified,8,469.0,990.0,19.289682312795648
10988,0,unclassified,9,400.57,1100.0,25.53472142346627
10988,0,unclassified,10,438.18,1160.0,25.534717842868766
10988,0,unclassified,11,462.55,910.0,17.08029719889155
10988,0,unclassified,12,531.54,805.0,10.578347434743643
10988,0,unclassified,13,486.46,785.0,11.840394578114152
10988,0,unclassified,14,533.93,840.0,11.67759631847338
10988,0,unclassified,15,570.33,875.0,11.333425177784461
10988,0,unclassified,16,660.0,895.0,8.427866806419784
10988,0,unclassified,17,674.0,920.0,8.713767067802518
10988,0,unclassified,18,662.29,675.0,0.4915274197448805
10988,0,unclassified,19,565.29,630.0,2.646974482328294
10988,0,unclassified,20,484.14,585.0,4.362311484814422
10988,0,unclassified,21,317.68,465.0,7.447055489094887
10988,0,unclassified,22,274.33,410.0,7.33442434591992
10988,0,unclassified,23,306.71,230.0,4.682708643825893
10990,0,unclassified,0,213.31,0.0,20.654781528740507
10990,0,unclassified,1,129.79,0.0,16.111486585663037
10990,0,unclassified,2,90.49,0.0,13.452880732393341
10990,0,unclassified,3,47.65,0.0,9.762171889492626
10990,0,unclassified,4,59.9,15.0,7.337032283125889
10990,0,unclassified,5,98.37,5.0,12.98748618209004
10990,0,unclassified,6,192.19,105.0,7.152610559382703
10990,0,unclassified,7,419.67,390.0,1.4746145682148892
10990,0,unclassified,8,708.14,485.0,9.13580295063936
10990,0,unclassified,9,618.57,640.0,0.854276542260488
10990,0,unclassified,10,512.43,825.0,12.087229280705728
10990,0,unclassified,11,465.71,675.0,8.763464897692485
10990,0,unclassified,12,510.29,600.0,3.807480084320054
10990,0,unclassified,13,449.09,555.0,4.726782782750441
10990,0,unclassified,14,495.46,605.0,4.669824978027483
10990,0,unclassified,15,528.53,600.0,3.008723136387505
10990,0,unclassified,16,511.71,675.0,6.703510374694047
10990,0,unclassified,17,579.57,695.0,4.57248034615803
10990,0,unclassified,18,536.29,495.0,1.8183164905048301
10990,0,unclassified,19,496.71,540.0,1.9014019710944658
10990,0,unclassified,20,504.76,480.0,1.1158361785454107
10990,0,unclassified,21,381.38,390.0,0.43892273471678245
10990,0,unclassified,22,312.81,330.0,0.9588475487960886
10990,0,unclassified,23,301.86,190.0,7.132948034861577
10991,0,unclassified,0,213.31,0.0,20.654781528740507
10991,0,unclassified,1,129.79,0.0,16.111486585663037
10991,0,unclassified,2,90.49,0.0,13.452880732393341
10991,0,unclassified,3,47.65,0.0,9.762171889492626
10991,0,unclassified,4,59.9,0.0,10.945318634009702
10991,0,unclassified,5,98.37,0.0,14.026403673073153
10991,0,unclassified,6,192.19,100.0,7.627217632764272
10991,0,unclassified,7,419.67,415.0,0.2285990789736314
10991,0,unclassified,8,708.14,645.0,2.4274383518389007
10991,0,unclassified,9,618.57,445.0,7.526734933994078
10991,0,unclassified,10,512.43,575.0,2.683369614902742
10991,0,unclassified,11,465.71,745.0,11.35142330188959
10991,0,unclassified,12,510.29,880.0,14.022436950582884
10991,0,unclassified,13,449.09,545.0,4.301956714636484
10991,0,unclassified,14,495.46,620.0,5.273474600536648
10991,0,unclassified,15,528.53,625.0,4.016916734664528
10991,0,unclassified,16,511.71,615.0,4.351782694576599
10991,0,unclassified,17,579.57,920.0,12.432528140193673
10991,0,unclassified,18,536.29,880.0,12.916090259717642
10991,0,unclassified,19,496.71,625.0,5.417108162535001
10991,0,unclassified,20,504.76,485.0,0.888253625783803
10991,0,unclassified,21,381.38,375.0,0.32806934998605836
10991,0,unclassified,22,312.81,320.0,0.4042101562470148
10991,0,unclassified,23,301.86,295.0,0.3971027331883952
110962,0,unclassified,0,295.93,0.0,24.328172968803063
110962,0,unclassified,1,184.87,0.0,19.228624495787525
110962,0,unclassified,2,128.7,0.0,16.043690348545123
110962,0,unclassified,3,96.19,0.0,13.870111751532502
110962,0,unclassified,4,76.86,10.0,10.145453333780418
110962,0,unclassified,5,116.0,30.0,10.06553865886723
110962,0,unclassified,6,197.4,180.0,1.2666694558304723
110962,0,unclassified,7,492.09,1250.0,25.680137288894322
110962,0,unclassified,8,812.65,1820.0,27.765073403188737
110962,0,unclassified,9,805.43,1725.0,25.852504855183746
110962,0,unclassified,10,776.07,1355.0,17.735449308170047
110962,0,unclassified,11,799.93,1490.0,20.393747684162754
110962,0,unclassified,12,807.24,1235.0,13.386337792169094
110962,0,unclassified,13,707.22,1010.0,10.33306624152801
110962,0,unclassified,14,870.08,1230.0,11.107160780718838
110962,0,unclassified,15,895.26,1285.0,11.804180318950676
110962,0,unclassified,16,885.36,1150.0,8.295639446951519
110962,0,unclassified,17,864.57,1345.0,14.454105961402567
110962,0,unclassified,18,815.65,1065.0,8.131494661763687
110962,0,unclassified,19,795.0,1000.0,6.842843892331532
110962,0,unclassified,20,763.71,770.0,0.2271402077430739
110962,0,unclassified,21,557.86,650.0,3.7493406989739446
110962,0,unclassified,22,453.86,650.0,8.34880217639127
110962,0,unclassified,23,428.86,490.0,2.852435016120314
111343,0,unclassified,0,90.68,0.0,13.46699669562594
111343,0,unclassified,1,63.6,0.0,11.278297743897348
111343,0,unclassified,2,35.95,0.0,8.47938677028003
111343,0,unclassified,3,13.08,0.0,5.1146847410177685
111343,0,unclassified,4,8.72,5.0,1.4203025998774557
111343,0,unclassified,5,25.97,0.0,7.2069410986909
111343,0,unclassified,6,78.29,0.0,12.513193037750197
111343,0,unclassified,7,252.87,45.0,17.033089608329966
111343,0,unclassified,8,475.14,50.0,26.236712486006166
111343,0,unclassified,9,416.14,115.0,18.479020160449426
111343,0,unclassified,10,273.42,90.0,13.60683990222617
111343,0,unclassified,11,257.09,40.0,17.811922612737217
111343,0,unclassified,12,284.67,45.0,18.667620339508975
111343,0,unclassified,13,272.81,60.0,16.497147065545743
111343,0,unclassified,14,294.26,35.0,20.20603158879981
111343,0,unclassified,15,273.29,35.0,19.19292190683345
111343,0,unclassified,16,302.36,55.0,18.50510272744284
111343,0,unclassified,17,349.71,30.0,23.203056680067217
111343,0,unclassified,18,311.14,15.0,23.19049594609908
111343,0,unclassified,19,280.86,45.0,18.477949057256012
111343,0,unclassified,20,217.71,25.0,17.49344782782823
111343,0,unclassified,21,126.29,25.0,11.645991197786243
111343,0,unclassified,22,101.94,15.0,11.369806901568891
111343,0,unclassified,23,109.92,15.0,12.010379756777771
111344,0,unclassified,0,90.68,0.0,13.46699669562594
111344,0,unclassified,1,63.6,0.0,11.278297743897348
111344,0,unclassified,2,35.95,0.0,8.47938677028003
111344,0,unclassified,3,13.08,0.0,5.1146847410177685
111344,0,unclassified,4,8.72,5.0,1.4203025998774557
111344,0,unclassified,5,25.97,0.0,7.2069410986909
111344,0,unclassified,6,78.29,25.0,7.415348720741875
111344,0,unclassified,7,252.87,300.0,2.83465967238488
111344,0,unclassified,8,475.14,355.0,5.896943342196283
111344,0,unclassified,9,416.14,345.0,3.6466710199596477
111344,0,unclassified,10,273.42,285.0,0.6930157025213196
111344,0,unclassified,11,257.09,280.0,1.3980302024639661
111344,0,unclassified,12,284.67,320.0,2.031886403401181
111344,0,unclassified,13,272.81,275.0,0.13232568009885734
111344,0,unclassified,14,294.26,235.0,3.642856877172504
111344,0,unclassified,15,273.29,215.0,3.730526574631637
111344,0,unclassified,16,302.36,330.0,1.5544288250365454
111344,0,unclassified,17,349.71,300.0,2.7580299969207482
111344,0,unclassified,18,311.14,295.0,0.9271116873243574
111344,0,unclassified,19,280.86,305.0,1.410442351077358
111344,0,unclassified,20,217.71,240.0,1.473431213594379
111344,0,unclassified,21,126.29,310.0,12.43827531805588
111344,0,unclassified,22,101.94,215.0,8.981222426927534
111344,0,unclassified,23,109.92,185.0,6.18282777407503
112383,0,unclassified,0,168.57,0.0,18.361372497719227
112383,0,unclassified,1,93.85,0.0,13.700364958642524
112383,0,unclassified,2,25.33,0.0,7.117583859709698
112383,0,unclassified,3,2.29,0.0,2.1400934559032696
112383,0,unclassified,4,2.22,5.0,1.463157894736842
112383,0,unclassified,5,0.0,10.0,4.47213595499958
112383,0,unclassified,6,132.67,90.0,4.043959394049949
112383,0,unclassified,7,364.49,465.0,4.935358369910774
112383,0,unclassified,8,689.25,465.0,9.334638588764216
112383,0,unclassified,9,565.25,560.0,0.22133484481736398
112383,0,unclassified,10,489.5,365.0,6.023214307244006
112383,0,unclassified,11,543.25,495.0,2.117684927794306
112383,0,unclassified,12,685.75,500.0,7.628642333330619
112383,0,unclassified,13,620.25,485.0,5.753366096739579
112383,0,unclassified,14,650.38,550.0,4.097347644316891
112383,0,unclassified,15,670.58,665.0,0.21593062573615
112383,0,unclassified,16,816.88,560.0,9.790328058977964
112383,0,unclassified,17,805.75,635.0,6.361820277600643
112383,0,unclassified,18,714.25,750.0,1.3212452154092869
112383,0,unclassified,19,636.25,505.0,5.494446065660818
112383,0,unclassified,20,456.25,280.0,9.18610636150538
112383,0,unclassified,21,296.0,140.0,10.565653199066103
112383,0,unclassified,22,205.86,285.0,5.051638008737739
112383,0,unclassified,23,184.09,425.0,13.804767313666627
113038,0,unclassified,0,236.19,0.0,21.734304681769785
113038,0,unclassified,1,166.68,0.0,18.258148865643527
113038,0,unclassified,2,110.0,0.0,14.832396974191326
113038,0,unclassified,3,35.45,10.0,5.338703979058738
113038,0,unclassified,4,44.21,25.0,3.265562032918602
113038,0,unclassified,5,131.43,15.0,13.607077680361254
113038,0,unclassified,6,243.09,155.0,6.243828614302029
113038,0,unclassified,7,594.63,555.0,1.6529511767453202
113038,0,unclassified,8,729.0,805.0,2.7442009497616517
113038,0,unclassified,9,646.71,690.0,1.6744955013812803
113038,0,unclassified,10,621.57,590.0,1.282671142687056
113038,0,unclassified,11,709.43,715.0,0.20871306560862138
113038,0,unclassified,12,844.46,640.0,7.504799680359485
113038,0,unclassified,13,697.38,750.0,1.956025706021419
113038,0,unclassified,14,794.84,815.0,0.710581945161949
113038,0,unclassified,15,806.69,730.0,2.766690654124117
113038,0,unclassified,16,854.5,720.0,4.7936458948681056
113038,0,unclassified,17,821.86,750.0,2.5632754587041893
113038,0,unclassified,18,778.0,755.0,0.8307526904053854
113038,0,unclassified,19,788.43,425.0,14.754632878628463
113038,0,unclassified,20,638.14,345.0,13.22155080848974
113038,0,unclassified,21,448.57,315.0,6.83595972424072
113038,0,unclassified,22,329.28,435.0,5.408114835717445
113038,0,unclassified,23,324.29,715.0,17.139618477889424
113129,0,unclassified,0,280.83,0.0,23.69936708015638
113129,0,unclassified,1,135.0,0.0,16.431676725154983
113129,0,unclassified,2,42.86,0.0,9.258509599282165
113129,0,unclassified,3,0.0,0.0,
113129,0,unclassified,4,0.0,25.0,7.0710678118654755
113129,0,unclassified,5,8.12,25.0,4.14803369982444
113129,0,unclassified,6,50.0,245.0,16.056045907056056
113129,0,unclassified,7,274.0,1240.0,35.109867190126515
113129,0,unclassified,8,495.66,1860.0,39.75404327358603
113129,0,unclassified,9,520.0,1955.0,40.79240372937346
113129,0,unclassified,10,500.57,1560.0,33.00605190245642
113129,0,unclassified,11,499.1,1740.0,37.08643068061324
113129,0,unclassified,12,525.57,2305.0,47.299762089842204
113129,0,unclassified,13,454.52,1580.0,35.28757368390272
113129,0,unclassified,14,509.57,1475.0,30.648030903692355
113129,0,unclassified,15,571.66,1685.0,33.14436820873363
113129,0,unclassified,16,550.54,2055.0,41.6818293111557
113129,0,unclassified,17,577.21,2125.0,42.10827842194995
113129,0,unclassified,18,595.15,2325.0,45.27108085495569
113129,0,unclassified,19,519.84,1960.0,40.89911510803659
113129,0,unclassified,20,420.14,1075.0,23.95093826661937
113129,0,unclassified,21,303.57,755.0,19.622106288016386
113129,0,unclassified,22,255.86,950.0,28.269206915689747
113129,0,unclassified,23,297.93,1145.0,31.536367458367994
113130,0,unclassified,0,235.22,0.0,21.68962885805103
113130,0,unclassified,1,197.0,0.0,19.849433241279208
113130,0,unclassified,2,82.48,0.0,12.843675486401859
113130,0,unclassified,3,0.8,10.0,3.9590496427898034
113130,0,unclassified,4,0.0,15.0,5.477225575051661
113130,0,unclassified,5,24.71,15.0,2.1791357429610287
113130,0,unclassified,6,182.14,305.0,7.872245202564097
113130,0,unclassified,7,470.08,1235.0,26.197426709682965
113130,0,unclassified,8,809.71,1400.0,17.758765939359996
113130,0,unclassified,9,587.43,1265.0,22.26374729758374
113130,0,unclassified,10,495.86,1015.0,18.888061098072797
113130,0,unclassified,11,454.26,780.0,13.112417314235502
113130,0,unclassified,12,499.12,775.0,10.930248824774656
113130,0,unclassified,13,440.82,775.0,13.553791824430158
113130,0,unclassified,14,544.58,1085.0,18.932526266105505
113130,0,unclassified,15,545.22,1085.0,18.90639287842915
113130,0,unclassified,16,634.29,1140.0,16.978692266263774
113130,0,unclassified,17,677.71,1100.0,14.164307202955401
113130,0,unclassified,18,628.86,1140.0,17.187318930653944
113130,0,unclassified,19,556.43,1185.0,21.30176730883293
113130,0,unclassified,20,431.48,1140.0,25.276252357398878
113130,0,unclassified,21,290.94,1065.0,29.728252919371588
113130,0,unclassified,22,269.9,1045.0,30.22918037694825
113130,0,unclassified,23,279.48,800.0,22.40500879635585
11428,0,unclassified,0,255.94,0.0,22.62476519215172
11428,0,unclassified,1,176.96,0.0,18.812761626087756
11428,0,unclassified,2,117.86,0.0,15.353175567289004
11428,0,unclassified,3,48.46,20.0,4.864424264981417
11428,0,unclassified,4,151.25,50.0,10.093506922154344
11428,0,unclassified,5,191.67,10.0,18.091624487053462
11428,0,unclassified,6,385.84,280.0,5.800693093937902
11428,0,unclassified,7,1267.44,1315.0,1.323554179515978
11428,0,unclassified,8,1668.57,1580.0,2.1976348213684043
11428,0,unclassified,9,1559.43,1280.0,7.416046517926825
11428,0,unclassified,10,1521.14,1345.0,4.652906116959127
11428,0,unclassified,11,1545.0,1390.0,4.046156188011698
11428,0,unclassified,12,1899.0,1810.0,2.066695947168475
11428,0,unclassified,13,1559.99,1395.0,4.292344913162595
11428,0,unclassified,14,1823.15,1650.0,4.155044923074941
11428,0,unclassified,15,1816.34,1540.0,6.745680641793677
11428,0,unclassified,16,1933.07,1420.0,12.53055506545973
11428,0,unclassified,17,1999.71,1440.0,13.496375399756777
11428,0,unclassified,18,1935.43,1460.0,11.538628465713037
11428,0,unclassified,19,1592.29,1430.0,4.174828994339299
11428,0,unclassified,20,1121.48,1160.0,1.1404938383335304
11428,0,unclassified,21,546.95,765.0,8.513584421811174
11428,0,unclassified,22,351.14,750.0,16.99864143918334
11428,0,unclassified,23,374.93,995.0,23.69226216394907
115054,0,unclassified,0,155.07,0.0,17.610792145727004
115054,0,unclassified,1,44.8,0.0,9.465727652959385
115054,0,unclassified,2,0.0,0.0,
115054,0,unclassified,3,0.0,0.0,
115054,0,unclassified,4,1.14,5.0,2.20301836176645
115054,0,unclassified,5,28.44,10.0,4.206144853251593
115054,0,unclassified,6,189.66,210.0,1.4388668413439278
115054,0,unclassified,7,552.36,635.0,3.391673976801188
115054,0,unclassified,8,824.14,1155.0,10.517705472164721
115054,0,unclassified,9,592.86,820.0,8.545924552994087
115054,0,unclassified,10,533.82,615.0,3.3871782423421606
115054,0,unclassified,11,560.89,580.0,0.8001175530914193
115054,0,unclassified,12,770.54,740.0,1.1112657146725622
115054,0,unclassified,13,579.49,560.0,0.8165289323220437
115054,0,unclassified,14,604.96,640.0,1.4044341991036358
115054,0,unclassified,15,652.07,490.0,6.7822105510811825
115054,0,unclassified,16,773.14,735.0,1.3889124061056473
115054,0,unclassified,17,883.71,1000.0,3.789224587547437
115054,0,unclassified,18,914.57,980.0,2.1258694459709164
115054,0,unclassified,19,784.0,660.0,4.614802150901679
115054,0,unclassified,20,564.11,410.0,6.982996388100209
115054,0,unclassified,21,326.93,230.0,5.808619176674106
115054,0,unclassified,22,218.47,155.0,4.644678258039604
115054,0,unclassified,23,207.87,210.0,0.14735809712201714
115055,0,unclassified,0,155.07,0.0,17.610792145727004
115055,0,unclassified,1,44.8,0.0,9.465727652959385
115055,0,unclassified,2,0.0,0.0,
115055,0,unclassified,3,0.0,0.0,
115055,0,unclassified,4,1.14,10.0,3.7541024836583365
115055,0,unclassified,5,28.44,10.0,4.206144853251593
115055,0,unclassified,6,189.66,140.0,3.868018886009979
115055,0,unclassified,7,552.36,725.0,6.8312435467354184
115055,0,unclassified,8,824.14,1050.0,7.378248983236441
115055,0,unclassified,9,592.86,595.0,0.08781043773339024
115055,0,unclassified,10,533.82,435.0,4.489916863402658
115055,0,unclassified,11,560.89,730.0,6.656403941920566
115055,0,unclassified,12,770.54,980.0,7.079948157211697
115055,0,unclassified,13,579.49,740.0,6.249050595951701
115055,0,unclassified,14,604.96,735.0,5.023958480193756
115055,0,unclassified,15,652.07,835.0,6.708635964125347
115055,0,unclassified,16,773.14,805.0,1.1341957234837805
115055,0,unclassified,17,883.71,660.0,8.052255318244987
115055,0,unclassified,18,914.57,505.0,15.373216011955243
115055,0,unclassified,19,784.0,490.0,11.64870412072981
115055,0,unclassified,20,564.11,375.0,8.727126274620533
115055,0,unclassified,21,326.93,290.0,2.102695381028365
115055,0,unclassified,22,218.47,545.0,16.712526077929812
115055,0,unclassified,23,207.87,570.0,18.362254028812142
115065,0,unclassified,0,385.9,0.0,27.781288667014707
115065,0,unclassified,1,240.57,0.0,21.934903692517093
115065,0,unclassified,2,133.75,0.0,16.355427233796124
115065,0,unclassified,3,68.95,0.0,11.74308307047174
115065,0,unclassified,4,161.26,20.0,14.83826803872522
115065,0,unclassified,5,204.69,0.0,20.233141130333667
115065,0,unclassified,6,339.64,175.0,10.263573247158241
115065,0,unclassified,7,1124.52,1365.0,6.816103105469731
115065,0,unclassified,8,1608.59,1500.0,2.7543752556444456
115065,0,unclassified,9,1230.14,1030.0,5.9536215205578005
115065,0,unclassified,10,915.82,960.0,1.4425973443442826
115065,0,unclassified,11,894.32,1020.0,4.062317853713908
115065,0,unclassified,12,925.61,1015.0,2.8696887992293374
115065,0,unclassified,13,903.66,940.0,1.1969045119410304
115065,0,unclassified,14,1092.47,880.0,6.765617055978655
115065,0,unclassified,15,950.71,1050.0,3.1392683180992305
115065,0,unclassified,16,1023.43,900.0,3.980132536092372
115065,0,unclassified,17,1070.43,830.0,7.799696709165428
115065,0,unclassified,18,987.83,540.0,16.202822134477447
115065,0,unclassified,19,832.71,590.0,9.100064614886422
115065,0,unclassified,20,654.44,630.0,0.9644046338761885
115065,0,unclassified,21,356.56,660.0,13.459264225790571
115065,0,unclassified,22,277.26,880.0,25.057026972383305
115065,0,unclassified,23,267.95,1280.0,36.37797354449679
116042,0,unclassified,0,123.44,0.0,15.712415473121885
116042,0,unclassified,1,36.92,0.0,8.593020423576334
116042,0,unclassified,2,4.11,0.0,2.86705423736629
116042,0,unclassified,3,7.46,20.0,3.384248677540528
116042,0,unclassified,4,41.45,20.0,3.869736116043474
116042,0,unclassified,5,108.29,20.0,11.023769201653929
116042,0,unclassified,6,322.94,295.0,1.5895282298615772
116042,0,unclassified,7,853.76,1240.0,11.937373899381425
116042,0,unclassified,8,949.71,1420.0,13.66259332328382
116042,0,unclassified,9,777.43,1380.0,18.3465389335056
116042,0,unclassified,10,647.07,1235.0,19.16561382024983
116042,0,unclassified,11,647.07,875.0,8.262266047595562
116042,0,unclassified,12,723.21,1075.0,11.732168279109732
116042,0,unclassified,13,673.09,840.0,6.068271097234979
116042,0,unclassified,14,739.09,890.0,5.287622939456257
116042,0,unclassified,15,724.38,700.0,0.9135572438452076
116042,0,unclassified,16,810.29,1010.0,6.619794654712999
116042,0,unclassified,17,804.86,1110.0,9.86156010757654
116042,0,unclassified,18,799.43,1040.0,7.9325868081301305
116042,0,unclassified,19,666.71,710.0,1.6499901444586427
116042,0,unclassified,20,450.05,400.0,2.4277102044224037
116042,0,unclassified,21,265.35,240.0,1.5947654801808622
116042,0,unclassified,22,178.2,310.0,8.435901896237866
116042,0,unclassified,23,179.28,265.0,5.751336506630143
11647,0,unclassified,0,169.82,0.0,18.429324458590443
11647,0,unclassified,1,118.98,0.0,15.42595215861893
11647,0,unclassified,2,37.5,0.0,8.660254037844387
11647,0,unclassified,3,10.27,10.0,0.08481094213177162
11647,0,unclassified,4,0.0,20.0,6.324555320336759
11647,0,unclassified,5,49.0,5.0,8.467803948114511
11647,0,unclassified,6,209.22,200.0,0.6445661484823083
11647,0,unclassified,7,899.73,1485.0,16.949295589373605
11647,0,unclassified,8,1329.0,1990.0,16.2260507923078
11647,0,unclassified,9,993.29,1680.0,18.783016181125515
11647,0,unclassified,10,814.07,1315.0,15.353135023286995
11647,0,unclassified,11,892.79,925.0,1.0683999712731438
11647,0,unclassified,12,1203.76,925.0,8.544410462365601
11647,0,unclassified,13,935.72,740.0,6.761600046913741
11647,0,unclassified,14,942.79,745.0,6.808636107183151
11647,0,unclassified,15,958.62,950.0,0.27903747185616035
11647,0,unclassified,16,1178.57,905.0,8.475775021826129
11647,0,unclassified,17,1276.43,715.0,17.792136042356173
11647,0,unclassified,18,1350.29,845.0,15.251401409583554
11647,0,unclassified,19,1278.86,720.0,17.67774380674398
11647,0,unclassified,20,1006.05,630.0,13.148078996431956
11647,0,unclassified,21,543.88,670.0,5.11930590782472
11647,0,unclassified,22,325.32,1115.0,29.42636659320316
11647,0,unclassified,23,301.01,1210.0,33.070475090698885
118493,0,unclassified,0,86.62,0.0,13.162066707018317
118493,0,unclassified,1,34.02,0.0,8.248636250920512
118493,0,unclassified,2,10.18,0.0,4.512205669071391
118493,0,unclassified,3,1.07,5.0,2.255865501266045
118493,0,unclassified,4,0.49,0.0,0.9899494936611666
118493,0,unclassified,5,12.14,5.0,2.4389775388960038
118493,0,unclassified,6,76.67,140.0,6.08450278459814
118493,0,unclassified,7,184.64,470.0,15.772728402567237
118493,0,unclassified,8,326.67,510.0,8.963372346196406
118493,0,unclassified,9,348.43,350.0,0.08401429888328033
118493,0,unclassified,10,344.64,355.0,0.5539077449802607
118493,0,unclassified,11,389.14,255.0,7.474517540077038
118493,0,unclassified,12,472.79,370.0,5.007329574754596
118493,0,unclassified,13,348.34,355.0,0.3551457063177019
118493,0,unclassified,14,363.96,335.0,1.5491283219466956
118493,0,unclassified,15,416.89,260.0,8.528078940770257
118493,0,unclassified,16,480.93,360.0,5.897515997848793
118493,0,unclassified,17,547.71,395.0,7.0338551088723476
118493,0,unclassified,18,531.43,400.0,6.090239824347292
118493,0,unclassified,19,412.71,270.0,7.724160188201574
118493,0,unclassified,20,295.63,180.0,7.498094397302453
118493,0,unclassified,21,197.24,65.0,11.548574232736692
118493,0,unclassified,22,125.71,70.0,5.631727697121875
118493,0,unclassified,23,114.12,60.0,5.800273289029524
11891,0,unclassified,0,94.09,0.0,13.717871555019022
11891,0,unclassified,1,40.95,0.0,9.049861877399014
11891,0,unclassified,2,17.07,0.0,5.842944463196617
11891,0,unclassified,3,0.0,0.0,
11891,0,unclassified,4,4.86,0.0,3.117691453623979
11891,0,unclassified,5,29.6,10.0,4.404772434759849
11891,0,unclassified,6,106.74,85.0,2.2203333186473335
11891,0,unclassified,7,206.24,200.0,0.437832751982025
11891,0,unclassified,8,313.0,335.0,1.2222222222222223
11891,0,unclassified,9,278.84,280.0,0.06939517016934095
11891,0,unclassified,10,294.93,315.0,1.1492708006270627
11891,0,unclassified,11,304.5,385.0,4.335545446044916
11891,0,unclassified,12,363.41,355.0,0.4437361481609635
11891,0,unclassified,13,279.33,425.0,7.762417984316594
11891,0,unclassified,14,323.38,330.0,0.3662604873860712
11891,0,unclassified,15,361.54,315.0,2.5304318029790682
11891,0,unclassified,16,468.36,370.0,4.804168633725508
11891,0,unclassified,17,570.43,390.0,8.233621305891813
11891,0,unclassified,18,504.14,425.0,3.671727694248881
11891,0,unclassified,19,361.07,425.0,3.2246983196081893
11891,0,unclassified,20,244.57,230.0,0.9458546629746722
11891,0,unclassified,21,144.36,175.0,2.4247306319000765
11891,0,unclassified,22,132.14,190.0,4.559015827805893
11891,0,unclassified,23,122.94,240.0,8.689726349189922
11892,0,unclassified,0,94.09,0.0,13.717871555019022
11892,0,unclassified,1,40.95,0.0,9.049861877399014
11892,0,unclassified,2,17.07,0.0,5.842944463196617
11892,0,unclassified,3,0.0,0.0,
11892,0,unclassified,4,4.86,5.0,0.06305282887554615
11892,0,unclassified,5,29.6,10.0,4.404772434759849
11892,0,unclassified,6,106.74,135.0,2.570472112301384
11892,0,unclassified,7,206.24,275.0,4.432717014952809
11892,0,unclassified,8,313.0,380.0,3.5993425726466985
11892,0,unclassified,9,278.84,405.0,6.822749525690765
11892,0,unclassified,10,294.93,360.0,3.595823467091535
11892,0,unclassified,11,304.5,340.0,1.9775701133315022
11892,0,unclassified,12,363.41,360.0,0.1792986926262413
11892,0,unclassified,13,279.33,365.0,4.772979712987094
11892,0,unclassified,14,323.38,395.0,3.7789591568057372
11892,0,unclassified,15,361.54,315.0,2.5304318029790682
11892,0,unclassified,16,468.36,280.0,9.737520756962548
11892,0,unclassified,17,570.43,365.0,9.498897842291772
11892,0,unclassified,18,504.14,380.0,5.904270134240396
11892,0,unclassified,19,361.07,300.0,3.3590710761402245
11892,0,unclassified,20,244.57,130.0,8.371811003500685
11892,0,unclassified,21,144.36,160.0,1.2678210518353654
11892,0,unclassified,22,132.14,110.0,2.0121453313711
11892,0,unclassified,23,122.94,95.0,2.676534996759368
120315,0,unclassified,0,316.8,0.0,25.17141235608364
120315,0,unclassified,1,136.63,0.0,16.53057772735121
120315,0,unclassified,2,92.72,0.0,13.61763562443936
120315,0,unclassified,3,58.82,0.0,10.846197490364998
120315,0,unclassified,4,110.1,10.0,12.917473272156824
120315,0,unclassified,5,142.62,10.0,15.181626295044621
120315,0,unclassified,6,351.69,85.0,18.04825031899975
120315,0,unclassified,7,906.75,530.0,14.056514855518683
120315,0,unclassified,8,1243.93,655.0,19.112794827865574
120315,0,unclassified,9,1069.86,415.0,24.033703969594885
120315,0,unclassified,10,1021.81,585.0,15.410804359528047
120315,0,unclassified,11,1087.07,705.0,12.763813546386125
120315,0,unclassified,12,1153.97,490.0,23.15882446693048
120315,0,unclassified,13,1022.16,500.0,18.927290374281988
120315,0,unclassified,14,1178.54,620.0,18.625555229742215
120315,0,unclassified,15,1175.6,550.0,21.298139723440258
120315,0,unclassified,16,1370.07,565.0,25.88214710801777
120315,0,unclassified,17,1421.02,675.0,23.044524815001044
120315,0,unclassified,18,1340.24,615.0,23.195124629790595
120315,0,unclassified,19,1259.19,535.0,24.17871997349949
120315,0,unclassified,20,977.95,330.0,25.337334265164245
120315,0,unclassified,21,584.91,235.0,17.28177157411067
120315,0,unclassified,22,434.82,320.0,5.910317898508439
120315,0,unclassified,23,429.08,535.0,4.824323622547444
120503,0,unclassified,0,219.38,0.0,20.9465987692513
120503,0,unclassified,1,160.0,0.0,17.88854381999832
120503,0,unclassified,2,77.27,0.0,12.431411826498227
120503,0,unclassified,3,17.39,20.0,0.6036396694177617
120503,0,unclassified,4,38.56,30.0,1.4620201493662321
120503,0,unclassified,5,108.16,15.0,11.871610454526412
120503,0,unclassified,6,239.63,440.0,10.869546516688336
120503,0,unclassified,7,754.33,1235.0,15.240829309929966
120503,0,unclassified,8,1194.29,1180.0,0.4147442225437099
120503,0,unclassified,9,866.57,895.0,0.9579479331845728
120503,0,unclassified,10,663.79,1080.0,14.095497761135409
120503,0,unclassified,11,645.64,910.0,9.478861775009781
120503,0,unclassified,12,698.09,910.0,7.473280335448203
120503,0,unclassified,13,662.69,875.0,7.656866112890661
120503,0,unclassified,14,747.17,1050.0,10.10227797020526
120503,0,unclassified,15,704.82,915.0,7.385382739485465
120503,0,unclassified,16,762.0,780.0,0.6482541654590578
120503,0,unclassified,17,764.14,725.0,1.4343926607533755
120503,0,unclassified,18,783.29,710.0,2.682178278805302
120503,0,unclassified,19,777.29,665.0,4.181477685181289
120503,0,unclassified,20,757.29,490.0,10.703208573354155
120503,0,unclassified,21,520.0,445.0,3.4143859020448906
120503,0,unclassified,22,399.42,345.0,2.820749494401022
120503,0,unclassified,23,366.33,405.0,1.969105831602041
120888,0,unclassified,0,13.23,0.0,5.143928459844674
120888,0,unclassified,1,0.43,0.0,0.9273618495495703
120888,0,unclassified,2,0.0,0.0,
120888,0,unclassified,3,0.0,0.0,
120888,0,unclassified,4,0.42,5.0,2.7821518656770046
120888,0,unclassified,5,5.0,5.0,0.0
120888,0,unclassified,6,82.08,45.0,4.651747364278985
120888,0,unclassified,7,241.03,160.0,5.7223234931831986
120888,0,unclassified,8,409.14,365.0,2.243559401445871
120888,0,unclassified,9,287.29,125.0,11.303302684622686
120888,0,unclassified,10,193.99,150.0,3.354254808523572
120888,0,unclassified,11,243.68,240.0,0.23663759976434384
120888,0,unclassified,12,332.66,305.0,1.5490755033756594
120888,0,unclassified,13,408.56,375.0,1.6955118179098636
120888,0,unclassified,14,385.39,345.0,2.1135447217128664
120888,0,unclassified,15,289.74,190.0,6.439933700806892
120888,0,unclassified,16,388.57,345.0,2.275001968020358
120888,0,unclassified,17,349.57,245.0,6.064857619077921
120888,0,unclassified,18,315.68,120.0,13.25798812000088
120888,0,unclassified,19,230.22,150.0,5.81808653912976
120888,0,unclassified,20,153.99,135.0,1.5797870703965036
120888,0,unclassified,21,92.84,45.0,5.762600818641589
120888,0,unclassified,22,59.38,40.0,2.749281909208488
120888,0,unclassified,23,53.23,25.0,4.513767766549221
121490,0,unclassified,0,596.98,0.0,34.553726282414175
121490,0,unclassified,1,394.65,0.0,28.09448344426357
121490,0,unclassified,2,312.8,0.0,25.011997121381572
121490,0,unclassified,3,216.92,25.0,17.450157289204856
121490,0,unclassified,4,142.22,30.0,12.093262217365053
121490,0,unclassified,5,206.44,15.0,18.193642095984053
121490,0,unclassified,6,327.64,330.0,0.1301466190446619
121490,0,unclassified,7,977.11,1160.0,5.594889576607885
121490,0,unclassified,8,1606.61,1175.0,11.573331064992466
121490,0,unclassified,9,1404.14,1030.0,10.724482951590154
121490,0,unclassified,10,1173.81,960.0,6.5458362720048635
121490,0,unclassified,11,1235.13,1150.0,2.4651400852321537
121490,0,unclassified,12,1430.59,1325.0,2.8446607970766498
121490,0,unclassified,13,1265.17,1295.0,0.8337461645916763
121490,0,unclassified,14,1389.68,1290.0,2.7232126744200156
121490,0,unclassified,15,1405.09,1270.0,3.693762777727696
121490,0,unclassified,16,1620.86,1330.0,7.572245658945484
121490,0,unclassified,17,1750.43,1390.0,9.095809812307802
121490,0,unclassified,18,1696.29,1345.0,9.008487245100957
121490,0,unclassified,19,1500.29,1390.0,2.901218408301361
121490,0,unclassified,20,1299.66,1345.0,1.2468424800039677
121490,0,unclassified,21,870.34,1280.0,12.4935250434231
121490,0,unclassified,22,679.64,1195.0,16.83320318295693
121490,0,unclassified,23,812.26,1190.0,11.938444316930052
121491,0,unclassified,0,596.98,0.0,34.553726282414175
121491,0,unclassified,1,394.65,0.0,28.09448344426357
121491,0,unclassified,2,312.8,0.0,25.011997121381572
121491,0,unclassified,3,216.92,5.0,20.118181470175355
121491,0,unclassified,4,142.22,15.0,14.348830094232278
121491,0,unclassified,5,206.44,15.0,18.193642095984053
121491,0,unclassified,6,327.64,370.0,2.26806377693749
121491,0,unclassified,7,977.11,930.0,1.5255984204063628
121491,0,unclassified,8,1606.61,1100.0,13.77133093753805
121491,0,unclassified,9,1404.14,1025.0,10.878983820110783
121491,0,unclassified,10,1173.81,940.0,7.1919242696693475
121491,0,unclassified,11,1235.13,715.0,16.656936105778016
121491,0,unclassified,12,1430.59,770.0,19.91486768776417
121491,0,unclassified,13,1265.17,775.0,15.347178585607637
121491,0,unclassified,14,1389.68,805.0,17.650118809954346
121491,0,unclassified,15,1405.09,790.0,18.566391271284648
121491,0,unclassified,16,1620.86,715.0,26.50651769944631
121491,0,unclassified,17,1750.43,585.0,34.10497722207003
121491,0,unclassified,18,1696.29,570.0,33.45857841511475
121491,0,unclassified,19,1500.29,520.0,30.843433164736428
121491,0,unclassified,20,1299.66,525.0,25.646916245683236
121491,0,unclassified,21,870.34,505.0,13.931798523758225
121491,0,unclassified,22,679.64,570.0,4.386231662842449
121491,0,unclassified,23,812.26,560.0,9.630419094935185
121526,0,unclassified,0,193.01,0.0,19.64739168439414
121526,0,unclassified,1,138.26,0.0,16.628890522220658
121526,0,unclassified,2,88.95,0.0,13.337915879176926
121526,0,unclassified,3,27.33,5.0,5.553935970406723
121526,0,unclassified,4,3.53,15.0,3.7682586615741855
121526,0,unclassified,5,50.0,15.0,6.139406135149205
121526,0,unclassified,6,117.31,345.0,14.975878610231364
121526,0,unclassified,7,297.38,850.0,23.072144267467888
121526,0,unclassified,8,429.57,1060.0,23.100501637041848
121526,0,unclassified,9,382.57,1005.0,23.630780367610186
121526,0,unclassified,10,396.11,950.0,21.350018071407327
121526,0,unclassified,11,447.46,730.0,11.644527140019186
121526,0,unclassified,12,538.07,780.0,9.42400451667384
121526,0,unclassified,13,434.37,800.0,14.71750327820279
121526,0,unclassified,14,471.41,830.0,14.057435590394496
121526,0,unclassified,15,500.02,845.0,13.302845420141303
121526,0,unclassified,16,595.5,700.0,4.105939819156314
121526,0,unclassified,17,608.86,580.0,1.183711772868177
121526,0,unclassified,18,607.71,580.0,1.1370938668592052
121526,0,unclassified,19,589.0,560.0,1.2099097636623137
121526,0,unclassified,20,511.34,570.0,2.5227599184094758
121526,0,unclassified,21,330.39,535.0,9.836394017568708
121526,0,unclassified,22,241.93,595.0,17.259620710418194
121526,0,unclassified,23,264.53,590.0,15.745712038608348
121570,0,unclassified,0,95.52,0.0,13.821722034536796
121570,0,unclassified,1,10.4,0.0,4.560701700396552
121570,0,unclassified,2,2.65,0.0,2.3021728866442674
121570,0,unclassified,3,1.82,0.0,1.9078784028338913
121570,0,unclassified,4,0.0,5.0,3.1622776601683795
121570,0,unclassified,5,0.0,5.0,3.1622776601683795
121570,0,unclassified,6,94.47,55.0,4.565676190526197
121570,0,unclassified,7,328.27,235.0,5.5577456064456765
121570,0,unclassified,8,499.43,480.0,0.8780133054159878
121570,0,unclassified,9,391.71,455.0,3.075974628811308
121570,0,unclassified,10,382.96,445.0,3.0491733057019292
121570,0,unclassified,11,391.56,415.0,1.1672241514797657
121570,0,unclassified,12,433.31,470.0,1.7264114215869546
121570,0,unclassified,13,347.7,310.0,2.078942258041341
121570,0,unclassified,14,392.29,355.0,1.9291357791354018
121570,0,unclassified,15,398.66,355.0,2.2491115519541887
121570,0,unclassified,16,468.0,335.0,6.6375662091291305
121570,0,unclassified,17,534.29,590.0,2.349681418020372
121570,0,unclassified,18,525.14,510.0,0.6654896837053045
121570,0,unclassified,19,470.86,625.0,6.5849550534014485
121570,0,unclassified,20,353.05,335.0,0.9731554170514096
121570,0,unclassified,21,209.37,180.0,2.1049302081396344
121570,0,unclassified,22,163.54,185.0,1.6256176353591458
121570,0,unclassified,23,163.81,240.0,5.3619707010266
12255,0,unclassified,0,185.48,0.0,19.26032190800559
12255,0,unclassified,1,68.95,0.0,11.74308307047174
12255,0,unclassified,2,31.79,0.0,7.97370679169983
12255,0,unclassified,3,40.0,10.0,6.0
12255,0,unclassified,4,132.78,40.0,9.982116431633235
12255,0,unclassified,5,186.43,35.0,14.391587090452223
12255,0,unclassified,6,489.86,460.0,1.3701717264167959
12255,0,unclassified,7,1349.74,1145.0,5.79702337496934
12255,0,unclassified,8,1397.71,1140.0,7.234779065577709
12255,0,unclassified,9,1019.86,885.0,4.369850930723659
12255,0,unclassified,10,894.18,690.0,7.254808184280655
12255,0,unclassified,11,892.39,650.0,8.728358909299118
12255,0,unclassified,12,919.04,765.0,5.308505924345268
12255,0,unclassified,13,963.79,740.0,7.667391545679781
12255,0,unclassified,14,1025.41,870.0,5.048267674731669
12255,0,unclassified,15,960.87,845.0,3.8560509457632226
12255,0,unclassified,16,948.29,835.0,3.793984807799304
12255,0,unclassified,17,929.14,810.0,4.040222860350133
12255,0,unclassified,18,923.0,765.0,5.438584287489962
12255,0,unclassified,19,981.86,600.0,13.577979351511566
12255,0,unclassified,20,757.66,460.0,12.063475745845839
12255,0,unclassified,21,442.48,265.0,9.436421562357593
12255,0,unclassified,22,333.77,195.0,8.53448230875532
12255,0,unclassified,23,338.13,260.0,4.517883515842954
12275,0,unclassified,0,207.67,0.0,20.379892050744527
12275,0,unclassified,1,117.33,0.0,15.31861612548601
12275,0,unclassified,2,14.4,0.0,5.366563145999495
12275,0,unclassified,3,4.62,0.0,3.0397368307141326
12275,0,unclassified,4,143.97,10.0,15.26878572012259
12275,0,unclassified,5,202.5,25.0,16.642656698316586
12275,0,unclassified,6,432.42,265.0,8.965512835674357
12275,0,unclassified,7,1216.75,1270.0,1.510144643827201
12275,0,unclassified,8,1341.43,1600.0,6.742390072902947
12275,0,unclassified,9,1074.14,1340.0,7.6522081038594125
12275,0,unclassified,10,972.82,990.0,0.5484005984613249
12275,0,unclassified,11,945.61,800.0,4.92870232402398
12275,0,unclassified,12,1000.79,895.0,3.436089765171486
12275,0,unclassified,13,1077.94,1080.0,0.06271371608858624
12275,0,unclassified,14,1099.1,1055.0,1.3437567441529255
12275,0,unclassified,15,1006.45,1085.0,2.4290555343930293
12275,0,unclassified,16,974.64,965.0,0.30955046866079855
12275,0,unclassified,17,838.43,1105.0,8.551490519200609
12275,0,unclassified,18,812.29,1185.0,11.794118290978114
12275,0,unclassified,19,957.0,900.0,1.870612799474373
12275,0,unclassified,20,831.34,600.0,8.64757475456413
12275,0,unclassified,21,505.81,420.0,3.988338089036234
12275,0,unclassified,22,384.71,610.0,10.102030394216463
12275,0,unclassified,23,365.51,750.0,16.280334090185292
122861,0,unclassified,0,208.62,0.0,20.426453436659042
122861,0,unclassified,1,145.81,0.0,17.076884961842428
122861,0,unclassified,2,94.88,0.0,13.775340286178052
122861,0,unclassified,3,26.25,20.0,1.299688112275091
122861,0,unclassified,4,57.69,35.0,3.3329826477880675
122861,0,unclassified,5,87.78,20.0,9.233098585105584
122861,0,unclassified,6,173.72,460.0,16.082638480473076
122861,0,unclassified,7,390.71,1530.0,36.76362982382595
122861,0,unclassified,8,573.29,1675.0,32.8591348644639
122861,0,unclassified,9,509.14,1545.0,32.322209511209564
122861,0,unclassified,10,514.04,1325.0,26.743536920326644
122861,0,unclassified,11,553.11,1295.0,24.40566280048182
122861,0,unclassified,12,664.04,1265.0,19.350400026148865
122861,0,unclassified,13,549.23,1255.0,23.49807263330406
122861,0,unclassified,14,594.82,1150.0,18.796348778083264
122861,0,unclassified,15,602.29,1060.0,15.87639891763388
122861,0,unclassified,16,652.14,1140.0,16.297622071495866
122861,0,unclassified,17,673.14,1550.0,26.300369534328865
122861,0,unclassified,18,736.86,1580.0,24.77221242430685
122861,0,unclassified,19,737.0,1325.0,18.31251500001041
122861,0,unclassified,20,660.48,760.0,3.7342879522708645
122861,0,unclassified,21,431.88,875.0,17.33478637898642
122861,0,unclassified,22,328.14,805.0,20.03383566730439
122861,0,unclassified,23,311.88,755.0,19.18574036813032
122862,0,unclassified,0,208.62,0.0,20.426453436659042
122862,0,unclassified,1,145.81,0.0,17.076884961842428
122862,0,unclassified,2,94.88,0.0,13.775340286178052
122862,0,unclassified,3,26.25,0.0,7.245688373094719
122862,0,unclassified,4,57.69,5.0,9.411179601064374
122862,0,unclassified,5,87.78,5.0,12.153832193622337
122862,0,unclassified,6,173.72,40.0,12.935665686494863
122862,0,unclassified,7,390.71,395.0,0.21644180633462254
122862,0,unclassified,8,573.29,630.0,2.312008845800002
122862,0,unclassified,9,509.14,710.0,8.135451602757692
122862,0,unclassified,10,514.04,620.0,4.4498232494595
122862,0,unclassified,11,553.11,655.0,4.1456565565869905
122862,0,unclassified,12,664.04,855.0,6.929035698187893
122862,0,unclassified,13,549.23,875.0,12.207761076433602
122862,0,unclassified,14,594.82,735.0,5.436315124311197
122862,0,unclassified,15,602.29,690.0,3.4505165675630427
122862,0,unclassified,16,652.14,800.0,5.48733475889781
122862,0,unclassified,17,673.14,780.0,3.964390610756436
122862,0,unclassified,18,736.86,670.0,2.5209018044954457
122862,0,unclassified,19,737.0,760.0,0.8406823579612623
122862,0,unclassified,20,660.48,540.0,4.917591983444108
122862,0,unclassified,21,431.88,370.0,3.0903709449583894
122862,0,unclassified,22,328.14,320.0,0.45217337897051396
122862,0,unclassified,23,311.88,265.0,2.7603227167281306
123009,0,unclassified,0,4.52,0.0,3.0066592756745814
123009,0,unclassified,1,0.45,0.0,0.9486832980505138
123009,0,unclassified,2,0.0,0.0,
123009,0,unclassified,3,0.0,0.0,
123009,0,unclassified,4,0.0,0.0,
123009,0,unclassified,5,0.0,0.0,
123009,0,unclassified,6,4.29,15.0,3.4485645130433746
123009,0,unclassified,7,185.74,120.0,5.3170233427839895
123009,0,unclassified,8,333.53,305.0,1.5967102610606756
123009,0,unclassified,9,185.86,250.0,4.344806566616853
123009,0,unclassified,10,155.38,175.0,1.5265362665001614
123009,0,unclassified,11,188.08,190.0,0.13964467331870686
123009,0,unclassified,12,214.4,230.0,1.0465321413852011
123009,0,unclassified,13,184.09,170.0,1.0589346516735634
123009,0,unclassified,14,175.75,140.0,2.8452430053166364
123009,0,unclassified,15,191.32,150.0,3.162965407640196
123009,0,unclassified,16,275.54,165.0,7.44803629517794
123009,0,unclassified,17,353.29,215.0,8.203907735399898
123009,0,unclassified,18,338.43,315.0,1.2962469620348733
123009,0,unclassified,19,228.48,150.0,5.704958961581503
123009,0,unclassified,20,152.77,80.0,6.745340376074816
123009,0,unclassified,21,80.65,85.0,0.4779786900392131
123009,0,unclassified,22,34.17,85.0,6.584937205687922
123009,0,unclassified,23,55.0,125.0,7.378647873726218
123010,0,unclassified,0,4.52,0.0,3.0066592756745814
123010,0,unclassified,1,0.45,0.0,0.9486832980505138
123010,0,unclassified,2,0.0,0.0,
123010,0,unclassified,3,0.0,0.0,
123010,0,unclassified,4,0.0,0.0,
123010,0,unclassified,5,0.0,0.0,
123010,0,unclassified,6,4.29,5.0,0.32943177748544966
123010,0,unclassified,7,185.74,205.0,1.3779305994346256
123010,0,unclassified,8,333.53,155.0,11.423010701195308
123010,0,unclassified,9,185.86,230.0,3.061073460492954
123010,0,unclassified,10,155.38,185.0,2.270481852602879
123010,0,unclassified,11,188.08,215.0,1.8962449117419227
123010,0,unclassified,12,214.4,180.0,2.449655355152306
123010,0,unclassified,13,184.09,100.0,7.055558172312351
123010,0,unclassified,14,175.75,105.0,5.9714741904427395
123010,0,unclassified,15,191.32,55.0,12.283573739995926
123010,0,unclassified,16,275.54,150.0,8.60650702391511
123010,0,unclassified,17,353.29,195.0,9.56011935627295
123010,0,unclassified,18,338.43,260.0,4.534094153443423
123010,0,unclassified,19,228.48,190.0,2.660190313189941
123010,0,unclassified,20,152.77,90.0,5.6973069374339955
123010,0,unclassified,21,80.65,25.0,7.656766724162635
123010,0,unclassified,22,34.17,50.0,2.4401540744090675
123010,0,unclassified,23,55.0,40.0,2.176428750330035
123300,0,unclassified,0,69.07,0.0,11.753297409663382
123300,0,unclassified,1,17.19,0.0,5.863446085707619
123300,0,unclassified,2,0.44,0.0,0.938083151964686
123300,0,unclassified,3,0.0,0.0,
123300,0,unclassified,4,0.0,0.0,
123300,0,unclassified,5,0.85,0.0,1.3038404810405297
123300,0,unclassified,6,37.5,20.0,3.2637668288410984
123300,0,unclassified,7,255.38,315.0,3.5304074028005026
123300,0,unclassified,8,350.57,545.0,9.188159073474006
123300,0,unclassified,9,213.19,420.0,11.623034014075301
123300,0,unclassified,10,151.71,285.0,9.020196477575077
123300,0,unclassified,11,169.98,240.0,4.890528213609213
123300,0,unclassified,12,193.74,375.0,10.748802586422455
123300,0,unclassified,13,192.89,290.0,6.249637766222272
123300,0,unclassified,14,191.51,325.0,8.306620390091632
123300,0,unclassified,15,182.88,340.0,9.717296469347563
123300,0,unclassified,16,243.02,295.0,3.169217628053301
123300,0,unclassified,17,313.43,470.0,7.910855475326644
123300,0,unclassified,18,302.0,460.0,8.094585209341247
123300,0,unclassified,19,240.57,440.0,10.811080135362412
123300,0,unclassified,20,197.29,420.0,12.6768133222967
123300,0,unclassified,21,125.24,235.0,8.178301727302172
123300,0,unclassified,22,93.44,190.0,8.11113603641921
123300,0,unclassified,23,96.84,185.0,7.426518448790405
123301,0,unclassified,0,69.07,0.0,11.753297409663382
123301,0,unclassified,1,17.19,0.0,5.863446085707619
123301,0,unclassified,2,0.44,0.0,0.938083151964686
123301,0,unclassified,3,0.0,0.0,
123301,0,unclassified,4,0.0,0.0,
123301,0,unclassified,5,0.85,0.0,1.3038404810405297
123301,0,unclassified,6,37.5,35.0,0.41522739926869984
123301,0,unclassified,7,255.38,280.0,1.504776411634605
123301,0,unclassified,8,350.57,555.0,9.607239405613065
123301,0,unclassified,9,213.19,340.0,7.624850624222324
123301,0,unclassified,10,151.71,230.0,5.667017086119567
123301,0,unclassified,11,169.98,300.0,8.481750070528172
123301,0,unclassified,12,193.74,325.0,8.15027999763129
123301,0,unclassified,13,192.89,295.0,6.537659772909497
123301,0,unclassified,14,191.51,330.0,8.576342034423261
123301,0,unclassified,15,182.88,190.0,0.5214473281421663
123301,0,unclassified,16,243.02,270.0,1.6845728424077486
123301,0,unclassified,17,313.43,495.0,9.031042388928851
123301,0,unclassified,18,302.0,600.0,14.032271958570732
123301,0,unclassified,19,240.57,450.0,11.270677855839844
123301,0,unclassified,20,197.29,260.0,4.147209230135577
123301,0,unclassified,21,125.24,145.0,1.6999146706547956
123301,0,unclassified,22,93.44,115.0,2.111899377120679
123301,0,unclassified,23,96.84,60.0,4.160123298743658
123302,0,unclassified,0,140.23,0.0,16.746940019000487
123302,0,unclassified,1,89.09,0.0,13.348408144793895
123302,0,unclassified,2,14.48,0.0,5.3814496188294845
123302,0,unclassified,3,2.46,0.0,2.2181073012818833
123302,0,unclassified,4,5.71,0.0,3.3793490497431606
123302,0,unclassified,5,4.39,0.0,2.9631064780058107
123302,0,unclassified,6,66.67,20.0,7.089545603164675
123302,0,unclassified,7,338.72,275.0,3.637521984336945
123302,0,unclassified,8,943.14,490.0,16.92790017614746
123302,0,unclassified,9,517.57,375.0,6.748729240337711
123302,0,unclassified,10,258.49,245.0,0.850220403397971
123302,0,unclassified,11,274.89,225.0,3.1556677918670037
123302,0,unclassified,12,345.09,335.0,0.5471708712085339
123302,0,unclassified,13,310.21,290.0,1.1666207532611665
123302,0,unclassified,14,330.06,295.0,1.9831979086569473
123302,0,unclassified,15,324.04,265.0,3.4402416776280327
123302,0,unclassified,16,448.29,250.0,10.612016077051898
123302,0,unclassified,17,525.29,430.0,4.360082520872277
123302,0,unclassified,18,418.71,435.0,0.7884622369905473
123302,0,unclassified,19,341.57,375.0,1.7661275428520475
123302,0,unclassified,20,231.65,410.0,9.957240851130003
123302,0,unclassified,21,157.81,225.0,4.8565515378496675
123302,0,unclassified,22,144.89,170.0,2.001162131796194
123302,0,unclassified,23,148.04,165.0,1.3556292418842157
123303,0,unclassified,0,140.23,0.0,16.746940019000487
123303,0,unclassified,1,89.09,0.0,13.348408144793895
123303,0,unclassified,2,14.48,0.0,5.3814496188294845
123303,0,unclassified,3,2.46,0.0,2.2181073012818833
123303,0,unclassified,4,5.71,0.0,3.3793490497431606
123303,0,unclassified,5,4.39,0.0,2.9631064780058107
123303,0,unclassified,6,66.67,30.0,5.274484841030847
123303,0,unclassified,7,338.72,260.0,4.549756984248009
123303,0,unclassified,8,943.14,545.0,14.595833977825494
123303,0,unclassified,9,517.57,340.0,8.575309480919104
123303,0,unclassified,10,258.49,230.0,1.8229703634949994
123303,0,unclassified,11,274.89,295.0,1.1913285514750038
123303,0,unclassified,12,345.09,325.0,1.0975602404415068
123303,0,unclassified,13,310.21,320.0,0.5515120992282221
123303,0,unclassified,14,330.06,335.0,0.27090157672278836
123303,0,unclassified,15,324.04,195.0,8.010118446933777
123303,0,unclassified,16,448.29,270.0,9.407886573680361
123303,0,unclassified,17,525.29,495.0,1.341073114952401
123303,0,unclassified,18,418.71,600.0,8.032737262054228
123303,0,unclassified,19,341.57,455.0,5.683697514802581
123303,0,unclassified,20,231.65,260.0,1.8081732470101117
123303,0,unclassified,21,157.81,150.0,0.6295419417567946
123303,0,unclassified,22,144.89,115.0,2.622081149400622
123303,0,unclassified,23,148.04,60.0,8.632202289232918
123951,0,unclassified,0,48.18,0.0,9.81631295344642
123951,0,unclassified,1,5.83,0.0,3.4146742157927745
123951,0,unclassified,2,0.0,0.0,
123951,0,unclassified,3,0.0,0.0,
123951,0,unclassified,4,0.0,0.0,
123951,0,unclassified,5,0.0,10.0,4.47213595499958
123951,0,unclassified,6,42.5,30.0,2.0761369963434992
123951,0,unclassified,7,138.21,115.0,2.0627647994253047
123951,0,unclassified,8,196.44,205.0,0.6041968274472566
123951,0,unclassified,9,167.72,215.0,3.41784124792048
123951,0,unclassified,10,157.16,200.0,3.205775111308483
123951,0,unclassified,11,190.43,175.0,1.1415076463374938
123951,0,unclassified,12,205.36,210.0,0.321973881358953
123951,0,unclassified,13,157.58,160.0,0.1920453480464402
123951,0,unclassified,14,174.24,140.0,2.7316057660467408
123951,0,unclassified,15,197.16,150.0,3.57951308562719
123951,0,unclassified,16,233.68,230.0,0.241687191246658
123951,0,unclassified,17,263.33,230.0,2.122176731238149
123951,0,unclassified,18,256.67,270.0,0.8214400185206392
123951,0,unclassified,19,221.53,240.0,1.2158553925444775
123951,0,unclassified,20,179.26,210.0,2.2034285475661712
123951,0,unclassified,21,117.92,90.0,2.738307894845266
123951,0,unclassified,22,89.0,55.0,4.006938426723769
123951,0,unclassified,23,94.63,110.0,1.5195122765283133
123952,0,unclassified,0,48.18,0.0,9.81631295344642
123952,0,unclassified,1,5.83,0.0,3.4146742157927745
123952,0,unclassified,2,0.0,0.0,
123952,0,unclassified,3,0.0,0.0,
123952,0,unclassified,4,0.0,0.0,
123952,0,unclassified,5,0.0,15.0,5.477225575051661
123952,0,unclassified,6,42.5,50.0,1.1028219331407116
123952,0,unclassified,7,138.21,245.0,7.71484433411368
123952,0,unclassified,8,196.44,415.0,12.499963836137663
123952,0,unclassified,9,167.72,265.0,6.613556613338487
123952,0,unclassified,10,157.16,265.0,7.422604771104515
123952,0,unclassified,11,190.43,290.0,6.424338938715183
123952,0,unclassified,12,205.36,310.0,6.518645671047257
123952,0,unclassified,13,157.58,245.0,6.1616879771863715
123952,0,unclassified,14,174.24,245.0,4.887327768067886
123952,0,unclassified,15,197.16,210.0,0.8999066657567255
123952,0,unclassified,16,233.68,250.0,1.049436311998392
123952,0,unclassified,17,263.33,305.0,2.4719416074865004
123952,0,unclassified,18,256.67,290.0,2.015986830612199
123952,0,unclassified,19,221.53,265.0,2.787082508799933
123952,0,unclassified,20,179.26,205.0,1.8569959270010692
123952,0,unclassified,21,117.92,155.0,3.1742201337373275
123952,0,unclassified,22,89.0,115.0,2.5743836117393535
123952,0,unclassified,23,94.63,100.0,0.5443577272818889
12490,0,unclassified,0,66.89,0.0,11.566330446602327
12490,0,unclassified,1,36.6,0.0,8.555699854482976
12490,0,unclassified,2,12.76,0.0,5.0517323761260355
12490,0,unclassified,3,2.22,0.0,2.1071307505705477
12490,0,unclassified,4,5.08,15.0,3.1307242393651036
12490,0,unclassified,5,80.0,5.0,11.504474832710557
12490,0,unclassified,6,261.29,60.0,15.881393018734418
12490,0,unclassified,7,626.96,365.0,11.76258838108345
12490,0,unclassified,8,777.31,505.0,10.75429817102433
12490,0,unclassified,9,686.0,460.0,9.441285445062464
12490,0,unclassified,10,731.17,635.0,3.6796138232307127
12490,0,unclassified,11,750.22,650.0,3.787662358146641
12490,0,unclassified,12,987.92,695.0,10.097928411373378
12490,0,unclassified,13,752.51,650.0,3.8710452512157696
12490,0,unclassified,14,812.5,665.0,5.426793215368434
12490,0,unclassified,15,873.79,685.0,6.7623894555868524
12490,0,unclassified,16,998.13,660.0,11.74327994058362
12490,0,unclassified,17,984.01,620.0,12.853599883152281
12490,0,unclassified,18,1013.29,470.0,19.94957622667772
12490,0,unclassified,19,847.4,320.0,21.829574914060032
12490,0,unclassified,20,643.62,410.0,10.17848203588016
12490,0,unclassified,21,490.86,355.0,6.606285890317376
12490,0,unclassified,22,132.24,400.0,16.413717029325607
12490,0,unclassified,23,123.92,315.0,12.898450614363027
12492,0,unclassified,0,58.0,0.0,10.770329614269007
12492,0,unclassified,1,25.71,0.0,7.170774016799023
12492,0,unclassified,2,8.44,0.0,4.1085277168348275
12492,0,unclassified,3,1.23,0.0,1.5684387141358123
12492,0,unclassified,4,1.58,10.0,3.499232583027441
12492,0,unclassified,5,36.87,5.0,6.965392290029362
12492,0,unclassified,6,113.79,60.0,5.770376499917722
12492,0,unclassified,7,273.46,370.0,5.38222085859681
12492,0,unclassified,8,341.86,375.0,1.7504524905140222
12492,0,unclassified,9,313.14,395.0,4.350379811227366
12492,0,unclassified,10,292.56,430.0,7.23088053447218
12492,0,unclassified,11,342.52,445.0,5.164440979411546
12492,0,unclassified,12,405.93,485.0,3.746320640809213
12492,0,unclassified,13,316.9,475.0,7.945325544293236
12492,0,unclassified,14,372.79,460.0,4.27379349321611
12492,0,unclassified,15,395.58,595.0,8.960637989143676
12492,0,unclassified,16,448.64,565.0,5.168646617523083
12492,0,unclassified,17,445.0,440.0,0.2376913442707642
12492,0,unclassified,18,428.71,310.0,6.176825235144287
12492,0,unclassified,19,369.29,230.0,8.046674257759483
12492,0,unclassified,20,252.76,300.0,2.84155837747377
12492,0,unclassified,21,176.41,210.0,2.4165780315934247
12492,0,unclassified,22,115.96,220.0,8.027338096993503
12492,0,unclassified,23,107.47,205.0,7.802774542167252
125408,0,unclassified,0,79.32,0.0,12.59523719506703
125408,0,unclassified,1,42.18,0.0,9.184770002564028
125408,0,unclassified,2,6.76,0.0,3.676955262170047
125408,0,unclassified,3,0.72,0.0,1.2
125408,0,unclassified,4,0.4,0.0,0.894427190999916
125408,0,unclassified,5,2.34,0.0,2.1633307652783933
125408,0,unclassified,6,21.1,40.0,3.419449520690416
125408,0,unclassified,7,150.95,175.0,1.8838858575352995
125408,0,unclassified,8,388.71,305.0,4.494727450153411
125408,0,unclassified,9,280.86,295.0,0.8333087668150982
125408,0,unclassified,10,166.85,235.0,4.807827438496787
125408,0,unclassified,11,199.96,285.0,5.461164894593335
125408,0,unclassified,12,225.14,195.0,2.0795110395618797
125408,0,unclassified,13,186.8,125.0,4.949546600029415
125408,0,unclassified,14,182.06,235.0,3.666060817579167
125408,0,unclassified,15,192.3,155.0,2.8305539570907863
125408,0,unclassified,16,274.43,195.0,5.184586683145385
125408,0,unclassified,17,362.43,225.0,8.018968052609562
125408,0,unclassified,18,307.0,310.0,0.1708022826928716
125408,0,unclassified,19,234.82,210.0,1.6642732090943597
125408,0,unclassified,20,153.43,200.0,3.5032370913988204
125408,0,unclassified,21,97.65,110.0,1.212037306744327
125408,0,unclassified,22,84.27,150.0,6.073237868695576
125408,0,unclassified,23,92.12,185.0,7.890477202615089
126120,0,unclassified,0,63.04,0.0,11.22853507809456
126120,0,unclassified,1,13.8,0.0,5.253570214625479
126120,0,unclassified,2,4.76,0.0,3.0854497241083023
126120,0,unclassified,3,1.41,0.0,1.6792855623746665
126120,0,unclassified,4,1.04,0.0,1.4422205101855958
126120,0,unclassified,5,4.09,15.0,3.5313176429546296
126120,0,unclassified,6,55.82,30.0,3.9416402189875654
126120,0,unclassified,7,225.74,335.0,6.525224007405984
126120,0,unclassified,8,392.71,520.0,5.958581445093511
126120,0,unclassified,9,315.57,500.0,9.133052264852289
126120,0,unclassified,10,277.68,350.0,4.082293917624635
126120,0,unclassified,11,322.04,205.0,7.209871462710269
126120,0,unclassified,12,422.54,265.0,8.496828529725661
126120,0,unclassified,13,337.96,225.0,6.732880595563173
126120,0,unclassified,14,329.09,180.0,9.344718632904584
126120,0,unclassified,15,315.01,200.0,7.167088551678825
126120,0,unclassified,16,419.07,215.0,11.46108040822657
126120,0,unclassified,17,458.71,215.0,13.278586611114212
126120,0,unclassified,18,490.29,280.0,10.715353152453199
126120,0,unclassified,19,483.43,240.0,12.799436191241066
126120,0,unclassified,20,360.71,130.0,14.728854189230713
126120,0,unclassified,21,197.01,135.0,4.8128369279669085
126120,0,unclassified,22,120.0,160.0,3.3806170189140663
126120,0,unclassified,23,109.92,230.0,9.210799273273194
126121,0,unclassified,0,63.04,0.0,11.22853507809456
126121,0,unclassified,1,13.8,0.0,5.253570214625479
126121,0,unclassified,2,4.76,0.0,3.0854497241083023
126121,0,unclassified,3,1.41,0.0,1.6792855623746665
126121,0,unclassified,4,1.04,0.0,1.4422205101855958
126121,0,unclassified,5,4.09,5.0,0.4268491771363771
126121,0,unclassified,6,55.82,115.0,6.403546976946592
126121,0,unclassified,7,225.74,255.0,1.887270667622116
126121,0,unclassified,8,392.71,430.0,1.8385861874280827
126121,0,unclassified,9,315.57,500.0,9.133052264852289
126121,0,unclassified,10,277.68,435.0,8.33396457170322
126121,0,unclassified,11,322.04,410.0,4.5976172369707795
126121,0,unclassified,12,422.54,495.0,3.3829908594643565
126121,0,unclassified,13,337.96,370.0,1.7029548938124905
126121,0,unclassified,14,329.09,350.0,1.1347635127360198
126121,0,unclassified,15,315.01,340.0,1.3808842899636318
126121,0,unclassified,16,419.07,305.0,5.995096283128104
126121,0,unclassified,17,458.71,425.0,1.603684256128769
126121,0,unclassified,18,490.29,465.0,1.1571674567411063
126121,0,unclassified,19,483.43,360.0,6.010508347258303
126121,0,unclassified,20,360.71,280.0,4.509325588389005
126121,0,unclassified,21,197.01,140.0,4.391821141044765
126121,0,unclassified,22,120.0,100.0,1.9069251784911847
126121,0,unclassified,23,109.92,130.0,1.8333504096530093
126605,0,unclassified,0,212.79,0.0,20.629590398260458
126605,0,unclassified,1,155.37,0.0,17.627818923508375
126605,0,unclassified,2,92.08,0.0,13.5705563629499
126605,0,unclassified,3,25.0,0.0,7.0710678118654755
126605,0,unclassified,4,40.0,5.0,7.378647873726218
126605,0,unclassified,5,77.31,5.0,11.271638674822102
126605,0,unclassified,6,149.58,55.0,9.351531053954982
126605,0,unclassified,7,343.19,190.0,9.382194159480894
126605,0,unclassified,8,514.49,230.0,14.74526454944085
126605,0,unclassified,9,450.0,260.0,10.08415295625123
126605,0,unclassified,10,458.02,215.0,13.247777616632122
126605,0,unclassified,11,443.42,335.0,5.495629016340575
126605,0,unclassified,12,463.86,290.0,8.955076970620114
126605,0,unclassified,13,425.14,250.0,9.532425582326683
126605,0,unclassified,14,495.27,325.0,8.407651848414915
126605,0,unclassified,15,493.34,210.0,15.109156821029622
126605,0,unclassified,16,517.71,210.0,16.13159970009278
126605,0,unclassified,17,572.14,210.0,18.31256784002429
126605,0,unclassified,18,496.26,200.0,15.878237492725424
126605,0,unclassified,19,447.97,210.0,13.12000988303639
126605,0,unclassified,20,437.1,165.0,15.682280804801888
126605,0,unclassified,21,358.79,175.0,11.249977629549106
126605,0,unclassified,22,288.99,130.0,10.984567913079069
126605,0,unclassified,23,283.71,55.0,17.574628047339505
126608,0,unclassified,0,357.36,0.0,26.734247698411117
126608,0,unclassified,1,255.47,0.0,22.60398195009012
126608,0,unclassified,2,125.53,0.0,15.844872987815332
126608,0,unclassified,3,12.35,15.0,0.7166089145274821
126608,0,unclassified,4,17.78,20.0,0.5107836597444532
126608,0,unclassified,5,69.8,15.0,8.41584310062513
126608,0,unclassified,6,311.26,385.0,3.9521407976560217
126608,0,unclassified,7,959.67,1720.0,20.77191167899471
126608,0,unclassified,8,1771.0,1885.0,2.6663475374324315
126608,0,unclassified,9,1161.61,1700.0,14.233337917558604
126608,0,unclassified,10,873.54,1440.0,16.655042280398483
126608,0,unclassified,11,903.68,1175.0,8.415946915691224
126608,0,unclassified,12,1047.46,1235.0,5.551461366821242
126608,0,unclassified,13,927.76,1045.0,3.732962961219842
126608,0,unclassified,14,1062.29,1510.0,12.483944463718366
126608,0,unclassified,15,1080.7,1390.0,8.800045349563216
126608,0,unclassified,16,1237.57,1550.0,8.368639032173455
126608,0,unclassified,17,1338.86,1740.0,10.223885976570322
126608,0,unclassified,18,1236.36,1770.0,13.763943496758708
126608,0,unclassified,19,1101.5,1715.0,16.34837861689607
126608,0,unclassified,20,866.62,1435.0,16.754712273928774
126608,0,unclassified,21,494.72,1230.0,25.038508270737044
126608,0,unclassified,22,424.02,1300.0,29.835824140283197
126608,0,unclassified,23,446.43,1010.0,20.884210233728606
126610,0,unclassified,0,295.31,0.0,24.302674749911787
126610,0,unclassified,1,231.56,0.0,21.520223047171235
126610,0,unclassified,2,110.77,0.0,14.884219831754702
126610,0,unclassified,3,22.5,0.0,6.708203932499369
126610,0,unclassified,4,33.85,0.0,8.228000972289685
126610,0,unclassified,5,94.71,5.0,12.705345995639783
126610,0,unclassified,6,265.38,140.0,8.8066777304433
126610,0,unclassified,7,643.71,620.0,0.9432413707103067
126610,0,unclassified,8,1038.71,685.0,12.048423805167136
126610,0,unclassified,9,885.51,730.0,5.471652323193094
126610,0,unclassified,10,823.7,610.0,7.981607685181469
126610,0,unclassified,11,775.25,680.0,3.5311094424443774
126610,0,unclassified,12,856.97,760.0,3.410369316301708
126610,0,unclassified,13,798.1,575.0,8.514584984245348
126610,0,unclassified,14,901.9,630.0,9.824466980244619
126610,0,unclassified,15,881.59,420.0,18.093987575682565
126610,0,unclassified,16,969.14,500.0,17.309553670456577
126610,0,unclassified,17,1076.86,715.0,12.089366374901568
126610,0,unclassified,18,1046.14,610.0,15.156272107672743
126610,0,unclassified,19,920.57,455.0,17.752463886658727
126610,0,unclassified,20,840.91,500.0,13.166032527903841
126610,0,unclassified,21,497.29,405.0,4.345067942274242
126610,0,unclassified,22,364.17,310.0,2.9504558612061365
126610,0,unclassified,23,399.28,240.0,8.909035429063621
126612,0,unclassified,0,195.22,0.0,19.759554650851825
126612,0,unclassified,1,132.71,0.0,16.291715686200764
126612,0,unclassified,2,78.25,0.0,12.509996003196804
126612,0,unclassified,3,9.78,0.0,4.422668877499196
126612,0,unclassified,4,1.57,5.0,1.892458798604081
126612,0,unclassified,5,47.27,15.0,5.783284141532305
126612,0,unclassified,6,167.31,40.0,12.504530499228114
126612,0,unclassified,7,565.14,235.0,16.505555827044937
126612,0,unclassified,8,994.0,590.0,14.35551490127777
126612,0,unclassified,9,640.22,420.0,9.56475301291529
126612,0,unclassified,10,504.91,480.0,1.1225106028485565
126612,0,unclassified,11,516.98,415.0,4.724182963864336
126612,0,unclassified,12,613.31,415.0,8.745760552655632
126612,0,unclassified,13,568.19,475.0,4.080398713176182
126612,0,unclassified,14,590.39,560.0,1.2671357647009795
126612,0,unclassified,15,585.2,485.0,4.331618960407857
126612,0,unclassified,16,776.64,455.0,12.961138718677615
126612,0,unclassified,17,913.14,470.0,16.850891435963227
126612,0,unclassified,18,798.5,480.0,12.597201270885927
126612,0,unclassified,19,693.29,515.0,7.253646590186515
126612,0,unclassified,20,561.34,470.0,4.022305697300942
126612,0,unclassified,21,328.02,455.0,6.417470678732432
126612,0,unclassified,22,257.43,270.0,0.7740479435967808
126612,0,unclassified,23,266.29,145.0,8.457965683060568
127951,0,unclassified,0,86.33,0.0,13.140015220691337
127951,0,unclassified,1,48.65,0.0,9.864076236526156
127951,0,unclassified,2,20.71,0.0,6.435837163881635
127951,0,unclassified,3,3.1,0.0,2.4899799195977463
127951,0,unclassified,4,36.16,5.0,6.868703406883976
127951,0,unclassified,5,47.0,0.0,9.695359714832659
127951,0,unclassified,6,125.19,25.0,11.561624649024681
127951,0,unclassified,7,357.39,140.0,13.784976675269164
127951,0,unclassified,8,589.71,340.0,11.581829875995657
127951,0,unclassified,9,487.05,330.0,7.77013601998364
127951,0,unclassified,10,454.57,285.0,8.818086911969736
127951,0,unclassified,11,493.43,315.0,8.874863102145591
127951,0,unclassified,12,507.07,275.0,11.735759114395886
127951,0,unclassified,13,515.14,305.0,10.377189052202988
127951,0,unclassified,14,454.14,280.0,9.089167234439582
127951,0,unclassified,15,468.36,205.0,14.352949416209876
127951,0,unclassified,16,539.64,260.0,13.98514701215644
127951,0,unclassified,17,585.43,325.0,12.20626315859128
127951,0,unclassified,18,523.43,360.0,7.776079767265021
127951,0,unclassified,19,460.71,305.0,7.957915861617719
127951,0,unclassified,20,349.05,185.0,10.039226966384243
127951,0,unclassified,21,251.16,250.0,0.073279886293405
127951,0,unclassified,22,189.78,120.0,5.606854359154042
127951,0,unclassified,23,154.39,95.0,5.318495614859231
127954,0,unclassified,0,101.17,0.0,14.224626532883033
127954,0,unclassified,1,54.43,0.0,10.433599570617995
127954,0,unclassified,2,27.04,0.0,7.353910524340094
127954,0,unclassified,3,12.88,5.0,2.6354662446371657
127954,0,unclassified,4,63.63,5.0,10.008705084745385
127954,0,unclassified,5,81.82,0.0,12.792185114357906
127954,0,unclassified,6,174.33,100.0,6.3466197503039705
127954,0,unclassified,7,512.26,225.0,14.961661265228026
127954,0,unclassified,8,762.19,400.0,15.024944832127003
127954,0,unclassified,9,625.61,370.0,11.456401174511797
127954,0,unclassified,10,589.64,410.0,8.035191494223742
127954,0,unclassified,11,686.59,325.0,16.077893418232946
127954,0,unclassified,12,754.64,345.0,17.46996724542905
127954,0,unclassified,13,693.79,375.0,13.790293096390421
127954,0,unclassified,14,616.81,380.0,10.607397468302544
127954,0,unclassified,15,624.31,280.0,16.19220402946225
127954,0,unclassified,16,667.4,320.0,15.635013137545531
127954,0,unclassified,17,828.17,415.0,16.572137093839487
127954,0,unclassified,18,691.87,435.0,10.821599949991244
127954,0,unclassified,19,574.96,320.0,12.052724670602085
127954,0,unclassified,20,405.99,185.0,12.855754003762765
127954,0,unclassified,21,305.41,285.0,1.187903467939262
127954,0,unclassified,22,246.47,195.0,3.464324520855686
127954,0,unclassified,23,200.14,110.0,7.23858469610302
127963,0,unclassified,0,85.8,0.0,13.099618315050252
127963,0,unclassified,1,39.17,0.0,8.850988645343525
127963,0,unclassified,2,13.54,0.0,5.203844732503075
127963,0,unclassified,3,7.21,0.0,3.797367509209505
127963,0,unclassified,4,19.64,5.0,4.170957098422749
127963,0,unclassified,5,32.39,0.0,8.048602363143553
127963,0,unclassified,6,95.9,15.0,10.864199859783847
127963,0,unclassified,7,329.1,205.0,7.594085638082088
127963,0,unclassified,8,527.43,235.0,14.977417423302716
127963,0,unclassified,9,514.57,230.0,14.748618597705365
127963,0,unclassified,10,504.75,190.0,16.887542651238785
127963,0,unclassified,11,566.25,215.0,17.77200045014629
127963,0,unclassified,12,642.21,300.0,15.766447154009004
127963,0,unclassified,13,489.09,275.0,10.953152189259226
127963,0,unclassified,14,485.94,240.0,12.90903573356829
127963,0,unclassified,15,604.62,280.0,15.435186960178697
127963,0,unclassified,16,576.43,205.0,18.790872077271
127963,0,unclassified,17,616.0,270.0,16.438956099837064
127963,0,unclassified,18,594.57,210.0,19.17381278618731
127963,0,unclassified,19,543.71,215.0,16.8767963593356
127963,0,unclassified,20,429.86,165.0,15.357622535706227
127963,0,unclassified,21,275.36,125.0,10.62727636308534
127963,0,unclassified,22,230.95,105.0,9.717976554496165
127963,0,unclassified,23,185.76,90.0,8.155179039709232
127966,0,unclassified,0,68.57,0.0,11.71067888723792
127966,0,unclassified,1,22.76,0.0,6.7468511173731995
127966,0,unclassified,2,9.85,0.0,4.43846820423443
127966,0,unclassified,3,3.48,0.0,2.6381811916545836
127966,0,unclassified,4,12.2,0.0,4.9396356140913875
127966,0,unclassified,5,15.67,0.0,5.598214000911362
127966,0,unclassified,6,76.87,15.0,9.12868572222366
127966,0,unclassified,7,251.97,190.0,4.168694778338017
127966,0,unclassified,8,368.0,255.0,6.402497506271831
127966,0,unclassified,9,340.43,255.0,4.95119519336181
127966,0,unclassified,10,331.76,250.0,4.793844604762388
127966,0,unclassified,11,367.79,270.0,5.476090176222342
127966,0,unclassified,12,448.57,285.0,8.540786594195318
127966,0,unclassified,13,342.34,225.0,6.966896834061571
127966,0,unclassified,14,361.13,245.0,6.67077871027477
127966,0,unclassified,15,404.39,225.0,10.112378311235716
127966,0,unclassified,16,464.21,205.0,14.170511892699786
127966,0,unclassified,17,532.0,245.0,14.560838506693838
127966,0,unclassified,18,489.57,160.0,18.28730424527525
127966,0,unclassified,19,405.0,145.0,15.678589918043707
127966,0,unclassified,20,317.34,155.0,10.563629892027862
127966,0,unclassified,21,199.88,95.0,8.637439483130533
127966,0,unclassified,22,181.45,85.0,8.356210419814799
127966,0,unclassified,23,147.56,65.0,8.008365968152587
128889,0,unclassified,0,104.34,0.0,14.445760623795481
128889,0,unclassified,1,55.29,0.0,10.51570254429061
128889,0,unclassified,2,8.57,0.0,4.1400483088968905
128889,0,unclassified,3,0.87,0.0,1.3190905958272918
128889,0,unclassified,4,5.07,5.0,0.031195956247511175
128889,0,unclassified,5,10.77,10.0,0.2389392382114193
128889,0,unclassified,6,86.98,55.0,3.795595047742314
128889,0,unclassified,7,311.05,365.0,2.9343846237893447
128889,0,unclassified,8,467.86,570.0,4.483750769859866
128889,0,unclassified,9,343.0,480.0,6.753604860726145
128889,0,unclassified,10,322.96,490.0,8.285159820624862
128889,0,unclassified,11,363.7,455.0,4.51256406004321
128889,0,unclassified,12,386.71,650.0,11.564336451131018
128889,0,unclassified,13,349.03,415.0,3.3752525657103756
128889,0,unclassified,14,346.18,370.0,1.2587679035168398
128889,0,unclassified,15,388.08,450.0,3.0248455698844348
128889,0,unclassified,16,445.5,535.0,4.042166831985447
128889,0,unclassified,17,518.43,580.0,2.627229176950624
128889,0,unclassified,18,478.71,530.0,2.2838339980753943
128889,0,unclassified,19,424.29,470.0,2.161658235844849
128889,0,unclassified,20,312.37,420.0,5.624488913763779
128889,0,unclassified,21,178.53,245.0,4.567710676893229
128889,0,unclassified,22,142.02,230.0,6.4508331826258845
128889,0,unclassified,23,133.61,195.0,4.789302222832218
130928,0,unclassified,0,129.44,0.0,16.089748288895013
130928,0,unclassified,1,33.1,0.0,8.136338242723197
130928,0,unclassified,2,8.24,0.0,4.059556626036888
130928,0,unclassified,3,0.27,0.0,0.7348469228349535
130928,0,unclassified,4,0.0,0.0,
130928,0,unclassified,5,6.91,0.0,3.7175260590882213
130928,0,unclassified,6,94.92,0.0,13.778243719719867
130928,0,unclassified,7,263.56,20.0,20.45495269061746
130928,0,unclassified,8,550.29,115.0,23.86647007064203
130928,0,unclassified,9,396.29,170.0,13.448099508411604
130928,0,unclassified,10,379.0,40.0,23.421121365432523
130928,0,unclassified,11,379.29,35.0,23.921432392472745
130928,0,unclassified,12,431.46,20.0,27.38627601771802
130928,0,unclassified,13,366.49,10.0,25.982780652488618
130928,0,unclassified,14,378.09,0.0,27.49872724327437
130928,0,unclassified,15,399.93,0.0,28.281796265442548
130928,0,unclassified,16,447.93,5.0,29.433001364750847
130928,0,unclassified,17,517.57,20.0,30.349509273380907
130928,0,unclassified,18,479.57,50.0,26.39898652966826
130928,0,unclassified,19,434.43,30.0,26.53983561537848
130928,0,unclassified,20,282.35,5.0,23.138626046339418
130928,0,unclassified,21,165.73,10.0,16.613622073461823
130928,0,unclassified,22,152.63,5.0,16.629154939782484
130928,0,unclassified,23,158.67,20.0,14.671404623187353
131323,0,unclassified,0,208.83,0.0,20.436731636932556
131323,0,unclassified,1,108.24,0.0,14.713259326199616
131323,0,unclassified,2,60.56,0.0,11.005453193758084
131323,0,unclassified,3,7.72,0.0,3.9293765408777
131323,0,unclassified,4,12.31,5.0,2.484756531376772
131323,0,unclassified,5,49.14,10.0,7.1977234968682255
131323,0,unclassified,6,200.4,140.0,4.6297459531889364
131323,0,unclassified,7,599.81,660.0,2.3982078239348446
131323,0,unclassified,8,956.14,680.0,9.654595597698371
131323,0,unclassified,9,795.0,740.0,1.9852879081321921
131323,0,unclassified,10,698.11,530.0,6.784063622102433
131323,0,unclassified,11,707.89,575.0,5.247018426060066
131323,0,unclassified,12,921.1,650.0,9.672586029679934
131323,0,unclassified,13,947.78,680.0,9.386318375038213
131323,0,unclassified,14,1023.35,725.0,10.090829102925214
131323,0,unclassified,15,971.35,790.0,6.110964008560214
131323,0,unclassified,16,1175.07,695.0,15.699673967400733
131323,0,unclassified,17,1209.29,865.0,10.690663741423197
131323,0,unclassified,18,980.29,825.0,5.1687437237475455
131323,0,unclassified,19,922.57,575.0,12.701754545509019
131323,0,unclassified,20,656.48,330.0,14.700341952609117
131323,0,unclassified,21,394.59,165.0,13.725652310015798
131323,0,unclassified,22,262.46,280.0,1.0650272676228305
131323,0,unclassified,23,220.34,415.0,10.921659121105593
1320,0,unclassified,0,400.8,0.0,28.31254139069822
1320,0,unclassified,1,287.06,0.0,23.96080132215949
1320,0,unclassified,2,142.0,0.0,16.852299546352718
1320,0,unclassified,3,37.5,0.0,8.660254037844387
1320,0,unclassified,4,212.5,5.0,19.897727011643443
1320,0,unclassified,5,258.89,5.0,22.10289328449377
1320,0,unclassified,6,574.14,225.0,17.466390709438105
1320,0,unclassified,7,1383.17,895.0,14.464153441165296
1320,0,unclassified,8,1815.67,1000.0,21.738952342781005
1320,0,unclassified,9,1422.67,925.0,14.525728902417542
1320,0,unclassified,10,1342.12,1205.0,3.84229848398081
1320,0,unclassified,11,1440.38,1375.0,1.7425746967078384
1320,0,unclassified,12,1725.05,1090.0,16.92699483422985
1320,0,unclassified,13,1442.33,1065.0,10.656892500304144
1320,0,unclassified,14,1609.96,980.0,17.50577909312146
1320,0,unclassified,15,1696.32,960.0,20.204187895807465
1320,0,unclassified,16,1978.57,1230.0,18.689240671993304
1320,0,unclassified,17,2122.86,1285.0,20.29764173722761
1320,0,unclassified,18,1902.57,1195.0,17.97934409670899
1320,0,unclassified,19,1656.86,1085.0,15.444792567146191
1320,0,unclassified,20,1165.0,745.0,13.590880835502045
1320,0,unclassified,21,701.28,540.0,6.473820203546142
1320,0,unclassified,22,472.27,370.0,4.983535859953884
1320,0,unclassified,23,514.44,355.0,7.647024386348134
132595,0,unclassified,0,177.75,0.0,18.854707634964804
132595,0,unclassified,1,117.58,0.0,15.334927453366058
132595,0,unclassified,2,25.0,0.0,7.0710678118654755
132595,0,unclassified,3,6.32,0.0,3.5552777669262356
132595,0,unclassified,4,37.65,0.0,8.677557259966655
132595,0,unclassified,5,65.19,5.0,10.160187436641356
132595,0,unclassified,6,197.78,65.0,11.583812199638333
132595,0,unclassified,7,477.36,520.0,1.9094408989027392
132595,0,unclassified,8,630.86,745.0,4.351768093623557
132595,0,unclassified,9,507.14,605.0,4.149927204721193
132595,0,unclassified,10,520.96,640.0,4.940822905271639
132595,0,unclassified,11,530.13,675.0,5.901691571612115
132595,0,unclassified,12,579.46,680.0,4.0064681002995854
132595,0,unclassified,13,521.39,640.0,4.922064070341094
132595,0,unclassified,14,594.59,610.0,0.6279108821927333
132595,0,unclassified,15,589.65,540.0,2.089114759419444
132595,0,unclassified,16,689.71,645.0,1.7307176016387948
132595,0,unclassified,17,726.0,870.0,5.0975447429144785
132595,0,unclassified,18,672.0,620.0,2.045912635948048
132595,0,unclassified,19,614.71,770.0,5.901726419913428
132595,0,unclassified,20,441.57,485.0,2.017742351914976
132595,0,unclassified,21,264.74,360.0,5.389840561520526
132595,0,unclassified,22,195.93,195.0,0.06651941889646316
132595,0,unclassified,23,205.6,295.0,5.65076301509952
132596,0,unclassified,0,177.75,0.0,18.854707634964804
132596,0,unclassified,1,117.58,0.0,15.334927453366058
132596,0,unclassified,2,25.0,0.0,7.0710678118654755
132596,0,unclassified,3,6.32,0.0,3.5552777669262356
132596,0,unclassified,4,37.65,10.0,5.664723037659414
132596,0,unclassified,5,65.19,10.0,9.001095084919188
132596,0,unclassified,6,197.78,85.0,9.484681311157868
132596,0,unclassified,7,477.36,535.0,2.5619549067093295
132596,0,unclassified,8,630.86,705.0,2.8687130337625613
132596,0,unclassified,9,507.14,435.0,3.3237887565959547
132596,0,unclassified,10,520.96,630.0,4.545385533133381
132596,0,unclassified,11,530.13,715.0,7.409247299140659
132596,0,unclassified,12,579.46,550.0,1.23968775896757
132596,0,unclassified,13,521.39,510.0,0.5015650469195516
132596,0,unclassified,14,594.59,650.0,2.2212119147208305
132596,0,unclassified,15,589.65,560.0,1.2366786799133538
132596,0,unclassified,16,689.71,590.0,3.941830379459952
132596,0,unclassified,17,726.0,695.0,1.1629998339003997
132596,0,unclassified,18,672.0,625.0,1.8456224646957644
132596,0,unclassified,19,614.71,550.0,2.6814981120140513
132596,0,unclassified,20,441.57,330.0,5.680345662024391
132596,0,unclassified,21,264.74,245.0,1.2364819724617975
132596,0,unclassified,22,195.93,330.0,8.267660506825237
132596,0,unclassified,23,205.6,530.0,16.915116103664054
132597,0,unclassified,0,132.55,0.0,16.28189178197669
132597,0,unclassified,1,76.52,0.0,12.370933675353692
132597,0,unclassified,2,11.71,0.0,4.839421453025144
132597,0,unclassified,3,5.22,0.0,3.2310988842807022
132597,0,unclassified,4,60.77,0.0,11.024518130059018
132597,0,unclassified,5,82.35,5.0,11.704257318676712
132597,0,unclassified,6,163.56,65.0,9.219674295749606
132597,0,unclassified,7,514.63,515.0,0.01630707722599015
132597,0,unclassified,8,671.0,750.0,2.963773770262309
132597,0,unclassified,9,560.0,605.0,1.864509278546344
132597,0,unclassified,10,499.89,640.0,5.868845261948893
132597,0,unclassified,11,545.34,665.0,4.864187453174707
132597,0,unclassified,12,575.93,685.0,4.343850022193919
132597,0,unclassified,13,511.39,640.0,5.360169329967119
132597,0,unclassified,14,568.41,610.0,1.7133879512240076
132597,0,unclassified,15,568.31,540.0,1.202608423035231
132597,0,unclassified,16,663.57,635.0,1.1212244392997328
132597,0,unclassified,17,661.71,875.0,7.694661749058485
132597,0,unclassified,18,640.43,595.0,1.8278841335513312
132597,0,unclassified,19,623.64,760.0,5.184303714222472
132597,0,unclassified,20,521.81,485.0,1.6406164245370503
132597,0,unclassified,21,314.44,360.0,2.4810016515883566
132597,0,unclassified,22,218.41,195.0,1.6282681307256726
132597,0,unclassified,23,206.86,290.0,5.274824327519283
132598,0,unclassified,0,132.55,0.0,16.28189178197669
132598,0,unclassified,1,76.52,0.0,12.370933675353692
132598,0,unclassified,2,11.71,0.0,4.839421453025144
132598,0,unclassified,3,5.22,0.0,3.2310988842807022
132598,0,unclassified,4,60.77,10.0,8.534882831889174
132598,0,unclassified,5,82.35,10.0,10.64719194267729
132598,0,unclassified,6,163.56,85.0,7.046944522280317
132598,0,unclassified,7,514.63,530.0,0.6725237383093244
132598,0,unclassified,8,671.0,685.0,0.537666760849798
132598,0,unclassified,9,560.0,420.0,6.324555320336759
132598,0,unclassified,10,499.89,630.0,5.474035281462675
132598,0,unclassified,11,545.34,715.0,6.7585043951245165
132598,0,unclassified,12,575.93,555.0,0.8801695986882114
132598,0,unclassified,13,511.39,495.0,0.7306523661059235
132598,0,unclassified,14,568.41,640.0,2.9124615795854956
132598,0,unclassified,15,568.31,570.0,0.07083883771080997
132598,0,unclassified,16,663.57,585.0,3.14459922548272
132598,0,unclassified,17,661.71,695.0,1.2781601699755334
132598,0,unclassified,18,640.43,610.0,1.2169906955989858
132598,0,unclassified,19,623.64,540.0,3.46752580031174
132598,0,unclassified,20,521.81,330.0,9.294261255392513
132598,0,unclassified,21,314.44,245.0,4.151910205960427
132598,0,unclassified,22,218.41,325.0,6.466475656075014
132598,0,unclassified,23,206.86,545.0,17.43986247751526
132604,0,unclassified,0,155.56,0.0,17.638594048279472
132604,0,unclassified,1,20.0,0.0,6.324555320336759
132604,0,unclassified,2,0.0,0.0,
132604,0,unclassified,3,0.0,0.0,
132604,0,unclassified,4,6.5,10.0,1.2185435916898848
132604,0,unclassified,5,21.11,10.0,2.8169494341277512
132604,0,unclassified,6,194.33,95.0,8.258452967430994
132604,0,unclassified,7,506.81,540.0,1.4507357684393427
132604,0,unclassified,8,591.29,705.0,4.466450980880658
132604,0,unclassified,9,538.14,510.0,1.2292195061076074
132604,0,unclassified,10,482.43,730.0,10.055060257436557
132604,0,unclassified,11,531.86,775.0,9.511672258667152
132604,0,unclassified,12,558.86,615.0,2.317283952628824
132604,0,unclassified,13,492.54,535.0,1.8732494731789993
132604,0,unclassified,14,553.88,680.0,5.077646909343082
132604,0,unclassified,15,566.45,635.0,2.79685277605266
132604,0,unclassified,16,638.36,600.0,1.5415944516236804
132604,0,unclassified,17,638.14,735.0,3.696596545363976
132604,0,unclassified,18,627.57,590.0,1.5226820336408593
132604,0,unclassified,19,629.14,570.0,2.4152460080739155
132604,0,unclassified,20,527.48,360.0,7.950577269046196
132604,0,unclassified,21,310.1,285.0,1.4551030270596288
132604,0,unclassified,22,233.52,375.0,8.110966742791033
132604,0,unclassified,23,220.0,615.0,19.33164697717966
132606,0,unclassified,0,166.35,0.0,18.240065789355036
132606,0,unclassified,1,120.52,0.0,15.525462956060279
132606,0,unclassified,2,31.76,0.0,7.96994353806851
132606,0,unclassified,3,11.43,0.0,4.7812132351527685
132606,0,unclassified,4,89.8,10.0,11.2967266083644
132606,0,unclassified,5,88.82,10.0,11.213185418123178
132606,0,unclassified,6,203.52,100.0,8.403217497606004
132606,0,unclassified,7,550.09,555.0,0.2088803879695155
132606,0,unclassified,8,715.29,560.0,6.149701139941228
132606,0,unclassified,9,560.29,485.0,3.293319738875539
132606,0,unclassified,10,557.31,685.0,5.123383841696673
132606,0,unclassified,11,552.91,805.0,9.674646888074136
132606,0,unclassified,12,599.62,610.0,0.4220732922021292
132606,0,unclassified,13,575.47,510.0,2.810272452362298
132606,0,unclassified,14,639.31,645.0,0.22453928333772377
132606,0,unclassified,15,649.39,620.0,1.1665867717893428
132606,0,unclassified,16,716.07,605.0,4.3216426663479695
132606,0,unclassified,17,734.71,680.0,2.0570649336171347
132606,0,unclassified,18,708.14,620.0,3.4203150838464436
132606,0,unclassified,19,655.29,560.0,3.865648510147078
132606,0,unclassified,20,479.91,355.0,6.11353460465013
132606,0,unclassified,21,273.89,315.0,2.3957714479297514
132606,0,unclassified,22,202.95,420.0,12.29838807101143
132606,0,unclassified,23,228.51,720.0,22.568813454287202
133045,0,unclassified,0,532.79,0.0,32.643222880101774
133045,0,unclassified,1,309.06,0.0,24.862019226120793
133045,0,unclassified,2,197.76,0.0,19.887684631449687
133045,0,unclassified,3,128.17,0.0,16.010621474508728
133045,0,unclassified,4,118.79,10.0,13.556978365260777
133045,0,unclassified,5,153.01,0.0,17.4934273371458
133045,0,unclassified,6,285.84,210.0,4.816621752984785
133045,0,unclassified,7,1032.79,955.0,2.467479303328789
133045,0,unclassified,8,1679.67,1105.0,15.400919671620697
133045,0,unclassified,9,1422.5,1110.0,8.781936499831238
133045,0,unclassified,10,1274.71,1025.0,7.364010441755051
133045,0,unclassified,11,1322.04,895.0,12.826164036391699
133045,0,unclassified,12,1499.03,1000.0,14.117438929486749
133045,0,unclassified,13,1286.38,925.0,10.867944768835043
133045,0,unclassified,14,1483.79,1025.0,12.953788028411376
133045,0,unclassified,15,1511.85,945.0,16.17312070452569
133045,0,unclassified,16,1708.36,1010.0,18.94265582993203
133045,0,unclassified,17,1855.14,1035.0,21.574639685044488
133045,0,unclassified,18,1789.29,990.0,21.441365739185173
133045,0,unclassified,19,1608.29,840.0,21.95880737038899
133045,0,unclassified,20,1394.0,570.0,26.294896626431232
133045,0,unclassified,21,858.29,510.0,13.315789670586616
133045,0,unclassified,22,673.14,475.0,8.269699576680111
133045,0,unclassified,23,723.0,385.0,14.360243956778552
133046,0,unclassified,0,936.6,0.0,43.28048058882896
133046,0,unclassified,1,568.27,0.0,33.71260891713959
133046,0,unclassified,2,413.09,0.0,28.743347056318964
133046,0,unclassified,3,231.03,0.0,21.49558094120743
133046,0,unclassified,4,262.64,20.0,20.410826117858946
133046,0,unclassified,5,293.01,10.0,22.992611354342763
133046,0,unclassified,6,590.44,170.0,21.56187622491224
133046,0,unclassified,7,2034.19,845.0,31.342315912252314
133046,0,unclassified,8,3464.24,1170.0,47.66115739883003
133046,0,unclassified,9,2764.79,1105.0,37.73326994176854
133046,0,unclassified,10,2392.42,985.0,34.248864765115805
133046,0,unclassified,11,2477.7,990.0,35.72807370198107
133046,0,unclassified,12,2707.15,1250.0,32.75880131304249
133046,0,unclassified,13,2361.55,870.0,37.10627631938903
133046,0,unclassified,14,2720.23,775.0,46.531609733783796
133046,0,unclassified,15,2710.33,880.0,43.19934996781393
133046,0,unclassified,16,3132.83,1180.0,42.053124233528266
133046,0,unclassified,17,3351.86,1090.0,47.99525297188261
133046,0,unclassified,18,3123.82,1035.0,45.806905410438226
133046,0,unclassified,19,2845.14,950.0,43.50532279873305
133046,0,unclassified,20,2350.05,565.0,46.756541433513846
133046,0,unclassified,21,1427.73,450.0,31.909306557205777
133046,0,unclassified,22,1135.43,565.0,19.563113582520124
133046,0,unclassified,23,1263.86,645.0,20.0318182928941
133580,0,unclassified,0,179.44,0.0,18.94412837794339
133580,0,unclassified,1,91.43,0.0,13.522573719525436
133580,0,unclassified,2,11.33,0.0,4.760252094164762
133580,0,unclassified,3,5.71,10.0,1.5306792591105312
133580,0,unclassified,4,0.0,20.0,6.324555320336759
133580,0,unclassified,5,53.33,5.0,8.949232780419491
133580,0,unclassified,6,210.0,210.0,0.0
133580,0,unclassified,7,787.32,1200.0,13.091653978803846
133580,0,unclassified,8,1154.14,1540.0,10.513193983288758
133580,0,unclassified,9,890.29,1405.0,15.193534681434706
133580,0,unclassified,10,735.99,1115.0,12.458439007345316
133580,0,unclassified,11,777.95,895.0,4.047109316081354
133580,0,unclassified,12,962.17,775.0,6.350824007200897
133580,0,unclassified,13,801.14,630.0,6.39772348131688
133580,0,unclassified,14,827.12,665.0,5.935396238197567
133580,0,unclassified,15,855.5,845.0,0.3600940776810232
133580,0,unclassified,16,998.5,760.0,8.043261616739455
133580,0,unclassified,17,1075.0,555.0,18.214805546705527
133580,0,unclassified,18,1123.71,660.0,15.527421271500655
133580,0,unclassified,19,1052.0,580.0,16.523304991530516
133580,0,unclassified,20,829.43,540.0,11.060853077815594
133580,0,unclassified,21,482.37,570.0,3.820177830811907
133580,0,unclassified,22,335.79,980.0,25.11592451629313
133580,0,unclassified,23,313.43,1020.0,27.36434648971607
133597,0,unclassified,0,164.67,0.0,18.14772713041498
133597,0,unclassified,1,67.1,0.0,11.584472366059664
133597,0,unclassified,2,8.82,0.0,4.2
133597,0,unclassified,3,2.0,5.0,1.6035674514745464
133597,0,unclassified,4,11.58,30.0,4.039823407052982
133597,0,unclassified,5,26.86,5.0,5.476994057380613
133597,0,unclassified,6,182.22,160.0,1.6986596041991442
133597,0,unclassified,7,761.06,870.0,3.814761581026595
133597,0,unclassified,8,1171.29,1155.0,0.47764381147653995
133597,0,unclassified,9,832.29,1115.0,9.060263983224317
133597,0,unclassified,10,676.82,825.0,5.407489022562255
133597,0,unclassified,11,693.32,655.0,1.4758560840165331
133597,0,unclassified,12,855.24,450.0,15.862882861572386
133597,0,unclassified,13,716.32,440.0,11.49180635906367
133597,0,unclassified,14,728.67,520.0,8.351244044261929
133597,0,unclassified,15,770.47,540.0,9.0035930654937
133597,0,unclassified,16,928.79,520.0,15.18841801779325
133597,0,unclassified,17,1006.14,425.0,21.72474596197553
133597,0,unclassified,18,1022.57,495.0,19.152290619384036
133597,0,unclassified,19,946.43,435.0,19.45972756959185
133597,0,unclassified,20,757.57,375.0,16.076569485525024
133597,0,unclassified,21,426.21,445.0,0.9002857002762391
133597,0,unclassified,22,290.22,710.0,18.77106760801282
133597,0,unclassified,23,267.86,655.0,18.02250407047019
133599,0,unclassified,0,100.0,0.0,14.142135623730951
133599,0,unclassified,1,12.57,0.0,5.01398045468867
133599,0,unclassified,2,0.0,0.0,
133599,0,unclassified,3,0.0,5.0,3.1622776601683795
133599,0,unclassified,4,0.0,5.0,3.1622776601683795
133599,0,unclassified,5,1.69,15.0,4.607495131203321
133599,0,unclassified,6,102.35,70.0,3.4848463864429844
133599,0,unclassified,7,254.1,490.0,12.230023356789632
133599,0,unclassified,8,423.71,600.0,7.792094354327466
133599,0,unclassified,9,307.25,540.0,11.308341069827579
133599,0,unclassified,10,254.92,585.0,16.107021823244597
133599,0,unclassified,11,282.47,645.0,16.834840786864053
133599,0,unclassified,12,360.53,710.0,15.105165106992159
133599,0,unclassified,13,300.91,665.0,16.567440423984493
133599,0,unclassified,14,310.25,575.0,12.583979406420465
133599,0,unclassified,15,338.33,565.0,10.665613106366516
133599,0,unclassified,16,436.0,665.0,9.760157381736114
133599,0,unclassified,17,550.0,850.0,11.338934190276817
133599,0,unclassified,18,486.43,835.0,13.560725443670854
133599,0,unclassified,19,387.71,755.0,15.365832264578199
133599,0,unclassified,20,273.72,505.0,11.72093917056418
133599,0,unclassified,21,163.65,325.0,10.322502958505442
133599,0,unclassified,22,133.64,225.0,6.822471431958072
133599,0,unclassified,23,138.03,375.0,14.79575003342235
133622,0,unclassified,0,179.23,0.0,18.933039903829496
133622,0,unclassified,1,143.09,0.0,16.916855499767088
133622,0,unclassified,2,47.06,0.0,9.701546268507922
133622,0,unclassified,3,7.0,5.0,0.816496580927726
133622,0,unclassified,4,20.0,5.0,4.242640687119285
133622,0,unclassified,5,94.86,20.0,9.878259132180144
133622,0,unclassified,6,228.36,115.0,8.651670779065643
133622,0,unclassified,7,654.59,635.0,0.7714781057003287
133622,0,unclassified,8,1066.71,600.0,16.167098477095315
133622,0,unclassified,9,771.29,670.0,3.7731657385299435
133622,0,unclassified,10,668.96,560.0,4.3955499386444
133622,0,unclassified,11,697.61,595.0,4.0361837515205385
133622,0,unclassified,12,842.74,880.0,1.2695446497564593
133622,0,unclassified,13,769.87,680.0,3.3378376389526987
133622,0,unclassified,14,792.41,625.0,6.288522918110489
133622,0,unclassified,15,855.27,540.0,11.936266765502218
133622,0,unclassified,16,997.71,755.0,8.198749847473907
133622,0,unclassified,17,1120.71,995.0,3.8650645804158357
133622,0,unclassified,18,1053.63,995.0,1.8319057588167988
133622,0,unclassified,19,902.29,1085.0,5.7962444338387265
133622,0,unclassified,20,649.38,590.0,2.385354600722672
133622,0,unclassified,21,328.47,335.0,0.3585234228323564
133622,0,unclassified,22,240.99,240.0,0.06383842574624586
133622,0,unclassified,23,253.33,330.0,4.489348342305714
133658,0,unclassified,0,1.69,0.0,1.8384776310850235
133658,0,unclassified,1,0.0,0.0,
133658,0,unclassified,2,0.0,0.0,
133658,0,unclassified,3,0.0,0.0,
133658,0,unclassified,4,0.0,0.0,
133658,0,unclassified,5,4.29,5.0,0.32943177748544966
133658,0,unclassified,6,39.68,30.0,1.639971437123507
133658,0,unclassified,7,147.82,195.0,3.6036272232283917
133658,0,unclassified,8,238.57,535.0,15.072571141546867
133658,0,unclassified,9,161.67,285.0,8.252591286729213
133658,0,unclassified,10,153.82,290.0,9.141656386207279
133658,0,unclassified,11,151.11,295.0,9.634399064503732
133658,0,unclassified,12,162.65,180.0,1.3255286190601345
133658,0,unclassified,13,156.46,175.0,1.4401547614899501
133658,0,unclassified,14,159.09,160.0,0.07204432772808997
133658,0,unclassified,15,158.33,200.0,3.1131275406426497
133658,0,unclassified,16,184.49,200.0,1.1186243562817908
133658,0,unclassified,17,222.83,135.0,6.566281638114816
133658,0,unclassified,18,229.18,155.0,5.352226090039789
133658,0,unclassified,19,162.83,185.0,1.6811140297064062
133658,0,unclassified,20,130.62,110.0,1.8799132009453758
133658,0,unclassified,21,67.82,75.0,0.8496595197712324
133658,0,unclassified,22,30.91,150.0,12.521576359358418
133658,0,unclassified,23,17.06,230.0,19.158920222056448
134092,0,unclassified,0,340.41,0.0,26.092527665981308
134092,0,unclassified,1,210.67,0.0,20.526568149595782
134092,0,unclassified,2,147.12,0.0,17.153425313913253
134092,0,unclassified,3,58.65,10.0,8.303813215092417
134092,0,unclassified,4,142.55,30.0,12.1172206236349
134092,0,unclassified,5,180.92,5.0,18.24597850205404
134092,0,unclassified,6,398.99,160.0,14.295281365592452
134092,0,unclassified,7,1206.68,1050.0,4.664376200395539
134092,0,unclassified,8,1606.86,1180.0,11.435176751284938
134092,0,unclassified,9,1562.29,870.0,19.85159374946199
134092,0,unclassified,10,1482.81,950.0,15.276830812635954
134092,0,unclassified,11,1545.94,1100.0,12.260309437155467
134092,0,unclassified,12,1926.69,1640.0,6.7888288560025485
134092,0,unclassified,13,1438.19,1170.0,7.426564638757884
134092,0,unclassified,14,1715.36,1235.0,12.506745955547988
134092,0,unclassified,15,1715.57,1215.0,13.076868789979686
134092,0,unclassified,16,1904.93,1490.0,10.071042341664064
134092,0,unclassified,17,2077.14,1635.0,10.262723572561045
134092,0,unclassified,18,1915.14,1655.0,6.157146828597681
134092,0,unclassified,19,1529.14,1420.0,2.8421778626402343
134092,0,unclassified,20,1065.95,1055.0,0.3362512455927322
134092,0,unclassified,21,504.83,750.0,9.787907993838646
134092,0,unclassified,22,353.7,655.0,13.416311065169985
134092,0,unclassified,23,375.72,905.0,20.9157472727551
13443,0,unclassified,0,384.5,0.0,27.730849247724095
13443,0,unclassified,1,243.64,0.0,22.074419584668586
13443,0,unclassified,2,196.89,0.0,19.84389074753235
13443,0,unclassified,3,106.78,0.0,14.613692209705253
13443,0,unclassified,4,101.9,45.0,6.639209397928635
13443,0,unclassified,5,149.21,20.0,14.047469944979108
13443,0,unclassified,6,203.43,345.0,8.549202974893923
13443,0,unclassified,7,382.33,1020.0,24.081629525254037
13443,0,unclassified,8,552.14,1085.0,18.624525133875693
13443,0,unclassified,9,581.0,1100.0,17.9018741188204
13443,0,unclassified,10,545.54,1025.0,17.109719036691878
13443,0,unclassified,11,558.89,1015.0,16.259133758685408
13443,0,unclassified,12,568.96,1075.0,17.65038657871995
13443,0,unclassified,13,556.19,1105.0,19.042648890810717
13443,0,unclassified,14,598.46,1175.0,19.36126560659331
13443,0,unclassified,15,606.27,1110.0,17.195705894535063
13443,0,unclassified,16,590.71,1115.0,17.952873648584994
13443,0,unclassified,17,574.57,1005.0,15.316096447368851
13443,0,unclassified,18,590.43,950.0,12.95619464532275
13443,0,unclassified,19,614.71,745.0,4.996926208764963
13443,0,unclassified,20,603.91,900.0,10.797614404906522
13443,0,unclassified,21,533.52,665.0,5.370961637887825
13443,0,unclassified,22,474.86,595.0,5.194444976441322
13443,0,unclassified,23,505.71,435.0,3.2603780054367824
13445,0,unclassified,0,451.5,0.0,30.04995840263344
13445,0,unclassified,1,280.55,0.0,23.68754947224385
13445,0,unclassified,2,219.02,0.0,20.929405151604286
13445,0,unclassified,3,123.48,0.0,15.714961024450554
13445,0,unclassified,4,109.68,45.0,7.3547502105391676
13445,0,unclassified,5,142.2,20.0,13.569404185999051
13445,0,unclassified,6,223.62,355.0,7.724093724423315
13445,0,unclassified,7,449.27,1075.0,22.66579852666997
13445,0,unclassified,8,702.14,1170.0,15.291910695415742
13445,0,unclassified,9,715.71,1180.0,15.080591538631001
13445,0,unclassified,10,677.28,1135.0,15.205553663274582
13445,0,unclassified,11,686.95,1135.0,14.844762450107284
13445,0,unclassified,12,699.96,1250.0,17.615558617112633
13445,0,unclassified,13,671.26,1205.0,17.426021244370148
13445,0,unclassified,14,730.62,1235.0,16.088778548706056
13445,0,unclassified,15,748.28,1230.0,15.316720778895414
13445,0,unclassified,16,740.14,1200.0,14.764682012821902
13445,0,unclassified,17,730.14,1095.0,12.077948125738843
13445,0,unclassified,18,743.43,995.0,8.532872249470257
13445,0,unclassified,19,747.71,810.0,2.2319785918976414
13445,0,unclassified,20,738.14,935.0,6.806225559037538
13445,0,unclassified,21,637.57,685.0,1.8444156085312973
13445,0,unclassified,22,566.43,620.0,2.1994575496715862
13445,0,unclassified,23,603.43,450.0,6.6853237206480856
134561,0,unclassified,0,563.79,0.0,33.57945800634668
134561,0,unclassified,1,344.27,0.0,26.240045731667465
134561,0,unclassified,2,249.33,0.0,22.330696361734894
134561,0,unclassified,3,150.0,10.0,15.652475842498529
134561,0,unclassified,4,117.58,55.0,6.736825904709678
134561,0,unclassified,5,172.68,25.0,14.854406870702457
134561,0,unclassified,6,273.33,345.0,4.076075721222438
134561,0,unclassified,7,693.8,1315.0,19.600993968570926
134561,0,unclassified,8,1225.0,1595.0,9.853537363889188
134561,0,unclassified,9,1119.43,1445.0,9.09209475038214
134561,0,unclassified,10,1039.04,1400.0,10.33628830593081
134561,0,unclassified,11,1085.96,1375.0,8.239875864067976
134561,0,unclassified,12,1222.19,1715.0,12.859630475876278
134561,0,unclassified,13,1086.64,1505.0,11.621918216790528
134561,0,unclassified,14,1251.11,1710.0,11.926041633630179
134561,0,unclassified,15,1291.86,1465.0,4.663425626778718
134561,0,unclassified,16,1388.29,1440.0,1.375078737099537
134561,0,unclassified,17,1360.14,1710.0,8.92956287630449
134561,0,unclassified,18,1356.71,1615.0,6.7006877013064035
134561,0,unclassified,19,1271.57,1435.0,4.442599328996366
134561,0,unclassified,20,1201.91,1280.0,2.216753517237799
134561,0,unclassified,21,872.74,1035.0,5.253719437555047
134561,0,unclassified,22,754.57,880.0,4.387475033549506
134561,0,unclassified,23,793.43,615.0,6.723807012313548
134781,0,unclassified,0,213.68,0.0,20.67268729507608
134781,0,unclassified,1,129.62,0.0,16.100931650062986
134781,0,unclassified,2,73.2,0.0,12.09958676980334
134781,0,unclassified,3,44.55,10.0,6.61554567260236
134781,0,unclassified,4,101.15,25.0,9.588292587130667
134781,0,unclassified,5,136.32,10.0,14.768461956549698
134781,0,unclassified,6,282.26,325.0,2.452800228898077
134781,0,unclassified,7,966.0,1380.0,12.087913263207325
134781,0,unclassified,8,1241.86,1500.0,6.971844075968105
134781,0,unclassified,9,994.14,1485.0,13.94190485393652
134781,0,unclassified,10,896.46,1480.0,16.92857392994907
134781,0,unclassified,11,949.65,1470.0,14.960092595529048
134781,0,unclassified,12,1102.25,1495.0,10.898690358720982
134781,0,unclassified,13,970.81,1185.0,6.523924818583046
134781,0,unclassified,14,1020.17,1210.0,5.684743330964746
134781,0,unclassified,15,985.48,1110.0,3.846912868568706
134781,0,unclassified,16,1143.0,1095.0,1.4349150613342825
134781,0,unclassified,17,1228.0,1025.0,6.048259829042516
134781,0,unclassified,18,1275.67,960.0,9.441575243009796
134781,0,unclassified,19,1267.5,910.0,10.834577043036454
134781,0,unclassified,20,1101.67,855.0,7.88628628207274
134781,0,unclassified,21,672.08,695.0,0.8766629372849252
134781,0,unclassified,22,439.67,600.0,7.032051362285854
134781,0,unclassified,23,357.5,860.0,20.36650832103935
134782,0,unclassified,0,213.68,0.0,20.67268729507608
134782,0,unclassified,1,129.62,0.0,16.100931650062986
134782,0,unclassified,2,73.2,0.0,12.09958676980334
134782,0,unclassified,3,44.55,5.0,7.945837082553502
134782,0,unclassified,4,101.15,0.0,14.223220451079285
134782,0,unclassified,5,136.32,0.0,16.511813952440235
134782,0,unclassified,6,282.26,175.0,7.093673321942792
134782,0,unclassified,7,966.0,875.0,2.999366219492241
134782,0,unclassified,8,1241.86,980.0,7.856440325980912
134782,0,unclassified,9,994.14,1045.0,1.592824149966942
134782,0,unclassified,10,896.46,935.0,1.2735851577799882
134782,0,unclassified,11,949.65,1025.0,2.3980221468953293
134782,0,unclassified,12,1102.25,1360.0,7.345943753764068
134782,0,unclassified,13,970.81,1215.0,7.386465410501804
134782,0,unclassified,14,1020.17,1065.0,1.3883948776481205
134782,0,unclassified,15,985.48,1165.0,5.474697574296008
134782,0,unclassified,16,1143.0,1295.0,4.353531940959156
134782,0,unclassified,17,1228.0,1490.0,7.107085873268126
134782,0,unclassified,18,1275.67,1460.0,4.98401300619586
134782,0,unclassified,19,1267.5,1445.0,4.819794056445128
134782,0,unclassified,20,1101.67,1430.0,9.22830663887698
134782,0,unclassified,21,672.08,460.0,8.914072327725687
134782,0,unclassified,22,439.67,440.0,0.015735083327320522
134782,0,unclassified,23,357.5,525.0,7.9739306120068
134787,0,unclassified,0,94.27,0.0,13.730986854556376
134787,0,unclassified,1,44.55,0.0,9.439279633531363
134787,0,unclassified,2,15.85,0.0,5.630275304103699
134787,0,unclassified,3,0.87,0.0,1.3190905958272918
134787,0,unclassified,4,3.1,15.0,3.9556938471214753
134787,0,unclassified,5,46.67,15.0,5.703298298393704
134787,0,unclassified,6,148.6,50.0,9.894692240883115
134787,0,unclassified,7,374.41,335.0,2.092535235434506
134787,0,unclassified,8,428.0,455.0,1.284986041936962
134787,0,unclassified,9,419.29,425.0,0.2779107097621963
134787,0,unclassified,10,392.04,365.0,1.3898318871818633
134787,0,unclassified,11,412.82,475.0,2.9512313352376993
134787,0,unclassified,12,427.24,410.0,0.8426112918283388
134787,0,unclassified,13,399.35,425.0,1.2634165050525803
134787,0,unclassified,14,476.46,475.0,0.06693797748637505
134787,0,unclassified,15,465.96,445.0,0.982102060742638
134787,0,unclassified,16,492.57,430.0,2.913275045089692
134787,0,unclassified,17,488.71,445.0,2.0229716624478633
134787,0,unclassified,18,442.86,370.0,3.614067738529499
134787,0,unclassified,19,346.47,340.0,0.3492275500496714
134787,0,unclassified,20,240.96,385.0,8.141882294663008
134787,0,unclassified,21,154.9,275.0,8.191704596216375
134787,0,unclassified,22,125.38,185.0,4.785861267462353
134787,0,unclassified,23,130.29,100.0,2.82277804729571
134789,0,unclassified,0,48.78,0.0,9.877246579892597
134789,0,unclassified,1,17.78,0.0,5.96322060635023
134789,0,unclassified,2,1.89,0.0,1.944222209522358
134789,0,unclassified,3,2.16,0.0,2.078460969082653
134789,0,unclassified,4,1.85,15.0,4.530444328763321
134789,0,unclassified,5,18.7,15.0,0.9013672436980773
134789,0,unclassified,6,156.0,65.0,8.656857193611792
134789,0,unclassified,7,446.04,465.0,0.8883510256559517
134789,0,unclassified,8,580.57,665.0,3.383200352054376
134789,0,unclassified,9,517.43,635.0,4.897835992628657
134789,0,unclassified,10,450.1,575.0,5.5168899326807495
134789,0,unclassified,11,464.56,675.0,8.816063155808344
134789,0,unclassified,12,506.9,620.0,4.76469289047892
134789,0,unclassified,13,478.0,565.0,3.809711564564616
134789,0,unclassified,14,551.81,575.0,0.9769906337028594
134789,0,unclassified,15,541.61,615.0,3.051816481297543
134789,0,unclassified,16,608.43,560.0,2.0036788653171187
134789,0,unclassified,17,615.43,615.0,0.017336243474543836
134789,0,unclassified,18,546.71,645.0,4.0266051167278425
134789,0,unclassified,19,405.57,515.0,5.100620219514708
134789,0,unclassified,20,288.14,455.0,8.656292400415118
134789,0,unclassified,21,181.0,360.0,10.883520415557621
134789,0,unclassified,22,153.13,300.0,9.75745786679324
134789,0,unclassified,23,156.57,185.0,2.1754644846919713
134790,0,unclassified,0,59.18,0.0,10.879338215167317
134790,0,unclassified,1,34.29,0.0,8.281304245105357
134790,0,unclassified,2,11.74,0.0,4.8456165758342875
134790,0,unclassified,3,4.49,0.0,2.9966648127543394
134790,0,unclassified,4,6.98,15.0,2.419220879401114
134790,0,unclassified,5,41.62,15.0,5.00308770785646
134790,0,unclassified,6,138.21,60.0,7.856235671643849
134790,0,unclassified,7,441.75,450.0,0.3907035770421622
134790,0,unclassified,8,607.75,620.0,0.4944200966064427
134790,0,unclassified,9,544.59,615.0,2.9241329287924356
134790,0,unclassified,10,486.25,555.0,3.0130767419003837
134790,0,unclassified,11,494.75,640.0,6.097910462367417
134790,0,unclassified,12,554.71,595.0,1.680421041005927
134790,0,unclassified,13,517.16,535.0,0.7778018186529001
134790,0,unclassified,14,605.01,550.0,2.2890947567949427
134790,0,unclassified,15,596.38,590.0,0.2619532362247321
134790,0,unclassified,16,655.0,535.0,4.919520370144727
134790,0,unclassified,17,695.25,590.0,4.1518656912463126
134790,0,unclassified,18,625.0,610.0,0.6036327274391503
134790,0,unclassified,19,466.0,520.0,2.432037685199643
134790,0,unclassified,20,324.91,440.0,5.885012891840803
134790,0,unclassified,21,187.46,350.0,9.915215993878386
134790,0,unclassified,22,127.76,270.0,10.086167774237767
134790,0,unclassified,23,137.33,195.0,4.473837190804058
134809,0,unclassified,0,191.74,0.0,19.582645377987113
134809,0,unclassified,1,47.74,0.0,9.771386800244887
134809,0,unclassified,2,0.0,0.0,
134809,0,unclassified,3,0.0,0.0,
134809,0,unclassified,4,0.0,5.0,3.1622776601683795
134809,0,unclassified,5,30.94,0.0,7.866384175718855
134809,0,unclassified,6,201.19,50.0,13.490774774669568
134809,0,unclassified,7,709.68,190.0,24.502306489332227
134809,0,unclassified,8,911.16,215.0,29.337561632734946
134809,0,unclassified,9,654.85,245.0,19.3221245287608
134809,0,unclassified,10,522.19,220.0,15.686914780436895
134809,0,unclassified,11,547.9,270.0,13.742110631090807
134809,0,unclassified,12,754.53,295.0,20.060023546869562
134809,0,unclassified,13,652.93,285.0,16.99006282237788
134809,0,unclassified,14,590.4,300.0,13.763187745839396
134809,0,unclassified,15,599.63,240.0,17.55201320945328
134809,0,unclassified,16,819.83,310.0,21.450322884295762
134809,0,unclassified,17,1056.11,330.0,27.58154357372072
134809,0,unclassified,18,984.14,240.0,30.07835655082465
134809,0,unclassified,19,760.29,275.0,21.329728648719232
134809,0,unclassified,20,564.29,325.0,11.347961224552222
134809,0,unclassified,21,364.97,255.0,6.246027406609293
134809,0,unclassified,22,291.61,180.0,7.2681955480921765
134809,0,unclassified,23,309.99,150.0,10.549542863426572
134810,0,unclassified,0,133.17,0.0,16.31992647042259
134810,0,unclassified,1,45.29,0.0,9.517352573063583
134810,0,unclassified,2,0.0,0.0,
134810,0,unclassified,3,0.0,25.0,7.0710678118654755
134810,0,unclassified,4,0.0,15.0,5.477225575051661
134810,0,unclassified,5,0.94,5.0,2.3558509439337776
134810,0,unclassified,6,35.24,165.0,12.968221400040308
134810,0,unclassified,7,196.43,235.0,2.6260891550965524
134810,0,unclassified,8,281.73,205.0,4.918539216449366
134810,0,unclassified,9,272.85,260.0,0.7872553858229706
134810,0,unclassified,10,268.47,255.0,0.8326005527503225
134810,0,unclassified,11,287.37,205.0,5.249745766719353
134810,0,unclassified,12,455.84,275.0,9.460156950940286
134810,0,unclassified,13,328.54,320.0,0.4742468827267628
134810,0,unclassified,14,292.09,305.0,0.7471732950309798
134810,0,unclassified,15,344.7,165.0,11.256561751275152
134810,0,unclassified,16,513.79,225.0,15.025766803219833
134810,0,unclassified,17,720.14,250.0,21.34641729676992
134810,0,unclassified,18,649.43,240.0,19.415061575746186
134810,0,unclassified,19,449.71,185.0,14.859276889804866
134810,0,unclassified,20,299.05,195.0,6.6202079364740225
134810,0,unclassified,21,191.23,175.0,1.199379327785536
134810,0,unclassified,22,143.04,90.0,4.913639353806818
134810,0,unclassified,23,168.53,145.0,1.8793054524239403
134811,0,unclassified,0,122.73,0.0,15.667163112701674
134811,0,unclassified,1,63.78,0.0,11.2942463227964
134811,0,unclassified,2,0.0,0.0,
134811,0,unclassified,3,0.0,0.0,
134811,0,unclassified,4,0.51,5.0,2.705113796748213
134811,0,unclassified,5,1.89,0.0,1.944222209522358
134811,0,unclassified,6,39.55,50.0,1.5617031748234012
134811,0,unclassified,7,196.47,145.0,3.939062655198003
134811,0,unclassified,8,289.5,130.0,11.01310304216762
134811,0,unclassified,9,268.26,145.0,8.574829147779779
134811,0,unclassified,10,254.49,165.0,6.17914945658911
134811,0,unclassified,11,275.91,210.0,4.228520019124812
134811,0,unclassified,12,429.33,225.0,11.296625112796628
134811,0,unclassified,13,316.95,205.0,6.929862934242195
134811,0,unclassified,14,289.01,205.0,5.345374191055664
134811,0,unclassified,15,330.63,205.0,7.676723720118703
134811,0,unclassified,16,494.43,235.0,13.584491393752513
134811,0,unclassified,17,688.86,210.0,22.587987140806195
134811,0,unclassified,18,627.0,175.0,22.57180285863929
134811,0,unclassified,19,447.34,125.0,19.05470150302166
134811,0,unclassified,20,311.29,185.0,8.017079659181487
134811,0,unclassified,21,194.34,155.0,2.976632337028877
134811,0,unclassified,22,144.69,130.0,1.2534741121138904
134811,0,unclassified,23,165.24,115.0,4.244236406905821
134889,0,unclassified,0,290.44,0.0,24.101452238402565
134889,0,unclassified,1,224.32,0.0,21.181123671797963
134889,0,unclassified,2,36.36,0.0,8.527602242131136
134889,0,unclassified,3,4.76,25.0,5.246975575335952
134889,0,unclassified,4,35.65,15.0,4.103413935127796
134889,0,unclassified,5,138.57,15.0,14.101809786884857
134889,0,unclassified,6,232.97,510.0,14.373289097936011
134889,0,unclassified,7,580.86,1505.0,28.616083101898685
134889,0,unclassified,8,620.0,1475.0,26.417340800846457
134889,0,unclassified,9,713.29,1340.0,19.559442694724606
134889,0,unclassified,10,749.24,1030.0,9.413106336137847
134889,0,unclassified,11,825.99,1110.0,9.12845070851969
134889,0,unclassified,12,961.97,1030.0,2.1556292703682463
134889,0,unclassified,13,926.28,1115.0,5.907199462245491
134889,0,unclassified,14,904.55,1085.0,5.721296500427094
134889,0,unclassified,15,895.34,1045.0,4.804871973889365
134889,0,unclassified,16,922.36,1420.0,14.541307476122936
134889,0,unclassified,17,946.14,1585.0,17.958192037820933
134889,0,unclassified,18,966.43,1655.0,19.01927519523646
134889,0,unclassified,19,932.0,1255.0,9.767718357024279
134889,0,unclassified,20,797.38,1070.0,8.921879631963792
134889,0,unclassified,21,519.12,1170.0,22.396784570095857
134889,0,unclassified,22,386.72,980.0,22.69524790978773
134889,0,unclassified,23,386.15,560.0,7.992997847205088
136,0,unclassified,0,138.08,0.0,16.618062462272793
136,0,unclassified,1,87.02,0.0,13.192422067232386
136,0,unclassified,2,12.73,0.0,5.045790324617146
136,0,unclassified,3,4.67,0.0,3.056141357987225
136,0,unclassified,4,11.85,5.0,2.359965296732224
136,0,unclassified,5,62.56,15.0,7.637266467284983
136,0,unclassified,6,162.79,65.0,9.163093469256747
136,0,unclassified,7,556.61,340.0,10.230378715645333
136,0,unclassified,8,598.71,535.0,2.6759106881499597
136,0,unclassified,9,624.43,430.0,8.467776704690282
136,0,unclassified,10,570.89,520.0,2.178998686082813
136,0,unclassified,11,546.34,535.0,0.48769344484765637
136,0,unclassified,12,555.86,710.0,6.12685375546813
136,0,unclassified,13,496.35,505.0,0.3865789073531111
136,0,unclassified,14,567.84,565.0,0.11932983777436622
136,0,unclassified,15,555.33,510.0,1.964077580807749
136,0,unclassified,16,619.57,735.0,4.435401785988759
136,0,unclassified,17,637.86,775.0,5.159760910441178
136,0,unclassified,18,629.14,850.0,8.121334991716347
136,0,unclassified,19,611.37,740.0,4.948460759444127
136,0,unclassified,20,546.05,650.0,4.250742760129355
136,0,unclassified,21,318.59,245.0,4.38381442560987
136,0,unclassified,22,234.56,270.0,2.231270903102434
136,0,unclassified,23,201.02,280.0,5.092728925131281
136108,0,unclassified,0,456.93,0.0,30.23011743278547
136108,0,unclassified,1,257.0,0.0,22.67156809750927
136108,0,unclassified,2,167.6,0.0,18.308467986153293
136108,0,unclassified,3,118.83,20.0,11.862115035009397
136108,0,unclassified,4,105.71,35.0,8.430112174391907
136108,0,unclassified,5,132.91,55.0,8.037727083950308
136108,0,unclassified,6,247.45,565.0,15.755376775803525
136108,0,unclassified,7,851.93,1710.0,23.974749963933753
136108,0,unclassified,8,1222.0,1905.0,17.273158608508133
136108,0,unclassified,9,1040.86,1940.0,23.290109302173892
136108,0,unclassified,10,987.99,1885.0,23.667109782523237
136108,0,unclassified,11,1030.09,1840.0,21.379817875067147
136108,0,unclassified,12,1184.1,1580.0,10.649362833768043
136108,0,unclassified,13,1032.71,1490.0,12.875764886802598
136108,0,unclassified,14,1132.48,1650.0,13.87478014836605
136108,0,unclassified,15,1177.58,1590.0,11.086759431357278
136108,0,unclassified,16,1282.36,1520.0,6.348521268075876
136108,0,unclassified,17,1188.71,1605.0,11.138336011722597
136108,0,unclassified,18,1341.14,1775.0,10.991478865430574
136108,0,unclassified,19,1315.29,1400.0,2.299013754066858
136108,0,unclassified,20,1142.76,1245.0,2.9589695935211044
136108,0,unclassified,21,699.95,975.0,9.504422276353674
136108,0,unclassified,22,561.14,1025.0,16.471424606418957
136108,0,unclassified,23,650.0,990.0,11.873315028082828
136302,0,unclassified,0,236.15,0.0,21.732464195300082
136302,0,unclassified,1,163.13,0.0,18.062668684333442
136302,0,unclassified,2,110.53,0.0,14.868086628749511
136302,0,unclassified,3,30.37,10.0,4.533949224022515
136302,0,unclassified,4,12.12,10.0,0.6374678660837193
136302,0,unclassified,5,16.67,10.0,1.8265405740610898
136302,0,unclassified,6,179.49,305.0,8.064007418737026
136302,0,unclassified,7,611.92,1420.0,25.352223415230306
136302,0,unclassified,8,1100.0,1450.0,9.801960588196069
136302,0,unclassified,9,886.83,1475.0,17.11565602068855
136302,0,unclassified,10,735.08,1455.0,21.755508918952422
136302,0,unclassified,11,782.86,1140.0,11.518068566296805
136302,0,unclassified,12,874.38,1130.0,8.074577328264558
136302,0,unclassified,13,772.12,1180.0,13.05551935622316
136302,0,unclassified,14,872.64,1370.0,14.852722608554611
136302,0,unclassified,15,860.73,1450.0,17.33623270759079
136302,0,unclassified,16,1047.5,1440.0,11.129434918630874
136302,0,unclassified,17,1155.83,1425.0,7.493107325613603
136302,0,unclassified,18,1022.33,1430.0,11.642179626085184
136302,0,unclassified,19,888.67,1415.0,15.508256996380553
136302,0,unclassified,20,690.67,1425.0,22.57783552455624
136302,0,unclassified,21,394.0,1430.0,34.305388047984636
136302,0,unclassified,22,335.67,1305.0,33.84355946973119
136302,0,unclassified,23,398.17,1040.0,23.934805242439417
136479,0,unclassified,0,84.38,0.0,12.990765951243983
136479,0,unclassified,1,11.76,0.0,4.849742261192857
136479,0,unclassified,2,0.0,0.0,
136479,0,unclassified,3,0.0,0.0,
136479,0,unclassified,4,0.0,0.0,
136479,0,unclassified,5,4.44,10.0,2.0692177386301074
136479,0,unclassified,6,93.6,50.0,5.145460719577314
136479,0,unclassified,7,374.49,310.0,3.4859714096723273
136479,0,unclassified,8,929.43,460.0,17.810146945384513
136479,0,unclassified,9,593.14,425.0,7.452162061459793
136479,0,unclassified,10,410.36,380.0,1.527229445379758
136479,0,unclassified,11,485.14,390.0,4.548198154383687
136479,0,unclassified,12,665.67,405.0,11.266220133789366
136479,0,unclassified,13,774.11,420.0,14.492089967631198
136479,0,unclassified,14,641.01,425.0,9.356387830091291
136479,0,unclassified,15,562.04,400.0,7.388234434977862
136479,0,unclassified,16,767.07,405.0,14.956527190420527
136479,0,unclassified,17,784.0,400.0,15.7823027813143
136479,0,unclassified,18,712.29,395.0,13.484681515324128
136479,0,unclassified,19,549.57,400.0,6.864295937388659
136479,0,unclassified,20,355.24,430.0,3.772967665963369
136479,0,unclassified,21,205.96,400.0,11.147674654740086
136479,0,unclassified,22,123.47,350.0,14.722938215898635
136479,0,unclassified,23,120.7,340.0,14.449223986108667
136480,0,unclassified,0,84.38,0.0,12.990765951243983
136480,0,unclassified,1,11.76,0.0,4.849742261192857
136480,0,unclassified,2,0.0,0.0,
136480,0,unclassified,3,0.0,0.0,
136480,0,unclassified,4,0.0,0.0,
136480,0,unclassified,5,4.44,5.0,0.2577608930115303
136480,0,unclassified,6,93.6,40.0,6.558077708714111
136480,0,unclassified,7,374.49,275.0,5.520878560385398
136480,0,unclassified,8,929.43,360.0,22.426239535976485
136480,0,unclassified,9,593.14,380.0,9.662562079785129
136480,0,unclassified,10,410.36,325.0,4.451633509750652
136480,0,unclassified,11,485.14,280.0,10.488053540206446
136480,0,unclassified,12,665.67,300.0,16.641403838763505
136480,0,unclassified,13,774.11,270.0,22.06313299045042
136480,0,unclassified,14,641.01,330.0,14.114890060498691
136480,0,unclassified,15,562.04,355.0,9.668856553595147
136480,0,unclassified,16,767.07,320.0,19.176165562802115
136480,0,unclassified,17,784.0,310.0,20.266776515947207
136480,0,unclassified,18,712.29,345.0,15.974491395250938
136480,0,unclassified,19,549.57,370.0,8.374451722475719
136480,0,unclassified,20,355.24,410.0,2.799494417342943
136480,0,unclassified,21,205.96,310.0,6.477498548119241
136480,0,unclassified,22,123.47,140.0,1.4401982062703083
136480,0,unclassified,23,120.7,75.0,4.61993414646021
136631,0,unclassified,0,147.56,0.0,17.17905701719393
136631,0,unclassified,1,84.24,0.0,12.97998459167036
136631,0,unclassified,2,41.11,0.0,9.067524469225324
136631,0,unclassified,3,31.18,5.0,6.155316074392701
136631,0,unclassified,4,93.48,5.0,12.609158148426197
136631,0,unclassified,5,145.31,0.0,17.04758047348655
136631,0,unclassified,6,264.71,70.0,15.05112320198004
136631,0,unclassified,7,581.86,355.0,10.481792961616787
136631,0,unclassified,8,651.57,665.0,0.523442562156403
136631,0,unclassified,9,581.58,510.0,3.0639304794594295
136631,0,unclassified,10,601.78,545.0,2.3712117094718828
136631,0,unclassified,11,613.74,680.0,2.6052111390878983
136631,0,unclassified,12,640.26,615.0,1.0082808042414129
136631,0,unclassified,13,518.24,540.0,0.9459796681254851
136631,0,unclassified,14,603.89,600.0,0.1585518068657132
136631,0,unclassified,15,618.03,600.0,0.7306034724491988
136631,0,unclassified,16,645.14,665.0,0.775952950481388
136631,0,unclassified,17,609.71,560.0,2.055510310661291
136631,0,unclassified,18,582.14,490.0,3.979581984373127
136631,0,unclassified,19,527.29,375.0,7.1699035315737785
136631,0,unclassified,20,445.0,270.0,9.255502993589038
136631,0,unclassified,21,292.32,245.0,2.8869763804293327
136631,0,unclassified,22,224.27,190.0,2.3811533200954598
136631,0,unclassified,23,204.48,220.0,1.065315138239282
136632,0,unclassified,0,147.56,0.0,17.17905701719393
136632,0,unclassified,1,84.24,0.0,12.97998459167036
136632,0,unclassified,2,41.11,0.0,9.067524469225324
136632,0,unclassified,3,31.18,10.0,4.667644616418143
136632,0,unclassified,4,93.48,0.0,13.67333170810977
136632,0,unclassified,5,145.31,5.0,16.184887502261102
136632,0,unclassified,6,264.71,75.0,14.556301962378173
136632,0,unclassified,7,581.86,435.0,6.513102901945053
136632,0,unclassified,8,651.57,435.0,9.29147022104412
136632,0,unclassified,9,581.58,570.0,0.4825879797868724
136632,0,unclassified,10,601.78,520.0,3.4530928613823586
136632,0,unclassified,11,613.74,490.0,5.267344441219491
136632,0,unclassified,12,640.26,435.0,8.852431549210845
136632,0,unclassified,13,518.24,265.0,12.7967555320671
136632,0,unclassified,14,603.89,415.0,8.36874460762476
136632,0,unclassified,15,618.03,390.0,10.157112352501034
136632,0,unclassified,16,645.14,525.0,4.966880516279912
136632,0,unclassified,17,609.71,515.0,3.9938390239126176
136632,0,unclassified,18,582.14,595.0,0.5300805969709205
136632,0,unclassified,19,527.29,230.0,15.277918460435792
136632,0,unclassified,20,445.0,205.0,13.3128047094055
136632,0,unclassified,21,292.32,140.0,10.360226856499558
136632,0,unclassified,22,224.27,105.0,9.29544392353571
136632,0,unclassified,23,204.48,165.0,2.904669164553001
136815,0,unclassified,0,783.09,0.0,39.57499210359997
136815,0,unclassified,1,457.67,0.0,30.254586429168057
136815,0,unclassified,2,98.46,0.0,14.0328186762318
136815,0,unclassified,3,13.33,65.0,8.256374733072914
136815,0,unclassified,4,126.67,105.0,2.013441472186359
136815,0,unclassified,5,375.69,25.0,24.776167472618944
136815,0,unclassified,6,767.12,870.0,3.595884190544253
136815,0,unclassified,7,2307.31,1480.0,19.011563934237866
136815,0,unclassified,8,2374.33,1480.0,20.372219621949483
136815,0,unclassified,9,2500.29,1495.0,22.4922139624742
136815,0,unclassified,10,2097.68,1500.0,14.09199418480265
136815,0,unclassified,11,2159.61,1490.0,15.675221980537541
136815,0,unclassified,12,2655.03,1490.0,25.591059556949094
136815,0,unclassified,13,2456.55,1475.0,22.138363987113955
136815,0,unclassified,14,2488.22,1460.0,23.14197248458367
136815,0,unclassified,15,2830.27,1495.0,28.712927740745283
136815,0,unclassified,16,3226.96,1480.0,36.01038006615309
136815,0,unclassified,17,3270.75,1465.0,37.108913365870634
136815,0,unclassified,18,3357.84,1100.0,47.82400269660572
136815,0,unclassified,19,3032.12,900.0,48.08540301096451
136815,0,unclassified,20,2753.83,980.0,41.05345599238474
136815,0,unclassified,21,1770.41,800.0,27.068803536225996
136815,0,unclassified,22,1418.29,765.0,19.77266896615971
136815,0,unclassified,23,1452.86,825.0,18.60434135392933
136839,0,unclassified,0,207.61,0.0,20.376947759662144
136839,0,unclassified,1,127.75,0.0,15.98436736314578
136839,0,unclassified,2,78.65,0.0,12.541929676090518
136839,0,unclassified,3,17.83,0.0,5.9715994507334464
136839,0,unclassified,4,25.91,5.0,5.318871866239368
136839,0,unclassified,5,56.32,5.0,9.268310450348778
136839,0,unclassified,6,132.12,135.0,0.24920358319255884
136839,0,unclassified,7,396.82,445.0,2.3484005516989597
136839,0,unclassified,8,635.71,580.0,2.2596083022894944
136839,0,unclassified,9,545.71,550.0,0.18328396751959336
136839,0,unclassified,10,496.79,565.0,2.9603545775622564
136839,0,unclassified,11,537.79,490.0,2.1081418725314283
136839,0,unclassified,12,567.0,510.0,2.4563033574548587
136839,0,unclassified,13,529.31,430.0,4.534490474254906
136839,0,unclassified,14,589.17,580.0,0.3792673890615319
136839,0,unclassified,15,595.94,630.0,1.3757041067471019
136839,0,unclassified,16,653.86,660.0,0.2395569767218828
136839,0,unclassified,17,667.86,655.0,0.5000334113385156
136839,0,unclassified,18,661.43,495.0,6.921288243683719
136839,0,unclassified,19,627.71,590.0,1.5282682615997105
136839,0,unclassified,20,480.0,525.0,2.0074488153546173
136839,0,unclassified,21,258.43,390.0,7.30702044928961
136839,0,unclassified,22,235.54,295.0,3.6507394275270917
136839,0,unclassified,23,251.94,305.0,3.1796406329222346
137,0,unclassified,0,138.08,0.0,16.618062462272793
137,0,unclassified,1,87.02,0.0,13.192422067232386
137,0,unclassified,2,12.73,0.0,5.045790324617146
137,0,unclassified,3,4.67,5.0,0.15007753942104837
137,0,unclassified,4,11.85,20.0,2.0422922449577965
137,0,unclassified,5,62.56,10.0,8.726130776245881
137,0,unclassified,6,162.79,180.0,1.314564185882125
137,0,unclassified,7,556.61,715.0,6.281535078098234
137,0,unclassified,8,598.71,925.0,11.821364344018276
137,0,unclassified,9,624.43,730.0,4.056740586494928
137,0,unclassified,10,570.89,555.0,0.6697163692764292
137,0,unclassified,11,546.34,640.0,3.8456040311391604
137,0,unclassified,12,555.86,690.0,5.374507566111238
137,0,unclassified,13,496.35,460.0,1.662306036290951
137,0,unclassified,14,567.84,695.0,5.060475799552348
137,0,unclassified,15,555.33,610.0,2.2648508555806908
137,0,unclassified,16,619.57,580.0,1.6157279959024164
137,0,unclassified,17,637.86,530.0,4.463546072291105
137,0,unclassified,18,629.14,455.0,7.479470503693779
137,0,unclassified,19,611.37,440.0,7.474325451894744
137,0,unclassified,20,546.05,310.0,11.409574193281934
137,0,unclassified,21,318.59,265.0,3.1372189822866106
137,0,unclassified,22,234.56,530.0,15.110488545334523
137,0,unclassified,23,201.02,405.0,11.718151451057448
13826,0,unclassified,0,170.8,0.0,18.482424083436676
13826,0,unclassified,1,109.61,0.0,14.806079832285114
13826,0,unclassified,2,59.43,0.0,10.902293336725077
13826,0,unclassified,3,47.27,10.0,6.964834467155726
13826,0,unclassified,4,105.29,30.0,9.15417997492832
13826,0,unclassified,5,154.17,10.0,15.912667831089442
13826,0,unclassified,6,317.39,135.0,12.127171602491808
13826,0,unclassified,7,905.79,560.0,12.772959943586478
13826,0,unclassified,8,992.29,760.0,7.847702312385018
13826,0,unclassified,9,806.29,490.0,12.423654742263146
13826,0,unclassified,10,663.14,465.0,8.342681378479911
13826,0,unclassified,11,644.43,445.0,8.544877123314903
13826,0,unclassified,12,676.93,560.0,4.701845843596651
13826,0,unclassified,13,746.83,435.0,12.827894736037507
13826,0,unclassified,14,741.56,365.0,16.00890765634354
13826,0,unclassified,15,691.49,515.0,7.185768764252071
13826,0,unclassified,16,752.86,515.0,9.447148936800401
13826,0,unclassified,17,737.14,420.0,13.18478542909501
13826,0,unclassified,18,709.78,380.0,14.127648950355045
13826,0,unclassified,19,714.17,290.0,18.930031026615666
13826,0,unclassified,20,585.17,270.0,15.241708134256672
13826,0,unclassified,21,375.09,165.0,12.784604894674994
13826,0,unclassified,22,291.71,140.0,10.326024517244342
13826,0,unclassified,23,301.0,235.0,4.031591663758072
138922,0,unclassified,0,143.8,0.0,16.95877354056006
138922,0,unclassified,1,97.71,0.0,13.979270367225894
138922,0,unclassified,2,12.43,0.0,4.985980344927164
138922,0,unclassified,3,1.4,10.0,3.602143611308581
138922,0,unclassified,4,0.0,20.0,6.324555320336759
138922,0,unclassified,5,17.14,0.0,5.854912467321779
138922,0,unclassified,6,100.0,115.0,1.4467284665112363
138922,0,unclassified,7,252.13,605.0,17.045368215500577
138922,0,unclassified,8,439.71,840.0,15.82464429439398
138922,0,unclassified,9,377.86,660.0,12.385406718310776
138922,0,unclassified,10,344.53,835.0,20.196352904423133
138922,0,unclassified,11,316.36,750.0,18.77986260416557
138922,0,unclassified,12,369.84,745.0,15.890049631734467
138922,0,unclassified,13,316.09,670.0,15.938577359128386
138922,0,unclassified,14,334.99,700.0,16.045441954012652
138922,0,unclassified,15,375.61,520.0,6.823271419215651
138922,0,unclassified,16,400.29,665.0,11.4696831513898
138922,0,unclassified,17,447.43,725.0,11.464208129201415
138922,0,unclassified,18,480.14,825.0,13.49986021577643
138922,0,unclassified,19,396.43,780.0,15.815269063926069
138922,0,unclassified,20,329.95,545.0,10.281650263127254
138922,0,unclassified,21,196.62,500.0,16.255636354857643
138922,0,unclassified,22,165.71,485.0,17.701357539348283
138922,0,unclassified,23,172.2,440.0,15.306606158586785
138931,0,unclassified,0,442.72,0.0,29.756343861435663
138931,0,unclassified,1,328.9,0.0,25.647611974606914
138931,0,unclassified,2,231.13,0.0,21.500232556881798
138931,0,unclassified,3,77.22,0.0,12.427389106324787
138931,0,unclassified,4,138.28,0.0,16.630093204789922
138931,0,unclassified,5,194.21,0.0,19.708373854785687
138931,0,unclassified,6,377.0,110.0,17.110463674190438
138931,0,unclassified,7,968.87,620.0,12.377542908348834
138931,0,unclassified,8,1207.62,840.0,11.489190941185512
138931,0,unclassified,9,1121.31,765.0,11.602096556071135
138931,0,unclassified,10,1026.29,805.0,7.313044644054661
138931,0,unclassified,11,1105.19,765.0,11.124837496096816
138931,0,unclassified,12,1280.54,760.0,16.296582866116914
138931,0,unclassified,13,1184.8,670.0,16.90460364297468
138931,0,unclassified,14,1243.64,690.0,17.805519407738924
138931,0,unclassified,15,1271.75,765.0,15.87961221827454
138931,0,unclassified,16,1390.14,730.0,20.275369462644022
138931,0,unclassified,17,1441.81,845.0,17.649647983622852
138931,0,unclassified,18,1479.52,930.0,15.831907123803257
138931,0,unclassified,19,1406.83,835.0,17.07971405805314
138931,0,unclassified,20,1191.25,425.0,26.954496042810504
138931,0,unclassified,21,762.36,390.0,15.512576349278346
138931,0,unclassified,22,601.36,380.0,9.99309388983988
138931,0,unclassified,23,598.05,330.0,12.44357362852233
138932,0,unclassified,0,442.72,0.0,29.756343861435663
138932,0,unclassified,1,328.9,0.0,25.647611974606914
138932,0,unclassified,2,231.13,0.0,21.500232556881798
138932,0,unclassified,3,77.22,5.0,11.263769270347577
138932,0,unclassified,4,138.28,5.0,15.746614500585169
138932,0,unclassified,5,194.21,10.0,18.230127149033763
138932,0,unclassified,6,377.0,200.0,10.420783126547509
138932,0,unclassified,7,968.87,615.0,12.574738935572219
138932,0,unclassified,8,1207.62,650.0,18.296789885287872
138932,0,unclassified,9,1121.31,630.0,16.60309633638219
138932,0,unclassified,10,1026.29,525.0,17.999379863844897
138932,0,unclassified,11,1105.19,545.0,19.50218959694675
138932,0,unclassified,12,1280.54,695.0,18.630677682402624
138932,0,unclassified,13,1184.8,710.0,15.425669424036336
138932,0,unclassified,14,1243.64,690.0,17.805519407738924
138932,0,unclassified,15,1271.75,655.0,19.870622473199667
138932,0,unclassified,16,1390.14,665.0,22.621226799280652
138932,0,unclassified,17,1441.81,650.0,24.483576721697542
138932,0,unclassified,18,1479.52,650.0,25.42148976168184
138932,0,unclassified,19,1406.83,720.0,21.061915470252206
138932,0,unclassified,20,1191.25,650.0,17.838425842099983
138932,0,unclassified,21,762.36,370.0,16.489499118932027
138932,0,unclassified,22,601.36,385.0,9.742585922299282
138932,0,unclassified,23,598.05,320.0,12.977909154713409
139927,0,unclassified,0,64.73,0.0,11.378049041905207
139927,0,unclassified,1,14.92,0.0,5.462600113499065
139927,0,unclassified,2,3.38,0.0,2.6
139927,0,unclassified,3,0.0,5.0,3.1622776601683795
139927,0,unclassified,4,1.88,5.0,1.6821912619736394
139927,0,unclassified,5,20.92,0.0,6.468384651518492
139927,0,unclassified,6,113.73,40.0,8.409688666170332
139927,0,unclassified,7,389.15,255.0,7.475016734720495
139927,0,unclassified,8,527.71,370.0,7.443997147903959
139927,0,unclassified,9,314.0,415.0,5.290206288877133
139927,0,unclassified,10,218.88,350.0,7.774520366201584
139927,0,unclassified,11,223.85,390.0,9.483839888328445
139927,0,unclassified,12,259.61,435.0,9.411293342454965
139927,0,unclassified,13,259.29,420.0,8.720277155598325
139927,0,unclassified,14,263.81,375.0,6.221496699348685
139927,0,unclassified,15,260.49,335.0,4.318096312904471
139927,0,unclassified,16,344.36,435.0,4.591618939293515
139927,0,unclassified,17,393.29,410.0,0.8337872839767851
139927,0,unclassified,18,370.86,430.0,2.9554118927967896
139927,0,unclassified,19,333.86,505.0,8.356449297166485
139927,0,unclassified,20,248.68,435.0,10.07738928817549
139927,0,unclassified,21,156.01,445.0,16.670820055627118
139927,0,unclassified,22,127.57,305.0,12.06462568490019
139927,0,unclassified,23,119.29,195.0,6.039527492175274
139934,0,unclassified,0,63.88,0.0,11.303096920755834
139934,0,unclassified,1,9.8,0.0,4.427188724235731
139934,0,unclassified,2,1.3,0.0,1.61245154965971
139934,0,unclassified,3,0.0,15.0,5.477225575051661
139934,0,unclassified,4,1.01,5.0,2.301710280705666
139934,0,unclassified,5,5.41,5.0,0.17971051543075633
139934,0,unclassified,6,79.19,55.0,2.953185924026877
139934,0,unclassified,7,316.84,175.0,9.044858926448182
139934,0,unclassified,8,464.29,280.0,9.553129739405849
139934,0,unclassified,9,261.29,265.0,0.22870536286017973
139934,0,unclassified,10,194.39,210.0,1.0977860231731869
139934,0,unclassified,11,214.75,160.0,3.9997081281105227
139934,0,unclassified,12,271.01,240.0,1.940001494916403
139934,0,unclassified,13,236.79,215.0,1.4497860650259362
139934,0,unclassified,14,240.42,215.0,1.6845522828510247
139934,0,unclassified,15,256.19,160.0,6.66805390550064
139934,0,unclassified,16,344.36,210.0,8.07028830704506
139934,0,unclassified,17,407.29,235.0,9.614118895204312
139934,0,unclassified,18,391.43,225.0,9.479921208571694
139934,0,unclassified,19,352.14,195.0,9.500632377472716
139934,0,unclassified,20,245.71,150.0,6.804305452588311
139934,0,unclassified,21,155.29,80.0,6.941455759899443
139934,0,unclassified,22,125.0,50.0,8.017837257372731
139934,0,unclassified,23,115.45,140.0,2.172268681202069
141108,0,unclassified,0,254.08,0.0,22.542404485768593
141108,0,unclassified,1,204.76,0.0,20.236600505025542
141108,0,unclassified,2,32.0,0.0,8.0
141108,0,unclassified,3,0.0,10.0,4.47213595499958
141108,0,unclassified,4,102.8,25.0,9.732606571362393
141108,0,unclassified,5,218.57,5.0,20.199865702677982
141108,0,unclassified,6,334.92,210.0,7.567990869185834
141108,0,unclassified,7,791.59,890.0,3.393861940607041
141108,0,unclassified,8,911.86,255.0,27.194334647047352
141108,0,unclassified,9,747.57,125.0,29.805955485578522
141108,0,unclassified,10,772.14,215.0,25.077830490412875
141108,0,unclassified,11,865.81,380.0,19.465050809502433
141108,0,unclassified,12,1070.26,780.0,9.543019444054707
141108,0,unclassified,13,932.96,785.0,5.048388823606234
141108,0,unclassified,14,1026.94,830.0,6.463235726016874
141108,0,unclassified,15,1098.79,905.0,6.1223796685058565
141108,0,unclassified,16,1340.0,945.0,11.68608366486906
141108,0,unclassified,17,1410.57,880.0,15.677828294167277
141108,0,unclassified,18,1324.29,530.0,26.085866334791717
141108,0,unclassified,19,1137.43,630.0,17.06946959774122
141108,0,unclassified,20,878.14,910.0,1.0655160848914031
141108,0,unclassified,21,474.39,815.0,13.414677715235902
141108,0,unclassified,22,323.87,980.0,25.697314908895873
141108,0,unclassified,23,331.84,1020.0,26.46925858235165
141210,0,unclassified,0,176.18,0.0,18.7712546197637
141210,0,unclassified,1,100.0,0.0,14.142135623730951
141210,0,unclassified,2,3.64,0.0,2.6981475126464085
141210,0,unclassified,3,0.0,5.0,3.1622776601683795
141210,0,unclassified,4,28.15,15.0,2.831068324204695
141210,0,unclassified,5,123.78,10.0,13.911864257179227
141210,0,unclassified,6,241.05,185.0,3.8402573579799717
141210,0,unclassified,7,768.3,740.0,1.0305227121546239
141210,0,unclassified,8,968.43,1000.0,1.0063049108088387
141210,0,unclassified,9,768.71,930.0,5.534301537131323
141210,0,unclassified,10,702.5,1060.0,12.04277247125122
141210,0,unclassified,11,713.7,900.0,6.55868016867234
141210,0,unclassified,12,930.53,900.0,1.0091445445169367
141210,0,unclassified,13,773.38,755.0,0.6648823922366669
141210,0,unclassified,14,835.46,930.0,3.182010839212552
141210,0,unclassified,15,880.19,725.0,5.477917763854656
141210,0,unclassified,16,1028.5,660.0,12.682414920214095
141210,0,unclassified,17,1159.71,815.0,10.970267498740778
141210,0,unclassified,18,1084.29,610.0,16.295402498760314
141210,0,unclassified,19,957.64,580.0,13.61964076634177
141210,0,unclassified,20,717.29,505.0,8.587315228608839
141210,0,unclassified,21,412.13,550.0,6.285906186881385
141210,0,unclassified,22,311.16,390.0,4.210687851013813
141210,0,unclassified,23,252.93,285.0,1.9554696287501785
141211,0,unclassified,0,176.18,0.0,18.7712546197637
141211,0,unclassified,1,100.0,0.0,14.142135623730951
141211,0,unclassified,2,3.64,0.0,2.6981475126464085
141211,0,unclassified,3,0.0,15.0,5.477225575051661
141211,0,unclassified,4,28.15,25.0,0.6110460164690619
141211,0,unclassified,5,123.78,5.0,14.802467233057573
141211,0,unclassified,6,241.05,280.0,2.4131413401479294
141211,0,unclassified,7,768.3,995.0,7.634901073303963
141211,0,unclassified,8,968.43,1175.0,6.309974365168632
141211,0,unclassified,9,768.71,1075.0,10.087917225509084
141211,0,unclassified,10,702.5,1020.0,10.818800493673772
141211,0,unclassified,11,713.7,1005.0,9.937003527186615
141211,0,unclassified,12,930.53,1270.0,10.234172935968626
141211,0,unclassified,13,773.38,1145.0,11.999047092209032
141211,0,unclassified,14,835.46,1075.0,7.750399131898034
141211,0,unclassified,15,880.19,960.0,2.6311219366230447
141211,0,unclassified,16,1028.5,1230.0,5.99625371938655
141211,0,unclassified,17,1159.71,1470.0,8.557144156164536
141211,0,unclassified,18,1084.29,1385.0,8.558089414533073
141211,0,unclassified,19,957.64,1235.0,8.376742397449515
141211,0,unclassified,20,717.29,940.0,7.7366947258601195
141211,0,unclassified,21,412.13,770.0,14.719995310830953
141211,0,unclassified,22,311.16,655.0,15.643966213648152
141211,0,unclassified,23,252.93,360.0,6.116139201275737
141218,0,unclassified,0,188.12,0.0,19.39690696992693
141218,0,unclassified,1,131.0,0.0,16.186414056238647
141218,0,unclassified,2,8.8,0.0,4.1952353926806065
141218,0,unclassified,3,0.0,5.0,3.1622776601683795
141218,0,unclassified,4,35.6,15.0,4.095500278310853
141218,0,unclassified,5,135.85,10.0,14.737200799968111
141218,0,unclassified,6,260.17,150.0,7.69301184108466
141218,0,unclassified,7,820.74,820.0,0.025836092726273404
141218,0,unclassified,8,1064.71,1160.0,2.857101184954916
141218,0,unclassified,9,850.0,995.0,4.7740263838063495
141218,0,unclassified,10,764.11,1035.0,9.031899829091122
141218,0,unclassified,11,786.61,815.0,1.0032334509770682
141218,0,unclassified,12,992.71,905.0,2.847404622769972
141218,0,unclassified,13,815.11,790.0,0.886358288697541
141218,0,unclassified,14,882.61,920.0,1.2454307231367323
141218,0,unclassified,15,904.51,760.0,5.009215255436027
141218,0,unclassified,16,1048.71,695.0,11.979128041468202
141218,0,unclassified,17,1211.57,815.0,12.458164195209495
141218,0,unclassified,18,1118.71,655.0,15.571130776538629
141218,0,unclassified,19,935.29,605.0,11.901704819835702
141218,0,unclassified,20,716.19,505.0,8.546665923463445
141218,0,unclassified,21,411.54,575.0,7.359853048851124
141218,0,unclassified,22,311.49,385.0,3.9391632350289525
141218,0,unclassified,23,263.8,285.0,1.2798050143031816
141219,0,unclassified,0,188.12,0.0,19.39690696992693
141219,0,unclassified,1,131.0,0.0,16.186414056238647
141219,0,unclassified,2,8.8,0.0,4.1952353926806065
141219,0,unclassified,3,0.0,15.0,5.477225575051661
141219,0,unclassified,4,35.6,25.0,1.925681911708813
141219,0,unclassified,5,135.85,5.0,15.5923042011673
141219,0,unclassified,6,260.17,265.0,0.2980658177574945
141219,0,unclassified,7,820.74,880.0,2.032158985804151
141219,0,unclassified,8,1064.71,1130.0,1.9709386006462362
141219,0,unclassified,9,850.0,1100.0,8.006407690254356
141219,0,unclassified,10,764.11,1075.0,10.25221954561108
141219,0,unclassified,11,786.61,1095.0,10.054268491568012
141219,0,unclassified,12,992.71,1230.0,7.117918851269257
141219,0,unclassified,13,815.11,1150.0,10.68375067613684
141219,0,unclassified,14,882.61,995.0,3.668089926452781
141219,0,unclassified,15,904.51,940.0,1.1686393083070572
141219,0,unclassified,16,1048.71,1235.0,5.512950128142535
141219,0,unclassified,17,1211.57,1435.0,6.142070410230597
141219,0,unclassified,18,1118.71,1350.0,6.5831964607722515
141219,0,unclassified,19,935.29,1310.0,11.183405187608011
141219,0,unclassified,20,716.19,1045.0,11.080437528436102
141219,0,unclassified,21,411.54,860.0,17.785811985380388
141219,0,unclassified,22,311.49,735.0,18.51446324662296
141219,0,unclassified,23,263.8,345.0,4.654078510355395
142,0,unclassified,0,141.17,0.0,16.80297592690057
142,0,unclassified,1,82.67,0.0,12.858460249967724
142,0,unclassified,2,3.7,0.0,2.7202941017470885
142,0,unclassified,3,1.69,0.0,1.8384776310850235
142,0,unclassified,4,0.0,5.0,3.1622776601683795
142,0,unclassified,5,4.44,10.0,2.0692177386301074
142,0,unclassified,6,82.73,65.0,2.0629532418307743
142,0,unclassified,7,206.02,285.0,5.040603495357423
142,0,unclassified,8,354.0,530.0,8.371466297119095
142,0,unclassified,9,279.24,335.0,3.181769508056241
142,0,unclassified,10,260.7,445.0,9.811384017620627
142,0,unclassified,11,280.04,365.0,4.7308173203912185
142,0,unclassified,12,307.86,460.0,7.76456960431884
142,0,unclassified,13,305.39,365.0,3.2558947387285175
142,0,unclassified,14,326.59,415.0,4.591287155505106
142,0,unclassified,15,354.5,345.0,0.5079778126891148
142,0,unclassified,16,402.29,450.0,2.311163754629806
142,0,unclassified,17,415.29,505.0,4.18209123535166
142,0,unclassified,18,406.43,575.0,7.609666432979701
142,0,unclassified,19,340.07,430.0,4.58304887692941
142,0,unclassified,20,248.09,400.0,8.438858432955737
142,0,unclassified,21,161.24,190.0,2.170210674551992
142,0,unclassified,22,139.3,200.0,4.660277298347689
142,0,unclassified,23,159.16,210.0,3.742081320346101
142190,0,unclassified,0,379.86,0.0,27.563018702602225
142190,0,unclassified,1,240.6,0.0,21.93627133311402
142190,0,unclassified,2,175.74,0.0,18.747799870918186
142190,0,unclassified,3,90.59,10.0,11.363673563007916
142190,0,unclassified,4,94.0,20.0,9.801539442281324
142190,0,unclassified,5,105.53,5.0,13.522923629676905
142190,0,unclassified,6,191.87,150.0,3.202487643503872
142190,0,unclassified,7,414.36,305.0,5.766341470133203
142190,0,unclassified,8,674.86,375.0,13.087835864709936
142190,0,unclassified,9,585.86,550.0,1.5047449002397715
142190,0,unclassified,10,548.85,490.0,2.582171259453788
142190,0,unclassified,11,650.09,740.0,3.4103702876767494
142190,0,unclassified,12,793.79,1115.0,10.397405448321708
142190,0,unclassified,13,660.26,775.0,4.283162511217792
142190,0,unclassified,14,754.87,920.0,5.706245165326243
142190,0,unclassified,15,781.51,865.0,2.909827691368972
142190,0,unclassified,16,890.71,1045.0,4.959439880893867
142190,0,unclassified,17,1019.71,1495.0,13.40385497745102
142190,0,unclassified,18,950.86,1360.0,12.036497253189193
142190,0,unclassified,19,867.14,1180.0,9.778928408566838
142190,0,unclassified,20,644.19,845.0,7.3591097251951165
142190,0,unclassified,21,432.24,435.0,0.13254227769158955
142190,0,unclassified,22,362.3,595.0,10.636220978291556
142190,0,unclassified,23,455.57,755.0,12.170694313704924
142192,0,unclassified,0,375.68,0.0,27.410946718418906
142192,0,unclassified,1,245.48,0.0,22.15761720041214
142192,0,unclassified,2,192.1,0.0,19.601020381602584
142192,0,unclassified,3,57.14,10.0,8.136055595640128
142192,0,unclassified,4,64.62,20.0,6.859746286909979
142192,0,unclassified,5,78.46,5.0,11.37173502753843
142192,0,unclassified,6,202.74,150.0,3.9712549393739884
142192,0,unclassified,7,419.77,300.0,6.313441733460884
142192,0,unclassified,8,674.0,365.0,13.557065785920376
142192,0,unclassified,9,572.57,535.0,1.5965061689252638
142192,0,unclassified,10,538.6,490.0,2.1430287978801537
142192,0,unclassified,11,646.77,725.0,2.987085665008613
142192,0,unclassified,12,769.83,1105.0,10.947102641084165
142192,0,unclassified,13,657.76,745.0,3.294116603497717
142192,0,unclassified,14,750.09,895.0,5.052641944744321
142192,0,unclassified,15,774.81,870.0,3.319314902742536
142192,0,unclassified,16,882.43,1005.0,3.989916041547332
142192,0,unclassified,17,1005.71,1465.0,13.06745764376785
142192,0,unclassified,18,930.0,1335.0,12.034717989470826
142192,0,unclassified,19,854.0,1175.0,10.07810796859771
142192,0,unclassified,20,641.86,845.0,7.450328239575724
142192,0,unclassified,21,429.78,425.0,0.23121484722158975
142192,0,unclassified,22,363.94,560.0,9.121832882749498
142192,0,unclassified,23,454.53,755.0,12.218215829737874
142201,0,unclassified,0,372.64,0.0,27.299816849202486
142201,0,unclassified,1,217.68,0.0,20.865282169191964
142201,0,unclassified,2,168.68,0.0,18.36736235827017
142201,0,unclassified,3,121.95,10.0,13.782703022797334
142201,0,unclassified,4,126.36,35.0,10.171222296969907
142201,0,unclassified,5,141.09,10.0,15.082269635892988
142201,0,unclassified,6,207.29,230.0,1.5358448970090037
142201,0,unclassified,7,571.75,725.0,6.018487359013986
142201,0,unclassified,8,735.43,810.0,2.682591052120445
142201,0,unclassified,9,621.29,735.0,4.366539342666437
142201,0,unclassified,10,596.67,975.0,13.496000837132772
142201,0,unclassified,11,668.7,1175.0,16.675459017641543
142201,0,unclassified,12,809.91,1425.0,18.4002466598697
142201,0,unclassified,13,706.22,1350.0,20.07787235399261
142201,0,unclassified,14,741.89,1145.0,13.123971490709225
142201,0,unclassified,15,786.91,1095.0,10.04368711718233
142201,0,unclassified,16,848.64,1095.0,7.902732452674771
142201,0,unclassified,17,884.57,1450.0,16.549710255148817
142201,0,unclassified,18,939.14,1455.0,14.909809009669472
142201,0,unclassified,19,897.14,1425.0,15.491360178338473
142201,0,unclassified,20,773.05,1465.0,20.684966367029638
142201,0,unclassified,21,500.74,1485.0,31.2365917548247
142201,0,unclassified,22,422.0,1470.0,34.073419051147404
142201,0,unclassified,23,467.57,860.0,15.23170371592564
14269,0,unclassified,0,285.29,0.0,23.88681644757208
14269,0,unclassified,1,169.83,0.0,18.429867064089205
14269,0,unclassified,2,126.11,0.0,15.88143570336133
14269,0,unclassified,3,79.13,10.0,10.355464911812186
14269,0,unclassified,4,102.67,25.0,9.721289436939635
14269,0,unclassified,5,118.64,10.0,13.546176784341656
14269,0,unclassified,6,269.0,325.0,3.249449577839693
14269,0,unclassified,7,788.0,1260.0,14.75
14269,0,unclassified,8,1028.86,1080.0,1.5748958798980808
14269,0,unclassified,9,927.29,1200.0,8.361856532492004
14269,0,unclassified,10,834.96,1260.0,13.132787986131992
14269,0,unclassified,11,919.65,1385.0,13.708572277868871
14269,0,unclassified,12,1031.92,1310.0,8.126409905472775
14269,0,unclassified,13,1018.52,1100.0,2.5035123260594294
14269,0,unclassified,14,1070.57,1130.0,1.7916498357650994
14269,0,unclassified,15,1050.87,1090.0,1.1959959183529252
14269,0,unclassified,16,1140.83,1065.0,2.2833371059582754
14269,0,unclassified,17,1266.33,1010.0,7.597956876852931
14269,0,unclassified,18,1197.83,945.0,7.724133006035182
14269,0,unclassified,19,1127.83,855.0,8.664916466634496
14269,0,unclassified,20,881.61,840.0,1.418225615953568
14269,0,unclassified,21,491.98,690.0,8.145523294336236
14269,0,unclassified,22,334.0,605.0,12.506952273238642
14269,0,unclassified,23,403.5,865.0,18.32489384230883
143,0,unclassified,0,141.17,0.0,16.80297592690057
143,0,unclassified,1,82.67,0.0,12.858460249967724
143,0,unclassified,2,3.7,0.0,2.7202941017470885
143,0,unclassified,3,1.69,5.0,1.809797286503705
143,0,unclassified,4,0.0,15.0,5.477225575051661
143,0,unclassified,5,4.44,10.0,2.0692177386301074
143,0,unclassified,6,82.73,140.0,5.4269125382109715
143,0,unclassified,7,206.02,440.0,13.01879392982083
143,0,unclassified,8,354.0,670.0,13.965358928434314
143,0,unclassified,9,279.24,525.0,12.255565669670936
143,0,unclassified,10,260.7,480.0,11.395475642884856
143,0,unclassified,11,280.04,485.0,10.479535636403865
143,0,unclassified,12,307.86,530.0,10.853155779783798
143,0,unclassified,13,305.39,420.0,6.017993692854442
143,0,unclassified,14,326.59,510.0,8.967712450860702
143,0,unclassified,15,354.5,435.0,4.051676952875478
143,0,unclassified,16,402.29,490.0,4.152513910121274
143,0,unclassified,17,415.29,500.0,3.95977328057649
143,0,unclassified,18,406.43,430.0,1.1525500125327994
143,0,unclassified,19,340.07,420.0,4.100133666510824
143,0,unclassified,20,248.09,235.0,0.8422492260132435
143,0,unclassified,21,161.24,110.0,4.399945033239806
143,0,unclassified,22,139.3,250.0,7.934515572785475
143,0,unclassified,23,159.16,180.0,1.6003331413998378
143258,0,unclassified,0,331.82,0.0,25.761211151652013
143258,0,unclassified,1,30.0,0.0,7.745966692414834
143258,0,unclassified,2,0.0,0.0,
143258,0,unclassified,3,0.0,10.0,4.47213595499958
143258,0,unclassified,4,320.0,45.0,20.356413280434143
143258,0,unclassified,5,507.5,30.0,29.127226933527492
143258,0,unclassified,6,886.19,520.0,13.81018433788596
143258,0,unclassified,7,2116.84,1355.0,18.285166443259122
143258,0,unclassified,8,2250.43,1415.0,19.514732358657092
143258,0,unclassified,9,1651.57,1425.0,5.776755706841034
143258,0,unclassified,10,1361.26,1195.0,4.650506565583232
143258,0,unclassified,11,1372.75,915.0,13.53440190658072
143258,0,unclassified,12,1438.26,1080.0,10.096318345577076
143258,0,unclassified,13,1499.23,1050.0,12.58285635097964
143258,0,unclassified,14,1562.67,1085.0,13.128376917219185
143258,0,unclassified,15,1465.45,1105.0,10.054383526608587
143258,0,unclassified,16,1525.5,1075.0,12.493420687271383
143258,0,unclassified,17,1476.14,1155.0,8.853957283324624
143258,0,unclassified,18,1452.71,1120.0,9.276527467401483
143258,0,unclassified,19,1479.57,800.0,20.129024564143325
143258,0,unclassified,20,1131.62,575.0,19.054843639629123
143258,0,unclassified,21,645.76,350.0,13.254919579786305
143258,0,unclassified,22,497.56,250.0,12.804789522085345
143258,0,unclassified,23,490.18,335.0,7.6397016515252165
146017,0,unclassified,0,143.9,0.0,16.964669168598604
146017,0,unclassified,1,104.05,0.0,14.425671561490647
146017,0,unclassified,2,71.35,0.0,11.945710527214361
146017,0,unclassified,3,13.33,10.0,0.9749938177785471
146017,0,unclassified,4,50.0,10.0,7.302967433402215
146017,0,unclassified,5,83.33,10.0,10.73460454347578
146017,0,unclassified,6,118.24,300.0,12.568994289302921
146017,0,unclassified,7,322.24,835.0,21.31657460056035
146017,0,unclassified,8,494.64,810.0,12.347421105114213
146017,0,unclassified,9,405.74,770.0,15.023490069975788
146017,0,unclassified,10,377.51,660.0,12.40286254910752
146017,0,unclassified,11,382.99,835.0,18.316444716755562
146017,0,unclassified,12,430.57,820.0,15.573649612586365
146017,0,unclassified,13,378.19,860.0,19.36409306867527
146017,0,unclassified,14,426.07,855.0,16.94786476161027
146017,0,unclassified,15,454.37,805.0,13.972927244938356
146017,0,unclassified,16,498.59,850.0,13.53284620569009
146017,0,unclassified,17,530.86,870.0,12.81435190522481
146017,0,unclassified,18,545.71,825.0,10.668358302516705
146017,0,unclassified,19,470.43,865.0,15.269629359098674
146017,0,unclassified,20,388.81,820.0,17.538993053496483
146017,0,unclassified,21,228.34,640.0,19.75644336944141
146017,0,unclassified,22,176.3,750.0,26.657782220384064
146017,0,unclassified,23,179.85,540.0,18.983549211206604
146018,0,unclassified,0,143.9,0.0,16.964669168598604
146018,0,unclassified,1,104.05,0.0,14.425671561490647
146018,0,unclassified,2,71.35,0.0,11.945710527214361
146018,0,unclassified,3,13.33,15.0,0.44371915955034547
146018,0,unclassified,4,50.0,10.0,7.302967433402215
146018,0,unclassified,5,83.33,5.0,11.786612591676997
146018,0,unclassified,6,118.24,145.0,2.332518870016909
146018,0,unclassified,7,322.24,780.0,19.49910844312976
146018,0,unclassified,8,494.64,925.0,16.153170712440826
146018,0,unclassified,9,405.74,815.0,16.565429864203384
146018,0,unclassified,10,377.51,775.0,16.558418463985088
146018,0,unclassified,11,382.99,775.0,16.29144997351587
146018,0,unclassified,12,430.57,805.0,15.064404142410776
146018,0,unclassified,13,378.19,785.0,16.868687308892834
146018,0,unclassified,14,426.07,835.0,16.285247873284142
146018,0,unclassified,15,454.37,785.0,13.281794768729778
146018,0,unclassified,16,498.59,820.0,12.517554580543061
146018,0,unclassified,17,530.86,895.0,13.637819645994526
146018,0,unclassified,18,545.71,925.0,13.98694502128863
146018,0,unclassified,19,470.43,885.0,15.924812312766218
146018,0,unclassified,20,388.81,665.0,12.032109902543388
146018,0,unclassified,21,228.34,380.0,8.695866479489478
146018,0,unclassified,22,176.3,535.0,19.02041419983997
146018,0,unclassified,23,179.85,480.0,16.52459160633957
146834,0,unclassified,0,437.97,0.0,29.59628355047302
146834,0,unclassified,1,325.99,0.0,25.533899036379072
146834,0,unclassified,2,225.3,0.0,21.227340860315028
146834,0,unclassified,3,48.94,0.0,9.89343216482531
146834,0,unclassified,4,33.9,10.0,5.101297347160405
146834,0,unclassified,5,182.22,5.0,18.316884613324046
146834,0,unclassified,6,326.39,40.0,21.159287589497623
146834,0,unclassified,7,871.6,375.0,19.891070275897178
146834,0,unclassified,8,1257.29,360.0,31.55396031017131
146834,0,unclassified,9,963.29,580.0,13.798081806445595
146834,0,unclassified,10,966.11,545.0,15.320132191260102
146834,0,unclassified,11,1088.19,620.0,16.020240948777968
146834,0,unclassified,12,1095.0,780.0,10.287856919689348
146834,0,unclassified,13,1006.51,710.0,10.121180584647849
146834,0,unclassified,14,1194.24,680.0,16.79841289445464
146834,0,unclassified,15,1171.01,590.0,19.58022572050953
146834,0,unclassified,16,1302.71,640.0,21.263489347350713
146834,0,unclassified,17,1288.86,590.0,22.80121403906976
146834,0,unclassified,18,1222.71,645.0,18.90471615026535
146834,0,unclassified,19,1084.64,655.0,14.567667262800265
146834,0,unclassified,20,899.57,500.0,15.104646268277914
146834,0,unclassified,21,575.75,395.0,8.20426357252422
146834,0,unclassified,22,487.48,375.0,5.4164631019711855
146834,0,unclassified,23,568.42,355.0,9.932314783442854
147260,0,unclassified,0,7.1,0.0,3.7682887362833544
147260,0,unclassified,1,0.0,0.0,
147260,0,unclassified,2,0.0,0.0,
147260,0,unclassified,3,0.0,0.0,
147260,0,unclassified,4,0.0,0.0,
147260,0,unclassified,5,0.0,5.0,3.1622776601683795
147260,0,unclassified,6,4.0,10.0,2.2677868380553634
147260,0,unclassified,7,174.71,240.0,4.534082442488606
147260,0,unclassified,8,173.07,350.0,10.94048485240507
147260,0,unclassified,9,149.25,400.0,15.131114118738353
147260,0,unclassified,10,126.79,275.0,10.456658946311213
147260,0,unclassified,11,134.92,315.0,12.00640061638059
147260,0,unclassified,12,170.45,320.0,9.550014825031635
147260,0,unclassified,13,136.15,320.0,12.17376159353317
147260,0,unclassified,14,142.82,335.0,12.433432040472658
147260,0,unclassified,15,148.89,315.0,10.906948707320463
147260,0,unclassified,16,195.06,290.0,6.096302294149307
147260,0,unclassified,17,257.0,255.0,0.125
147260,0,unclassified,18,234.25,325.0,5.426985174316678
147260,0,unclassified,19,169.59,345.0,10.935500762972811
147260,0,unclassified,20,148.64,335.0,11.984132259757201
147260,0,unclassified,21,87.83,215.0,10.334755840601474
147260,0,unclassified,22,45.71,115.0,7.729726162175403
147260,0,unclassified,23,41.0,175.0,12.894156011901643
147261,0,unclassified,0,7.1,0.0,3.7682887362833544
147261,0,unclassified,1,0.0,0.0,
147261,0,unclassified,2,0.0,0.0,
147261,0,unclassified,3,0.0,0.0,
147261,0,unclassified,4,0.0,0.0,
147261,0,unclassified,5,0.0,0.0,
147261,0,unclassified,6,4.0,40.0,7.675225788801975
147261,0,unclassified,7,174.71,210.0,2.544485137795925
147261,0,unclassified,8,173.07,330.0,9.894794132337617
147261,0,unclassified,9,149.25,345.0,12.452123792748132
147261,0,unclassified,10,126.79,230.0,7.727347430751108
147261,0,unclassified,11,134.92,185.0,3.9596666197970496
147261,0,unclassified,12,170.45,325.0,9.819380537008858
147261,0,unclassified,13,136.15,340.0,13.211551416571817
147261,0,unclassified,14,142.82,220.0,5.730257820882718
147261,0,unclassified,15,148.89,135.0,1.1658487091007503
147261,0,unclassified,16,195.06,245.0,3.366724571563838
147261,0,unclassified,17,257.0,385.0,7.1442633239801285
147261,0,unclassified,18,234.25,415.0,10.0319954069186
147261,0,unclassified,19,169.59,285.0,7.655058252433411
147261,0,unclassified,20,148.64,260.0,7.790651587222006
147261,0,unclassified,21,87.83,165.0,6.863556225891443
147261,0,unclassified,22,45.71,95.0,5.876399788937591
147261,0,unclassified,23,41.0,100.0,7.026797743269881
14859,0,unclassified,0,553.29,0.0,33.26529723300244
14859,0,unclassified,1,340.2,0.0,26.084478143140988
14859,0,unclassified,2,238.16,0.0,21.824756585125982
14859,0,unclassified,3,167.88,15.0,15.98757391492028
14859,0,unclassified,4,157.44,40.0,11.819890935114007
14859,0,unclassified,5,164.53,15.0,15.782464302782772
14859,0,unclassified,6,265.98,280.0,0.8485445420528092
14859,0,unclassified,7,713.65,925.0,7.383701799818014
14859,0,unclassified,8,1114.14,1360.0,6.990218317448106
14859,0,unclassified,9,928.14,1400.0,13.830045691239178
14859,0,unclassified,10,898.86,1255.0,10.852430586961784
14859,0,unclassified,11,1017.29,1610.0,16.353218743862055
14859,0,unclassified,12,1204.43,2110.0,22.245009668714896
14859,0,unclassified,13,1050.5,1720.0,17.98815006280041
14859,0,unclassified,14,1177.22,1750.0,14.971839441114236
14859,0,unclassified,15,1228.41,1545.0,8.50168778845794
14859,0,unclassified,16,1409.71,1710.0,7.603240977500785
14859,0,unclassified,17,1590.71,2340.0,16.901662784593263
14859,0,unclassified,18,1496.71,2365.0,19.76013779550569
14859,0,unclassified,19,1348.86,2160.0,19.36545903780249
14859,0,unclassified,20,1060.0,1465.0,11.398280224630728
14859,0,unclassified,21,696.64,900.0,7.197423017023563
14859,0,unclassified,22,584.71,1070.0,16.871565965891445
14859,0,unclassified,23,692.29,1090.0,13.322702302724112
148911,0,unclassified,0,226.69,0.0,21.292721761202817
148911,0,unclassified,1,152.96,0.0,17.49056888726036
148911,0,unclassified,2,111.02,0.0,14.901006677402705
148911,0,unclassified,3,41.36,0.0,9.095053600721657
148911,0,unclassified,4,66.45,5.0,10.281009690294258
148911,0,unclassified,5,85.49,5.0,11.966210301142004
148911,0,unclassified,6,130.82,80.0,4.949869555249259
148911,0,unclassified,7,294.31,530.0,11.609429271338504
148911,0,unclassified,8,477.14,685.0,8.622966443048213
148911,0,unclassified,9,473.0,680.0,8.621258945822705
148911,0,unclassified,10,451.6,735.0,11.634900449853637
148911,0,unclassified,11,474.61,860.0,14.918949779647017
148911,0,unclassified,12,541.43,670.0,5.2240278017547475
148911,0,unclassified,13,476.07,675.0,8.292097746493344
148911,0,unclassified,14,506.39,590.0,3.5710068920921207
148911,0,unclassified,15,562.89,575.0,0.5077021477130388
148911,0,unclassified,16,610.07,610.0,0.0028341358496184756
148911,0,unclassified,17,607.14,760.0,5.846586211568302
148911,0,unclassified,18,612.14,785.0,6.54017761994708
148911,0,unclassified,19,569.0,580.0,0.45893128966501556
148911,0,unclassified,20,538.57,420.0,5.415990591559411
148911,0,unclassified,21,398.29,385.0,0.6715505169168676
148911,0,unclassified,22,353.81,315.0,2.1223023822733658
148911,0,unclassified,23,334.86,225.0,6.5662115788261195
149049,0,unclassified,0,213.07,0.0,20.643158673032573
149049,0,unclassified,1,137.2,0.0,16.565023392678924
149049,0,unclassified,2,101.38,0.0,14.23938200906205
149049,0,unclassified,3,66.4,0.0,11.523888232710346
149049,0,unclassified,4,57.27,15.0,7.031827660648831
149049,0,unclassified,5,91.83,25.0,8.743982315839121
149049,0,unclassified,6,192.3,90.0,8.61063524485113
149049,0,unclassified,7,475.36,535.0,2.653472313274182
149049,0,unclassified,8,480.86,640.0,6.722312012475291
149049,0,unclassified,9,441.43,665.0,9.505315865775344
149049,0,unclassified,10,539.64,775.0,9.180032782427741
149049,0,unclassified,11,577.79,835.0,9.677519188815822
149049,0,unclassified,12,559.34,875.0,11.787141444453079
149049,0,unclassified,13,552.92,815.0,10.021172276483366
149049,0,unclassified,14,610.76,880.0,9.861675640345066
149049,0,unclassified,15,615.21,900.0,10.346734842065633
149049,0,unclassified,16,542.0,915.0,13.819554844055281
149049,0,unclassified,17,412.86,845.0,17.231509033348605
149049,0,unclassified,18,486.0,860.0,14.416640541994784
149049,0,unclassified,19,558.29,860.0,11.32979840227642
149049,0,unclassified,20,471.05,840.0,14.41029544898254
149049,0,unclassified,21,308.16,825.0,21.713283249905526
149049,0,unclassified,22,246.57,520.0,13.966424912083596
149049,0,unclassified,23,279.14,335.0,3.1877351910955833
150141,0,unclassified,0,657.36,0.0,36.25906783137151
150141,0,unclassified,1,449.61,0.0,29.986997182112116
150141,0,unclassified,2,343.12,0.0,26.196182928052707
150141,0,unclassified,3,242.1,50.0,15.895587505870791
150141,0,unclassified,4,219.41,75.0,11.902439624690173
150141,0,unclassified,5,248.39,35.0,17.926553462121813
150141,0,unclassified,6,380.76,820.0,17.926222171829995
150141,0,unclassified,7,900.85,2120.0,31.369497387914787
150141,0,unclassified,8,1212.0,2245.0,24.846523402586044
150141,0,unclassified,9,1108.43,2255.0,27.959176476531976
150141,0,unclassified,10,1065.92,2330.0,30.67685492769887
150141,0,unclassified,11,1095.16,2285.0,28.942426143151586
150141,0,unclassified,12,1152.46,2255.0,26.711235063026667
150141,0,unclassified,13,1071.45,2200.0,27.903948352233286
150141,0,unclassified,14,1209.28,2110.0,22.1097004876919
150141,0,unclassified,15,1217.36,1845.0,16.039746117220957
150141,0,unclassified,16,1285.0,1750.0,11.936818845553661
150141,0,unclassified,17,1271.57,2005.0,18.120239884693895
150141,0,unclassified,18,1283.71,1940.0,16.34680197095894
150141,0,unclassified,19,1281.0,1950.0,16.644572170224293
150141,0,unclassified,20,1211.34,1590.0,10.11769345633864
150141,0,unclassified,21,857.09,1080.0,7.162582711784175
150141,0,unclassified,22,740.43,1135.0,12.885124827852485
150141,0,unclassified,23,827.57,1025.0,6.486954173202561
150143,0,unclassified,0,604.21,0.0,34.7623359399221
150143,0,unclassified,1,417.44,0.0,28.89429009337312
150143,0,unclassified,2,309.48,0.0,24.878906728391424
150143,0,unclassified,3,201.19,55.0,12.916700125073818
150143,0,unclassified,4,181.74,55.0,11.649113560769795
150143,0,unclassified,5,209.71,35.0,15.794537126757037
150143,0,unclassified,6,344.57,755.0,17.504215615690924
150143,0,unclassified,7,796.46,1360.0,17.162045223652196
150143,0,unclassified,8,1035.29,1390.0,10.186068492050738
150143,0,unclassified,9,977.43,1395.0,12.12404623300227
150143,0,unclassified,10,948.93,1195.0,7.515681484886347
150143,0,unclassified,11,977.36,1390.0,11.993727296297912
150143,0,unclassified,12,1032.0,1330.0,8.671441833491949
150143,0,unclassified,13,944.24,1445.0,14.488210261935855
150143,0,unclassified,14,1079.51,1490.0,11.45229228153298
150143,0,unclassified,15,1074.97,1395.0,9.106675261045234
150143,0,unclassified,16,1098.79,1325.0,6.497993953720025
150143,0,unclassified,17,1094.86,1495.0,11.119591211188721
150143,0,unclassified,18,1089.86,1455.0,10.236287173407604
150143,0,unclassified,19,1074.29,1520.0,12.375367797916516
150143,0,unclassified,20,1023.52,1290.0,7.835071939321258
150143,0,unclassified,21,742.34,880.0,4.833389841418053
150143,0,unclassified,22,648.43,885.0,8.54363507335855
150143,0,unclassified,23,732.0,740.0,0.29488391230979427
150145,0,unclassified,0,110.21,0.0,14.84654842042419
150145,0,unclassified,1,0.0,0.0,
150145,0,unclassified,2,0.0,0.0,
150145,0,unclassified,3,0.0,0.0,
150145,0,unclassified,4,0.0,5.0,3.1622776601683795
150145,0,unclassified,5,4.41,0.0,2.9698484809834995
150145,0,unclassified,6,72.57,35.0,5.122837837520203
150145,0,unclassified,7,235.78,240.0,0.2736052067404639
150145,0,unclassified,8,468.43,520.0,2.319739246180489
150145,0,unclassified,9,377.14,560.0,8.447563705888125
150145,0,unclassified,10,318.67,485.0,8.297489411483255
150145,0,unclassified,11,335.81,405.0,3.595049796621146
150145,0,unclassified,12,336.26,545.0,9.944172466985433
150145,0,unclassified,13,324.3,295.0,1.6650683977709786
150145,0,unclassified,14,338.61,380.0,2.183553292968027
150145,0,unclassified,15,355.78,385.0,1.5182755041471097
150145,0,unclassified,16,381.93,365.0,0.8760562744555934
150145,0,unclassified,17,425.71,595.0,7.493679557999831
150145,0,unclassified,18,398.13,605.0,9.237062940759635
150145,0,unclassified,19,316.86,615.0,13.81210623111822
150145,0,unclassified,20,234.21,350.0,6.7748792402381355
150145,0,unclassified,21,149.46,185.0,2.748275894279567
150145,0,unclassified,22,128.24,205.0,5.946636620509696
150145,0,unclassified,23,134.59,260.0,8.928410062659003
150540,0,unclassified,0,1040.14,0.0,45.61008660373273
150540,0,unclassified,1,633.56,0.0,35.596629053886545
150540,0,unclassified,2,464.16,0.0,30.46834422806727
150540,0,unclassified,3,305.39,0.0,24.713963664293107
150540,0,unclassified,4,283.07,0.0,23.793696644279553
150540,0,unclassified,5,335.19,0.0,25.8916975109783
150540,0,unclassified,6,645.19,0.0,35.92185964005761
150540,0,unclassified,7,1940.4,15.0,61.57694802252913
150540,0,unclassified,8,3404.06,25.0,81.60623827594581
150540,0,unclassified,9,2835.57,15.0,74.71125385547239
150540,0,unclassified,10,2543.71,15.0,70.69740786965043
150540,0,unclassified,11,2595.77,5.0,71.84439365950973
150540,0,unclassified,12,2709.86,45.0,71.80251051749009
150540,0,unclassified,13,2429.83,15.0,69.06805518841581
150540,0,unclassified,14,2831.48,10.0,74.85480307516035
150540,0,unclassified,15,2719.9,15.0,73.1468260374139
150540,0,unclassified,16,3077.49,10.0,78.07201233573376
150540,0,unclassified,17,3244.48,55.0,78.52575685130965
150540,0,unclassified,18,3035.15,70.0,75.25240320978168
150540,0,unclassified,19,2801.63,45.0,73.06812533391727
150540,0,unclassified,20,2194.22,20.0,65.34435862551757
150540,0,unclassified,21,1335.02,10.0,51.094371379777456
150540,0,unclassified,22,1120.57,0.0,47.34068018100289
150540,0,unclassified,23,1313.14,5.0,50.95519334622725
150924,0,unclassified,0,211.2,0.0,20.552372125864206
150924,0,unclassified,1,167.01,0.0,18.276214049961222
150924,0,unclassified,2,89.2,0.0,13.3566462856512
150924,0,unclassified,3,51.25,30.0,3.3339742973491284
150924,0,unclassified,4,61.06,40.0,2.962672987181152
150924,0,unclassified,5,109.8,35.0,8.79087925130642
150924,0,unclassified,6,312.82,505.0,9.503735115468825
150924,0,unclassified,7,1032.44,1785.0,20.050665452194185
150924,0,unclassified,8,1204.71,1885.0,17.30813307455082
150924,0,unclassified,9,1034.71,1600.0,15.57470719917829
150924,0,unclassified,10,993.81,1730.0,19.948787621406062
150924,0,unclassified,11,1064.99,1355.0,8.337218536816216
150924,0,unclassified,12,1098.07,1450.0,9.859743341921138
150924,0,unclassified,13,1155.94,1225.0,2.0015541602312656
150924,0,unclassified,14,1156.96,1295.0,3.9424233459294
150924,0,unclassified,15,1097.28,930.0,5.254146158295254
150924,0,unclassified,16,1039.71,1100.0,1.8432439771655582
150924,0,unclassified,17,998.0,1480.0,13.69340285242398
150924,0,unclassified,18,959.43,1205.0,7.464806174540838
150924,0,unclassified,19,1023.29,1130.0,3.2521371761209097
150924,0,unclassified,20,796.71,610.0,7.04012368895809
150924,0,unclassified,21,473.29,390.0,4.008939523524809
150924,0,unclassified,22,310.51,270.0,2.377783933956495
150924,0,unclassified,23,318.58,295.0,1.3462422030836079
151381,0,unclassified,0,265.68,0.0,23.051247254758255
151381,0,unclassified,1,173.73,0.0,18.640278967869552
151381,0,unclassified,2,37.2,0.0,8.62554346113913
151381,0,unclassified,3,0.0,5.0,3.1622776601683795
151381,0,unclassified,4,0.0,10.0,4.47213595499958
151381,0,unclassified,5,50.0,15.0,6.139406135149205
151381,0,unclassified,6,260.0,115.0,10.589302778433211
151381,0,unclassified,7,520.15,415.0,4.862768958972914
151381,0,unclassified,8,898.17,540.0,13.356697558052018
151381,0,unclassified,9,780.17,660.0,4.478207150120527
151381,0,unclassified,10,670.85,450.0,9.32907647790436
151381,0,unclassified,11,741.2,575.0,6.478658288556005
151381,0,unclassified,12,932.78,695.0,8.334747864726962
151381,0,unclassified,13,815.26,630.0,6.891657185709636
151381,0,unclassified,14,849.46,745.0,3.699629255218389
151381,0,unclassified,15,895.19,750.0,5.062250973235914
151381,0,unclassified,16,1045.5,675.0,12.632109209720763
151381,0,unclassified,17,1100.14,860.0,7.670716966668765
151381,0,unclassified,18,998.0,955.0,1.3760440341136488
151381,0,unclassified,19,892.86,565.0,12.143546000429925
151381,0,unclassified,20,754.63,395.0,15.00002098644763
151381,0,unclassified,21,502.81,285.0,10.974432414337977
151381,0,unclassified,22,335.89,450.0,5.756490892256989
151381,0,unclassified,23,309.89,645.0,15.336480720168542
151438,0,unclassified,0,53.39,0.0,10.333440859655607
151438,0,unclassified,1,10.35,0.0,4.54972526643093
151438,0,unclassified,2,8.0,0.0,4.0
151438,0,unclassified,3,0.0,0.0,
151438,0,unclassified,4,1.01,0.0,1.4212670403551895
151438,0,unclassified,5,5.81,0.0,3.408812109811862
151438,0,unclassified,6,55.76,20.0,5.8102193042304675
151438,0,unclassified,7,189.94,195.0,0.3647279063628753
151438,0,unclassified,8,268.14,285.0,1.0138064161357354
151438,0,unclassified,9,261.29,300.0,2.3107050672201663
151438,0,unclassified,10,263.54,295.0,1.8825502427881977
151438,0,unclassified,11,288.89,250.0,2.369206299243324
151438,0,unclassified,12,361.79,360.0,0.09422423028212044
151438,0,unclassified,13,277.65,315.0,2.169733825775703
151438,0,unclassified,14,298.86,300.0,0.06588054696410502
151438,0,unclassified,15,335.98,230.0,6.2999683929931045
151438,0,unclassified,16,370.86,370.0,0.044683313973270765
151438,0,unclassified,17,438.57,400.0,1.8836272992482503
151438,0,unclassified,18,407.57,400.0,0.37672183141105375
151438,0,unclassified,19,308.29,325.0,0.9390530607407855
151438,0,unclassified,20,248.24,245.0,0.20631502815891528
151438,0,unclassified,21,165.16,285.0,7.9879133860488
151438,0,unclassified,22,156.38,125.0,2.645582593133326
151438,0,unclassified,23,127.08,105.0,2.049723163389553
152531,0,unclassified,0,330.86,0.0,25.72391883053591
152531,0,unclassified,1,176.28,0.0,18.77658115845374
152531,0,unclassified,2,115.99,0.0,15.230889665413507
152531,0,unclassified,3,80.0,30.0,6.741998624632421
152531,0,unclassified,4,93.47,30.0,8.077979971975312
152531,0,unclassified,5,133.76,25.0,12.207132305055381
152531,0,unclassified,6,323.77,515.0,9.337907734494003
152531,0,unclassified,7,1213.73,1330.0,3.260221929464678
152531,0,unclassified,8,1632.57,1385.0,6.373593155662578
152531,0,unclassified,9,1323.71,1380.0,1.5309682805118585
152531,0,unclassified,10,1071.05,1375.0,8.69129478835088
152531,0,unclassified,11,1022.39,1320.0,8.696267994760847
152531,0,unclassified,12,1128.12,1400.0,7.647040968522449
152531,0,unclassified,13,1089.6,1365.0,7.8611949920172925
152531,0,unclassified,14,1197.09,1330.0,3.739058854806497
152531,0,unclassified,15,1138.56,1355.0,6.129747875077324
152531,0,unclassified,16,1223.93,1355.0,3.650047533208825
152531,0,unclassified,17,1254.71,1400.0,3.98788089355644
152531,0,unclassified,18,1225.71,1290.0,1.8127091859146829
152531,0,unclassified,19,1243.14,1260.0,0.47657361891705896
152531,0,unclassified,20,1200.81,680.0,16.98329094585925
152531,0,unclassified,21,815.98,505.0,12.100389105058367
152531,0,unclassified,22,627.43,435.0,8.349060632018464
152531,0,unclassified,23,589.43,420.0,7.541664438004896
15372,0,unclassified,0,823.36,0.0,40.57979792951168
15372,0,unclassified,1,519.59,0.0,32.23631492587204
15372,0,unclassified,2,565.94,0.0,33.64342432036311
15372,0,unclassified,3,637.85,20.0,34.06705638552431
15372,0,unclassified,4,585.08,75.0,28.0772782641167
15372,0,unclassified,5,402.31,10.0,27.32325543648933
15372,0,unclassified,6,387.5,530.0,6.653142503893308
15372,0,unclassified,7,864.08,1470.0,17.7366835236587
15372,0,unclassified,8,1390.57,1595.0,5.291100338255182
15372,0,unclassified,9,1423.0,1245.0,4.873512535921202
15372,0,unclassified,10,1240.64,1415.0,4.784948385080342
15372,0,unclassified,11,1268.64,1210.0,1.6657208905673777
15372,0,unclassified,12,1269.31,1595.0,8.60615992979753
15372,0,unclassified,13,1157.41,1415.0,7.182471350306106
15372,0,unclassified,14,1365.65,1620.0,6.583052099913711
15372,0,unclassified,15,1313.34,1485.0,4.589167040583175
15372,0,unclassified,16,1441.61,1775.0,8.313202566436022
15372,0,unclassified,17,1529.86,1680.0,3.7477305933824137
15372,0,unclassified,18,1353.14,1910.0,13.78615533000454
15372,0,unclassified,19,1327.0,1570.0,6.384795972189673
15372,0,unclassified,20,1206.52,1370.0,4.554732416007467
15372,0,unclassified,21,878.62,1375.0,14.787301520542561
15372,0,unclassified,22,862.43,1355.0,14.793059224769813
15372,0,unclassified,23,1007.29,935.0,2.31972330422989
15373,0,unclassified,0,744.0,0.0,38.57460304397182
15373,0,unclassified,1,492.29,0.0,31.378017783155137
15373,0,unclassified,2,359.58,0.0,26.817158686184484
15373,0,unclassified,3,239.37,25.0,18.64545218656191
15373,0,unclassified,4,215.02,75.0,11.627627143373294
15373,0,unclassified,5,249.59,10.0,21.03002098932277
15373,0,unclassified,6,375.0,500.0,5.976143046671968
15373,0,unclassified,7,1099.86,1355.0,7.282494818325975
15373,0,unclassified,8,1711.43,1485.0,5.663910281622236
15373,0,unclassified,9,1482.14,1285.0,5.2999794283488475
15373,0,unclassified,10,1258.89,1215.0,1.2479304624481407
15373,0,unclassified,11,1279.54,1155.0,3.569565882086845
15373,0,unclassified,12,1377.4,1595.0,5.644432223512319
15373,0,unclassified,13,1259.77,1390.0,3.5778485171009886
15373,0,unclassified,14,1432.12,1530.0,2.543358814200122
15373,0,unclassified,15,1367.86,1545.0,4.641644042418429
15373,0,unclassified,16,1518.5,1715.0,4.886986281516042
15373,0,unclassified,17,1579.86,1660.0,1.9911373268285666
15373,0,unclassified,18,1526.29,1645.0,2.9811533989661783
15373,0,unclassified,19,1383.0,1695.0,7.953078774179475
15373,0,unclassified,20,1252.95,1575.0,8.5645083680055
15373,0,unclassified,21,895.98,1475.0,16.816848725793598
15373,0,unclassified,22,840.43,1230.0,12.107939082299671
15373,0,unclassified,23,1016.71,830.0,6.144452996375485
154148,0,unclassified,0,246.5,0.0,22.20360331117452
154148,0,unclassified,1,178.0,0.0,18.867962264113206
154148,0,unclassified,2,135.0,0.0,16.431676725154983
154148,0,unclassified,3,0.0,0.0,
154148,0,unclassified,4,0.0,35.0,8.366600265340756
154148,0,unclassified,5,53.68,15.0,6.6006441506311715
154148,0,unclassified,6,193.08,360.0,10.03758871653705
154148,0,unclassified,7,655.7,1380.0,22.702652138201145
154148,0,unclassified,8,1095.67,1570.0,12.992490233589676
154148,0,unclassified,9,799.5,1255.0,14.211839897882232
154148,0,unclassified,10,646.53,1135.0,16.366519186225272
154148,0,unclassified,11,725.73,1380.0,20.163720220058405
154148,0,unclassified,12,865.87,1595.0,20.78622526385161
154148,0,unclassified,13,816.72,1425.0,18.168867253441125
154148,0,unclassified,14,866.01,1470.0,17.672882796556195
154148,0,unclassified,15,871.27,1295.0,12.87502017391656
154148,0,unclassified,16,1162.67,1375.0,5.9608581188365495
154148,0,unclassified,17,1169.67,1720.0,14.478182986278716
154148,0,unclassified,18,1079.83,1680.0,16.156530889895507
154148,0,unclassified,19,950.67,1665.0,19.752515529199652
154148,0,unclassified,20,601.27,1300.0,22.662222029412224
154148,0,unclassified,21,319.81,1010.0,26.766332167498682
154148,0,unclassified,22,281.24,805.0,22.47420976543869
154148,0,unclassified,23,328.67,790.0,19.506335944077865
154843,0,unclassified,0,153.72,0.0,17.53396703544295
154843,0,unclassified,1,107.47,0.0,14.660832172833846
154843,0,unclassified,2,69.82,0.0,11.816936997377958
154843,0,unclassified,3,42.08,25.0,2.949214342081574
154843,0,unclassified,4,48.79,25.0,3.9166132129038673
154843,0,unclassified,5,70.27,10.0,9.513483248690225
154843,0,unclassified,6,164.69,335.0,10.7746908381098
154843,0,unclassified,7,505.0,1240.0,24.883107813158322
154843,0,unclassified,8,654.43,1255.0,19.436889302801667
154843,0,unclassified,9,701.14,1305.0,19.066485251881875
154843,0,unclassified,10,624.32,1300.0,21.782986137700387
154843,0,unclassified,11,637.93,1145.0,16.98305313938763
154843,0,unclassified,12,747.25,1410.0,20.179690235935496
154843,0,unclassified,13,691.46,1320.0,19.81947830902388
154843,0,unclassified,14,752.03,1350.0,18.44484198182786
154843,0,unclassified,15,756.08,1185.0,13.767959434421007
154843,0,unclassified,16,828.0,1370.0,16.34934808772324
154843,0,unclassified,17,900.83,1480.0,16.786372755504647
154843,0,unclassified,18,866.0,1510.0,18.684335072578232
154843,0,unclassified,19,731.67,1570.0,24.71203310615226
154843,0,unclassified,20,559.44,1570.0,30.97022766914102
154843,0,unclassified,21,282.92,635.0,16.43440317775365
154843,0,unclassified,22,171.69,440.0,15.342147960107118
154843,0,unclassified,23,197.8,825.0,27.73484146997925
155201,0,unclassified,0,238.26,0.0,21.82933805684451
155201,0,unclassified,1,182.65,0.0,19.112822920751398
155201,0,unclassified,2,81.62,0.0,12.776541002947551
155201,0,unclassified,3,9.63,5.0,1.7118820012867304
155201,0,unclassified,4,24.0,10.0,3.395498750508662
155201,0,unclassified,5,104.55,15.0,11.582593048687029
155201,0,unclassified,6,237.81,115.0,9.246519419135069
155201,0,unclassified,7,500.13,430.0,3.2519735954312816
155201,0,unclassified,8,901.57,555.0,12.84222526998354
155201,0,unclassified,9,775.57,630.0,5.491116277749712
155201,0,unclassified,10,699.89,485.0,8.828607034606852
155201,0,unclassified,11,822.39,590.0,8.744905420367806
155201,0,unclassified,12,1121.9,660.0,15.474666428815633
155201,0,unclassified,13,878.77,660.0,7.8870738858043365
155201,0,unclassified,14,916.34,780.0,4.6814655950278325
155201,0,unclassified,15,969.62,810.0,5.35104576582195
155201,0,unclassified,16,1185.79,745.0,14.186628975358868
155201,0,unclassified,17,1298.29,865.0,13.174565240438756
155201,0,unclassified,18,1161.0,1035.0,3.802501333785778
155201,0,unclassified,19,1003.0,665.0,11.703982801989099
155201,0,unclassified,20,796.34,415.0,15.495098126294671
155201,0,unclassified,21,529.66,285.0,12.122432450702181
155201,0,unclassified,22,341.45,450.0,5.456737771989992
155201,0,unclassified,23,311.01,620.0,14.321293633905265
155202,0,unclassified,0,238.26,0.0,21.82933805684451
155202,0,unclassified,1,182.65,0.0,19.112822920751398
155202,0,unclassified,2,81.62,0.0,12.776541002947551
155202,0,unclassified,3,9.63,20.0,2.6941881925498055
155202,0,unclassified,4,24.0,15.0,2.0380986614602725
155202,0,unclassified,5,104.55,15.0,11.582593048687029
155202,0,unclassified,6,237.81,260.0,1.406502446209971
155202,0,unclassified,7,500.13,1130.0,22.062504012327576
155202,0,unclassified,8,901.57,1430.0,15.476695351600384
155202,0,unclassified,9,775.57,1335.0,17.221099246476047
155202,0,unclassified,10,699.89,1235.0,17.204019448193907
155202,0,unclassified,11,822.39,1140.0,10.139499183320815
155202,0,unclassified,12,1121.9,1130.0,0.2413934414024338
155202,0,unclassified,13,878.77,1125.0,7.7791478876287234
155202,0,unclassified,14,916.34,1095.0,5.633776088451336
155202,0,unclassified,15,969.62,550.0,15.223120212530217
155202,0,unclassified,16,1185.79,830.0,11.206915363039048
155202,0,unclassified,17,1298.29,960.0,10.067329940942875
155202,0,unclassified,18,1161.0,1090.0,2.1163407729939654
155202,0,unclassified,19,1003.0,905.0,3.172867150367063
155202,0,unclassified,20,796.34,515.0,10.987245450286295
155202,0,unclassified,21,529.66,390.0,6.512884654969301
155202,0,unclassified,22,341.45,395.0,2.7906337336184865
155202,0,unclassified,23,311.01,495.0,9.165137866516613
155530,0,unclassified,0,1.58,0.0,1.7776388834631178
155530,0,unclassified,1,1.26,0.0,1.5874507866387544
155530,0,unclassified,2,0.0,0.0,
155530,0,unclassified,3,0.0,0.0,
155530,0,unclassified,4,30.43,0.0,7.801281945936835
155530,0,unclassified,5,32.8,0.0,8.099382692526634
155530,0,unclassified,6,42.97,0.0,9.270382947861432
155530,0,unclassified,7,142.97,10.0,15.204268598577928
155530,0,unclassified,8,158.25,0.0,17.790446874657196
155530,0,unclassified,9,191.91,15.0,17.39308582560194
155530,0,unclassified,10,216.25,35.0,16.17111545702331
155530,0,unclassified,11,212.24,55.0,13.602768324569174
155530,0,unclassified,12,206.35,80.0,10.559458564835083
155530,0,unclassified,13,118.15,25.0,11.010376777685108
155530,0,unclassified,14,175.54,30.0,14.356520397421251
155530,0,unclassified,15,202.21,30.0,15.982065467443771
155530,0,unclassified,16,217.63,85.0,10.782036024304299
155530,0,unclassified,17,141.29,155.0,1.1264034076091616
155530,0,unclassified,18,100.53,100.0,0.05292991426467869
155530,0,unclassified,19,100.24,45.0,6.482246585341374
155530,0,unclassified,20,35.15,25.0,1.8508159104830197
155530,0,unclassified,21,5.96,25.0,4.839287965221321
155530,0,unclassified,22,3.15,15.0,3.9336438220825567
155530,0,unclassified,23,21.11,10.0,2.8169494341277512
155531,0,unclassified,0,1.58,0.0,1.7776388834631178
155531,0,unclassified,1,1.26,0.0,1.5874507866387544
155531,0,unclassified,2,0.0,0.0,
155531,0,unclassified,3,0.0,0.0,
155531,0,unclassified,4,30.43,0.0,7.801281945936835
155531,0,unclassified,5,32.8,0.0,8.099382692526634
155531,0,unclassified,6,42.97,5.0,7.7530169909497415
155531,0,unclassified,7,142.97,70.0,7.071314101331394
155531,0,unclassified,8,158.25,85.0,6.6419591829733235
155531,0,unclassified,9,191.91,85.0,9.085817465415117
155531,0,unclassified,10,216.25,75.0,11.704974915318715
155531,0,unclassified,11,212.24,100.0,8.982937679673892
155531,0,unclassified,12,206.35,75.0,11.07443593737768
155531,0,unclassified,13,118.15,85.0,3.2891987553023987
155531,0,unclassified,14,175.54,70.0,9.525131101748578
155531,0,unclassified,15,202.21,90.0,9.283228128870872
155531,0,unclassified,16,217.63,70.0,12.31041027026096
155531,0,unclassified,17,141.29,80.0,5.826714311307632
155531,0,unclassified,18,100.53,40.0,7.221063242937287
155531,0,unclassified,19,100.24,25.0,9.508067478379978
155531,0,unclassified,20,35.15,45.0,1.5559637147831475
155531,0,unclassified,21,5.96,40.0,7.100918681907786
155531,0,unclassified,22,3.15,15.0,3.9336438220825567
155531,0,unclassified,23,21.11,15.0,1.4379456252437273
155791,0,unclassified,0,260.69,0.0,22.83374695489113
155791,0,unclassified,1,166.15,0.0,18.22909761891685
155791,0,unclassified,2,111.38,0.0,14.925146565444509
155791,0,unclassified,3,46.92,0.0,9.687104830649869
155791,0,unclassified,4,47.44,0.0,9.740636529508736
155791,0,unclassified,5,105.08,15.0,11.625403505350908
155791,0,unclassified,6,210.78,100.0,8.88689046794941
155791,0,unclassified,7,589.57,530.0,2.5177753170484936
155791,0,unclassified,8,853.0,885.0,1.0855256504844133
155791,0,unclassified,9,760.71,785.0,0.8737325281272119
155791,0,unclassified,10,661.49,665.0,0.13629192454335196
155791,0,unclassified,11,656.46,490.0,6.952571034217103
155791,0,unclassified,12,805.54,725.0,2.9114161114641095
155791,0,unclassified,13,691.81,560.0,5.268586922902407
155791,0,unclassified,14,730.64,640.0,3.462367748785408
155791,0,unclassified,15,748.71,585.0,6.339565635663314
155791,0,unclassified,16,780.86,445.0,13.566032225841452
155791,0,unclassified,17,778.71,700.0,2.894698961368082
155791,0,unclassified,18,783.57,660.0,4.599484085180711
155791,0,unclassified,19,758.71,660.0,3.70620412226834
155791,0,unclassified,20,668.86,595.0,2.938155769289426
155791,0,unclassified,21,543.07,560.0,0.7208923539846441
155791,0,unclassified,22,452.0,360.0,4.565883336266279
155791,0,unclassified,23,431.0,180.0,14.36045214903464
15588,0,unclassified,0,154.14,0.0,17.557904202950873
15588,0,unclassified,1,113.91,0.0,15.093707298076241
15588,0,unclassified,2,46.32,0.0,9.624967532412771
15588,0,unclassified,3,6.51,0.0,3.608323710533743
15588,0,unclassified,4,15.12,0.0,5.499090833947008
15588,0,unclassified,5,71.18,10.0,9.602845619970442
15588,0,unclassified,6,139.45,100.0,3.6054093833964926
15588,0,unclassified,7,426.68,470.0,2.0459014220652207
15588,0,unclassified,8,696.43,555.0,5.65396685537378
15588,0,unclassified,9,612.43,575.0,1.5361400651163137
15588,0,unclassified,10,526.18,560.0,1.4512348539814133
15588,0,unclassified,11,528.8,485.0,1.9454181568726434
15588,0,unclassified,12,565.31,415.0,6.789239920834677
15588,0,unclassified,13,519.5,485.0,1.5394270814734026
15588,0,unclassified,14,592.3,405.0,8.387641613466629
15588,0,unclassified,15,573.52,330.0,11.457259447613902
15588,0,unclassified,16,598.43,370.0,10.380876404315645
15588,0,unclassified,17,638.57,485.0,6.479198937247439
15588,0,unclassified,18,640.43,435.0,8.85906300421793
15588,0,unclassified,19,584.0,350.0,10.828228633156293
15588,0,unclassified,20,431.95,175.0,14.749834996514947
15588,0,unclassified,21,233.5,170.0,4.4706117331856445
15588,0,unclassified,22,175.76,125.0,4.13929685187985
15588,0,unclassified,23,204.49,110.0,7.535245851693921
155883,0,unclassified,0,588.86,0.0,34.31792534521864
155883,0,unclassified,1,395.77,0.0,28.13432067777717
155883,0,unclassified,2,278.47,0.0,23.59957626738243
155883,0,unclassified,3,201.76,35.0,15.32684334912078
155883,0,unclassified,4,213.14,125.0,6.77859629403562
155883,0,unclassified,5,286.96,25.0,20.97493017529363
155883,0,unclassified,6,467.43,645.0,7.52918981922296
155883,0,unclassified,7,1010.36,1955.0,24.5325457143857
155883,0,unclassified,8,1327.34,1895.0,14.14222066921967
155883,0,unclassified,9,1277.43,2000.0,17.849588639479443
155883,0,unclassified,10,1203.07,2025.0,20.45871527164528
155883,0,unclassified,11,1199.07,1675.0,12.554788712979862
155883,0,unclassified,12,1305.11,1705.0,10.307761432507592
155883,0,unclassified,13,1240.27,1660.0,11.0221367253163
155883,0,unclassified,14,1323.95,1755.0,10.986043874199945
155883,0,unclassified,15,1274.59,1585.0,8.209161823574636
155883,0,unclassified,16,1344.43,1715.0,9.474689684925456
155883,0,unclassified,17,1284.86,1795.0,12.999866366865335
155883,0,unclassified,18,1450.29,1640.0,4.826203203641192
155883,0,unclassified,19,1241.14,1685.0,11.604153263774462
155883,0,unclassified,20,1192.71,1400.0,5.757267094955039
155883,0,unclassified,21,993.74,1520.0,14.844144771175069
155883,0,unclassified,22,882.86,1020.0,4.4460641487933525
155883,0,unclassified,23,969.5,820.0,4.997931955666567
155971,0,unclassified,0,76.14,0.0,12.34017828072188
155971,0,unclassified,1,25.93,0.0,7.201388754955533
155971,0,unclassified,2,9.58,0.0,4.377213725647858
155971,0,unclassified,3,4.32,0.0,2.939387691339814
155971,0,unclassified,4,14.39,0.0,5.364699432400664
155971,0,unclassified,5,48.28,5.0,8.38532967472083
155971,0,unclassified,6,142.75,115.0,2.4444358717971735
155971,0,unclassified,7,309.89,290.0,1.1484549652821974
155971,0,unclassified,8,437.29,505.0,3.1194319825283663
155971,0,unclassified,9,371.43,525.0,7.253760145177599
155971,0,unclassified,10,328.79,475.0,7.293244539784249
155971,0,unclassified,11,326.99,440.0,5.770813271852551
155971,0,unclassified,12,351.91,460.0,5.364713942260113
155971,0,unclassified,13,371.32,335.0,1.9326805932906785
155971,0,unclassified,14,370.52,330.0,2.16508108077639
155971,0,unclassified,15,360.28,325.0,1.9059414090368287
155971,0,unclassified,16,440.76,330.0,5.6420685816015705
155971,0,unclassified,17,463.14,460.0,0.14615405227996575
155971,0,unclassified,18,424.57,425.0,0.02086334161887838
155971,0,unclassified,19,397.0,380.0,0.8624886920341297
155971,0,unclassified,20,316.95,315.0,0.10970040984106337
155971,0,unclassified,21,177.68,160.0,1.3606442444700517
155971,0,unclassified,22,160.93,130.0,2.564487959512232
155971,0,unclassified,23,156.52,150.0,0.5266634565360285
15606,0,unclassified,0,209.05,0.0,20.447493733951845
15606,0,unclassified,1,66.67,0.0,11.547294055318762
15606,0,unclassified,2,0.0,0.0,
15606,0,unclassified,3,0.0,10.0,4.47213595499958
15606,0,unclassified,4,0.0,10.0,4.47213595499958
15606,0,unclassified,5,3.2,5.0,0.8889566369846306
15606,0,unclassified,6,206.67,100.0,8.614332806982771
15606,0,unclassified,7,572.66,670.0,3.905082202035102
15606,0,unclassified,8,685.43,920.0,8.279264904922242
15606,0,unclassified,9,645.43,960.0,11.102904724139444
15606,0,unclassified,10,676.28,965.0,10.078607401783758
15606,0,unclassified,11,691.38,960.0,9.348239541805404
15606,0,unclassified,12,760.03,925.0,5.6835037848260175
15606,0,unclassified,13,626.23,930.0,10.889877325725848
15606,0,unclassified,14,712.16,800.0,3.1945408941984743
15606,0,unclassified,15,718.91,670.0,1.8559898988363934
15606,0,unclassified,16,729.43,805.0,2.7282921886865945
15606,0,unclassified,17,779.86,900.0,4.145396543424082
15606,0,unclassified,18,738.57,970.0,7.918050457008653
15606,0,unclassified,19,710.57,960.0,8.630408360713702
15606,0,unclassified,20,570.14,865.0,11.007374040231547
15606,0,unclassified,21,337.57,590.0,11.721484514320954
15606,0,unclassified,22,248.65,350.0,5.858038983309669
15606,0,unclassified,23,238.67,355.0,6.752027062749019
156077,0,unclassified,0,222.09,0.0,21.075578283881086
156077,0,unclassified,1,139.71,0.0,16.715860731652437
156077,0,unclassified,2,96.16,0.0,13.867948658687773
156077,0,unclassified,3,61.78,5.0,9.826235731717716
156077,0,unclassified,4,97.58,5.0,12.927091621739265
156077,0,unclassified,5,146.07,10.0,15.403438091627761
156077,0,unclassified,6,255.11,125.0,9.437805590844565
156077,0,unclassified,7,610.46,215.0,19.46567837014433
156077,0,unclassified,8,939.57,300.0,25.6902040454339
156077,0,unclassified,9,760.14,190.0,26.157889949327572
156077,0,unclassified,10,645.54,220.0,20.455580822652298
156077,0,unclassified,11,620.89,235.0,18.653895782786968
156077,0,unclassified,12,662.07,230.0,20.45830474425045
156077,0,unclassified,13,636.49,300.0,15.550185990473786
156077,0,unclassified,14,672.69,240.0,20.254904972042862
156077,0,unclassified,15,637.99,265.0,17.553782615484145
156077,0,unclassified,16,690.93,310.0,17.027791410435615
156077,0,unclassified,17,740.71,285.0,20.122932099754983
156077,0,unclassified,18,731.43,260.0,21.17391598963547
156077,0,unclassified,19,684.43,355.0,14.450421679082215
156077,0,unclassified,20,615.95,265.0,16.721861214835595
156077,0,unclassified,21,476.41,235.0,12.800008884202228
156077,0,unclassified,22,387.71,295.0,5.01791669152945
156077,0,unclassified,23,375.57,185.0,11.38294417191541
156326,0,unclassified,0,161.73,0.0,17.984993744786234
156326,0,unclassified,1,119.29,0.0,15.446035089951078
156326,0,unclassified,2,5.0,0.0,3.1622776601683795
156326,0,unclassified,3,0.0,15.0,5.477225575051661
156326,0,unclassified,4,71.43,35.0,4.993926406043701
156326,0,unclassified,5,55.86,10.0,7.991681827945434
156326,0,unclassified,6,140.76,185.0,3.4664204486639423
156326,0,unclassified,7,421.25,795.0,15.15600613936958
156326,0,unclassified,8,608.29,820.0,7.922243232933135
156326,0,unclassified,9,506.57,700.0,7.87521770155309
156326,0,unclassified,10,407.89,680.0,11.66720981030384
156326,0,unclassified,11,422.2,725.0,12.643033814897056
156326,0,unclassified,12,563.31,655.0,3.714993567220299
156326,0,unclassified,13,489.07,570.0,3.5169176980284504
156326,0,unclassified,14,470.51,585.0,4.98369409653868
156326,0,unclassified,15,482.05,650.0,7.059309150206869
156326,0,unclassified,16,609.14,545.0,2.670021183060654
156326,0,unclassified,17,709.71,540.0,6.789187591443563
156326,0,unclassified,18,726.29,525.0,8.047448587317223
156326,0,unclassified,19,593.57,425.0,7.469642972514746
156326,0,unclassified,20,482.91,335.0,7.314081172584258
156326,0,unclassified,21,295.36,245.0,3.0637909060696664
156326,0,unclassified,22,215.97,205.0,0.7561292728776082
156326,0,unclassified,23,233.03,235.0,0.1287788012812028
156463,0,unclassified,0,6.71,0.0,3.6633318168028404
156463,0,unclassified,1,0.0,0.0,
156463,0,unclassified,2,0.0,0.0,
156463,0,unclassified,3,0.0,0.0,
156463,0,unclassified,4,0.0,0.0,
156463,0,unclassified,5,2.55,5.0,1.260978281004698
156463,0,unclassified,6,8.66,25.0,3.9829971367457717
156463,0,unclassified,7,142.02,215.0,5.462262711733352
156463,0,unclassified,8,270.0,365.0,5.331528566029981
156463,0,unclassified,9,143.11,200.0,4.343444171590148
156463,0,unclassified,10,117.39,170.0,4.388817009517727
156463,0,unclassified,11,127.08,230.0,7.702505415238748
156463,0,unclassified,12,154.7,250.0,6.699483105575223
156463,0,unclassified,13,132.34,240.0,7.890409192978322
156463,0,unclassified,14,129.25,165.0,2.947357441480498
156463,0,unclassified,15,130.97,160.0,2.4067884941171394
156463,0,unclassified,16,180.59,300.0,7.70314958272462
156463,0,unclassified,17,215.43,315.0,6.114056750608672
156463,0,unclassified,18,200.71,355.0,9.256113489631197
156463,0,unclassified,19,151.27,335.0,11.783012390824505
156463,0,unclassified,20,94.6,235.0,10.936755522513215
156463,0,unclassified,21,65.29,100.0,3.818091409303993
156463,0,unclassified,22,33.33,55.0,3.26076720109333
156463,0,unclassified,23,33.44,115.0,9.467095150864749
157444,0,unclassified,0,125.59,0.0,15.848659249286673
157444,0,unclassified,1,69.26,0.0,11.769451983843599
157444,0,unclassified,2,30.61,0.0,7.824321056807421
157444,0,unclassified,3,6.18,0.0,3.5156791662493894
157444,0,unclassified,4,12.1,0.0,4.919349550499537
157444,0,unclassified,5,60.66,5.0,9.714216104102784
157444,0,unclassified,6,152.54,100.0,4.675628295791092
157444,0,unclassified,7,568.79,685.0,4.641369010037535
157444,0,unclassified,8,777.29,1000.0,7.470945479680442
157444,0,unclassified,9,541.71,885.0,12.853112175183174
157444,0,unclassified,10,427.71,540.0,5.104855639994777
157444,0,unclassified,11,460.43,455.0,0.25380621761962074
157444,0,unclassified,12,585.31,590.0,0.19346910602472056
157444,0,unclassified,13,504.59,365.0,6.694405828788845
157444,0,unclassified,14,508.84,460.0,2.21903740329761
157444,0,unclassified,15,510.29,495.0,0.6819881082868111
157444,0,unclassified,16,683.29,545.0,5.580271332836403
157444,0,unclassified,17,712.14,1020.0,10.461085879597682
157444,0,unclassified,18,642.71,935.0,10.40675585399485
157444,0,unclassified,19,551.43,615.0,2.632315061941572
157444,0,unclassified,20,432.34,335.0,4.969496863862425
157444,0,unclassified,21,241.81,170.0,5.004393834459149
157444,0,unclassified,22,179.25,220.0,2.884165306955543
157444,0,unclassified,23,187.76,180.0,0.5722614273031418
157931,0,unclassified,0,174.13,0.0,18.66172553650921
157931,0,unclassified,1,107.46,0.0,14.66015006744474
157931,0,unclassified,2,58.21,0.0,10.789810007595129
157931,0,unclassified,3,15.56,0.0,5.578530272392541
157931,0,unclassified,4,12.33,0.0,4.965883607174055
157931,0,unclassified,5,76.2,5.0,11.174213806223332
157931,0,unclassified,6,125.16,110.0,1.3980814497345466
157931,0,unclassified,7,446.65,350.0,4.842649935162263
157931,0,unclassified,8,707.14,650.0,2.193526615705505
157931,0,unclassified,9,527.14,600.0,3.0691296411626223
157931,0,unclassified,10,393.67,405.0,0.5669714910969758
157931,0,unclassified,11,448.41,440.0,0.39902882970248715
157931,0,unclassified,12,576.33,655.0,3.1705668727826777
157931,0,unclassified,13,480.09,540.0,2.652742359465695
157931,0,unclassified,14,481.36,485.0,0.1655948815755082
157931,0,unclassified,15,498.94,345.0,7.493948329077176
157931,0,unclassified,16,675.5,625.0,1.9803921568627452
157931,0,unclassified,17,706.71,730.0,0.868960287345935
157931,0,unclassified,18,664.57,820.0,5.7049192916663225
157931,0,unclassified,19,562.29,605.0,1.7678897863082417
157931,0,unclassified,20,432.38,475.0,2.0009389671361504
157931,0,unclassified,21,226.67,185.0,2.904449893451316
157931,0,unclassified,22,179.28,195.0,1.1491301755274685
157931,0,unclassified,23,217.55,225.0,0.5008297261968507
158878,0,unclassified,0,142.28,0.0,16.868906307167634
158878,0,unclassified,1,62.35,0.0,11.166915420114902
158878,0,unclassified,2,23.04,0.0,6.788225099390856
158878,0,unclassified,3,2.0,0.0,2.0
158878,0,unclassified,4,5.26,20.0,4.14758990010031
158878,0,unclassified,5,51.3,5.0,8.726534126935004
158878,0,unclassified,6,164.65,215.0,3.6544562802961997
158878,0,unclassified,7,341.04,1225.0,31.589749767336777
158878,0,unclassified,8,470.71,1200.0,25.232757874601837
158878,0,unclassified,9,435.0,1465.0,33.41761275293708
158878,0,unclassified,10,475.53,1235.0,25.969301797951598
158878,0,unclassified,11,544.59,1145.0,20.657237825007403
158878,0,unclassified,12,685.78,985.0,10.352517718418266
158878,0,unclassified,13,567.52,815.0,9.412812198015185
158878,0,unclassified,14,567.33,1180.0,20.72784471007452
158878,0,unclassified,15,587.94,1260.0,22.109509729258967
158878,0,unclassified,16,720.83,1375.0,20.208198313151634
158878,0,unclassified,17,789.17,1515.0,21.384182559426506
158878,0,unclassified,18,793.33,1175.0,12.166175216566716
158878,0,unclassified,19,728.83,855.0,4.483496328545886
158878,0,unclassified,20,567.73,630.0,2.544569983092329
158878,0,unclassified,21,364.44,520.0,7.397393891711295
158878,0,unclassified,22,250.55,540.0,14.558743018967267
158878,0,unclassified,23,193.7,505.0,16.65515761205206
159577,0,unclassified,0,793.02,0.0,39.82511770227428
159577,0,unclassified,1,536.09,0.0,32.74415978460892
159577,0,unclassified,2,424.05,0.0,29.122156513555105
159577,0,unclassified,3,259.0,0.0,22.759613353482084
159577,0,unclassified,4,206.23,0.0,20.30911125578862
159577,0,unclassified,5,277.55,30.0,19.96273597249942
159577,0,unclassified,6,368.75,185.0,11.042959412944375
159577,0,unclassified,7,835.74,825.0,0.3727077780625429
159577,0,unclassified,8,1292.43,1050.0,7.083828666619144
159577,0,unclassified,9,1172.77,1020.0,4.613776323443579
159577,0,unclassified,10,1096.84,1055.0,1.275562331252999
159577,0,unclassified,11,1215.33,1175.0,1.166579361248247
159577,0,unclassified,12,1280.26,1350.0,1.9230811044665537
159577,0,unclassified,13,1194.24,985.0,6.338801883401122
159577,0,unclassified,14,1370.7,1035.0,9.679336872408271
159577,0,unclassified,15,1296.27,995.0,8.900876000658966
159577,0,unclassified,16,1382.0,1100.0,8.005034676831599
159577,0,unclassified,17,1357.0,1300.0,1.563846333775887
159577,0,unclassified,18,1221.43,1145.0,2.2219384595332996
159577,0,unclassified,19,1273.57,850.0,12.998908899633996
159577,0,unclassified,20,1108.43,670.0,14.702692472800424
159577,0,unclassified,21,803.2,515.0,11.22582636898126
159577,0,unclassified,22,764.32,450.0,12.756174148946162
159577,0,unclassified,23,895.86,390.0,19.95025697799249
160315,0,unclassified,0,157.48,0.0,17.747112441183212
160315,0,unclassified,1,106.08,0.0,14.5657131648265
160315,0,unclassified,2,78.08,0.0,12.496399481450647
160315,0,unclassified,3,41.47,0.0,9.107140056021978
160315,0,unclassified,4,26.56,0.0,7.288346863315439
160315,0,unclassified,5,51.81,0.0,10.179390944452424
160315,0,unclassified,6,76.12,40.0,4.740337090182161
160315,0,unclassified,7,186.0,220.0,2.386332181568228
160315,0,unclassified,8,350.29,265.0,4.862651931072148
160315,0,unclassified,9,290.08,230.0,3.725716844478383
160315,0,unclassified,10,274.04,215.0,3.775627627084891
160315,0,unclassified,11,267.55,245.0,1.408618620807621
160315,0,unclassified,12,252.65,265.0,0.7676510464037165
160315,0,unclassified,13,236.56,225.0,0.7609546050263606
160315,0,unclassified,14,259.93,235.0,1.5847668815119131
160315,0,unclassified,15,249.38,205.0,2.9443720884131115
160315,0,unclassified,16,240.86,255.0,0.8980176431966332
160315,0,unclassified,17,247.91,260.0,0.7586612756357212
160315,0,unclassified,18,238.57,260.0,1.3572945260743017
160315,0,unclassified,19,239.71,265.0,1.591999299662351
160315,0,unclassified,20,211.05,260.0,3.189585070870192
160315,0,unclassified,21,207.62,260.0,3.4255787283397408
160315,0,unclassified,22,191.09,260.0,4.588446242846964
160315,0,unclassified,23,188.35,260.0,4.78544804507186
16269,0,unclassified,0,140.36,0.0,16.7547008329006
16269,0,unclassified,1,79.32,0.0,12.59523719506703
16269,0,unclassified,2,21.9,0.0,6.618156843109719
16269,0,unclassified,3,7.62,135.0,15.084330049480126
16269,0,unclassified,4,34.32,320.0,21.463324981452118
16269,0,unclassified,5,65.16,65.0,0.019833356145148886
16269,0,unclassified,6,229.85,2170.0,56.0090565487788
16269,0,unclassified,7,875.73,4805.0,73.72670013727924
16269,0,unclassified,8,1114.43,3605.0,51.27066800738072
16269,0,unclassified,9,756.86,2635.0,45.60621191383315
16269,0,unclassified,10,589.21,1710.0,33.05597149913596
16269,0,unclassified,11,562.31,1950.0,39.153522766528646
16269,0,unclassified,12,725.81,2455.0,43.35995762620231
16269,0,unclassified,13,667.72,2545.0,46.838999815141875
16269,0,unclassified,14,635.37,2620.0,49.19198768538321
16269,0,unclassified,15,619.61,2465.0,46.98973865728021
16269,0,unclassified,16,767.64,2295.0,39.03088828833848
16269,0,unclassified,17,883.0,3835.0,60.778836592459164
16269,0,unclassified,18,850.0,5130.0,78.27231428766169
16269,0,unclassified,19,726.57,4235.0,70.43982239656907
16269,0,unclassified,20,589.76,1860.0,36.294349154516205
16269,0,unclassified,21,348.66,1805.0,44.38019487568559
16269,0,unclassified,22,239.71,1940.0,51.5037249564457
16269,0,unclassified,23,220.86,1880.0,51.19169097601733
16274,0,unclassified,0,119.11,0.0,15.43437721451695
16274,0,unclassified,1,14.33,0.0,5.3535035257296695
16274,0,unclassified,2,3.01,0.0,2.453568829277059
16274,0,unclassified,3,1.77,0.0,1.8814887722226779
16274,0,unclassified,4,1.1,0.0,1.4832396974191326
16274,0,unclassified,5,24.64,5.0,5.101728954637408
16274,0,unclassified,6,125.42,40.0,9.392486006081713
16274,0,unclassified,7,295.19,250.0,2.737054206175779
16274,0,unclassified,8,517.71,335.0,8.84864225854742
16274,0,unclassified,9,472.0,310.0,8.192692146271613
16274,0,unclassified,10,434.61,260.0,9.369439138639954
16274,0,unclassified,11,452.11,280.0,8.995657938254874
16274,0,unclassified,12,781.86,290.0,21.246503600595698
16274,0,unclassified,13,520.42,240.0,14.381269251675329
16274,0,unclassified,14,515.77,250.0,13.582251879196194
16274,0,unclassified,15,513.55,305.0,10.308668773630751
16274,0,unclassified,16,574.57,250.0,15.984888392610538
16274,0,unclassified,17,672.86,220.0,21.43321283148284
16274,0,unclassified,18,583.43,295.0,13.762643114706272
16274,0,unclassified,19,384.14,275.0,6.011877372260382
16274,0,unclassified,20,275.44,310.0,2.0199821678565866
16274,0,unclassified,21,165.06,275.0,7.411647965513184
16274,0,unclassified,22,127.43,115.0,1.1289974102783102
16274,0,unclassified,23,104.67,95.0,0.9677987636059894
163381,0,unclassified,0,83.17,0.0,12.897286536322282
163381,0,unclassified,1,22.67,0.0,6.73349834781297
163381,0,unclassified,2,3.1,0.0,2.4899799195977463
163381,0,unclassified,3,5.12,5.0,0.0533465069369265
163381,0,unclassified,4,8.37,0.0,4.091454509095756
163381,0,unclassified,5,37.37,5.0,7.032803209377237
163381,0,unclassified,6,103.82,75.0,3.0479015096573083
163381,0,unclassified,7,315.14,335.0,1.1015159712931986
163381,0,unclassified,8,552.14,415.0,6.236407284103764
163381,0,unclassified,9,379.71,405.0,1.2767598987172026
163381,0,unclassified,10,296.6,255.0,2.5049334932601064
163381,0,unclassified,11,328.77,370.0,2.2057749837425313
163381,0,unclassified,12,653.0,435.0,9.346672890266731
163381,0,unclassified,13,421.45,395.0,1.3091092077262647
163381,0,unclassified,14,386.04,415.0,1.447059716676986
163381,0,unclassified,15,359.82,405.0,2.310370370677787
163381,0,unclassified,16,445.21,420.0,1.2120682591150627
163381,0,unclassified,17,568.86,405.0,7.425739063604995
163381,0,unclassified,18,475.0,390.0,4.0871998130919325
163381,0,unclassified,19,281.14,370.0,4.9247492093204945
163381,0,unclassified,20,185.27,205.0,1.4124058213621151
163381,0,unclassified,21,106.07,90.0,1.623025339014704
163381,0,unclassified,22,63.66,65.0,0.16706982690952477
163381,0,unclassified,23,51.25,40.0,1.665524722944612
163382,0,unclassified,0,83.17,0.0,12.897286536322282
163382,0,unclassified,1,22.67,0.0,6.73349834781297
163382,0,unclassified,2,3.1,0.0,2.4899799195977463
163382,0,unclassified,3,5.12,0.0,3.2
163382,0,unclassified,4,8.37,0.0,4.091454509095756
163382,0,unclassified,5,37.37,10.0,5.6239066443790415
163382,0,unclassified,6,103.82,75.0,3.0479015096573083
163382,0,unclassified,7,315.14,275.0,2.336763927361537
163382,0,unclassified,8,552.14,205.0,17.841508105243715
163382,0,unclassified,9,379.71,210.0,9.88332746469687
163382,0,unclassified,10,296.6,225.0,4.433627771331727
163382,0,unclassified,11,328.77,240.0,5.263963594808053
163382,0,unclassified,12,653.0,320.0,15.097422579727759
163382,0,unclassified,13,421.45,375.0,2.327670260525575
163382,0,unclassified,14,386.04,350.0,1.8786638207005473
163382,0,unclassified,15,359.82,425.0,3.290366864826038
163382,0,unclassified,16,445.21,420.0,1.2120682591150627
163382,0,unclassified,17,568.86,335.0,11.000700971182123
163382,0,unclassified,18,475.0,390.0,4.0871998130919325
163382,0,unclassified,19,281.14,375.0,5.181998591024964
163382,0,unclassified,20,185.27,340.0,9.547688131625634
163382,0,unclassified,21,106.07,230.0,9.560411256091665
163382,0,unclassified,22,63.66,125.0,6.3156616354387705
163382,0,unclassified,23,51.25,175.0,11.634987244376143
163437,0,unclassified,0,41.67,0.0,9.129074432821763
163437,0,unclassified,1,4.62,0.0,3.0397368307141326
163437,0,unclassified,2,4.01,0.0,2.831960451701259
163437,0,unclassified,3,0.54,10.0,4.120840724081044
163437,0,unclassified,4,0.0,0.0,
163437,0,unclassified,5,0.93,0.0,1.3638181696985856
163437,0,unclassified,6,15.22,40.0,4.715938129102484
163437,0,unclassified,7,114.06,200.0,6.858103483595781
163437,0,unclassified,8,223.02,355.0,7.763395098132493
163437,0,unclassified,9,158.25,265.0,7.338113049724535
163437,0,unclassified,10,130.22,155.0,2.075039231657162
163437,0,unclassified,11,159.95,220.0,4.356771521045181
163437,0,unclassified,12,232.11,230.0,0.1388112834672414
163437,0,unclassified,13,186.99,200.0,0.9352816700717239
163437,0,unclassified,14,158.94,225.0,4.767842350068371
163437,0,unclassified,15,174.04,225.0,3.607748055293377
163437,0,unclassified,16,254.21,300.0,2.75073315730376
163437,0,unclassified,17,321.86,350.0,1.5353227955986075
163437,0,unclassified,18,288.14,250.0,2.325134334787091
163437,0,unclassified,19,228.78,185.0,3.043729176919531
163437,0,unclassified,20,149.24,85.0,5.935946805765221
163437,0,unclassified,21,107.41,65.0,4.567747034905222
163437,0,unclassified,22,66.0,30.0,5.196152422706632
163437,0,unclassified,23,54.79,35.0,2.953566858731413
163438,0,unclassified,0,41.67,0.0,9.129074432821763
163438,0,unclassified,1,4.62,0.0,3.0397368307141326
163438,0,unclassified,2,4.01,0.0,2.831960451701259
163438,0,unclassified,3,0.54,0.0,1.0392304845413265
163438,0,unclassified,4,0.0,5.0,3.1622776601683795
163438,0,unclassified,5,0.93,0.0,1.3638181696985856
163438,0,unclassified,6,15.22,15.0,0.05659661389314243
163438,0,unclassified,7,114.06,135.0,1.8764616081089474
163438,0,unclassified,8,223.02,195.0,1.9381375613800513
163438,0,unclassified,9,158.25,170.0,0.9171713858948835
163438,0,unclassified,10,130.22,120.0,0.9137026484441199
163438,0,unclassified,11,159.95,130.0,2.487426564187623
163438,0,unclassified,12,232.11,230.0,0.1388112834672414
163438,0,unclassified,13,186.99,285.0,6.379975167455951
163438,0,unclassified,14,158.94,200.0,3.0649473151932014
163438,0,unclassified,15,174.04,250.0,5.216708153435188
163438,0,unclassified,16,254.21,215.0,2.5599307103909115
163438,0,unclassified,17,321.86,235.0,5.205492335095852
163438,0,unclassified,18,288.14,230.0,3.6121557233564148
163438,0,unclassified,19,228.78,225.0,0.2509482215850508
163438,0,unclassified,20,149.24,215.0,4.8728493372254915
163438,0,unclassified,21,107.41,140.0,2.9301559397568226
163438,0,unclassified,22,66.0,35.0,4.362304777327809
163438,0,unclassified,23,54.79,50.0,0.6617448819356384
163844,0,unclassified,0,195.64,0.0,19.780798770524918
163844,0,unclassified,1,137.88,0.0,16.606023003717656
163844,0,unclassified,2,37.65,0.0,8.677557259966655
163844,0,unclassified,3,4.85,15.0,3.22181637522493
163844,0,unclassified,4,7.33,20.0,3.427455278918525
163844,0,unclassified,5,73.33,15.0,8.777136633122932
163844,0,unclassified,6,179.6,310.0,8.334352878808092
163844,0,unclassified,7,599.28,1410.0,25.57794528957521
163844,0,unclassified,8,1024.14,1790.0,20.416981516460723
163844,0,unclassified,9,801.0,1445.0,19.21746015243941
163844,0,unclassified,10,646.21,1210.0,18.50626651498832
163844,0,unclassified,11,642.58,1170.0,17.519552159657582
163844,0,unclassified,12,687.89,1160.0,15.531740996448137
163844,0,unclassified,13,631.52,995.0,12.745762252675066
163844,0,unclassified,14,720.38,1150.0,14.048649054405628
163844,0,unclassified,15,693.79,895.0,7.138900189860837
163844,0,unclassified,16,771.83,965.0,6.555050195118134
163844,0,unclassified,17,795.67,1070.0,8.98195525569226
163844,0,unclassified,18,789.83,1090.0,9.790908568487916
163844,0,unclassified,19,789.5,985.0,6.563322698636386
163844,0,unclassified,20,714.27,820.0,3.8173530996202367
163844,0,unclassified,21,491.73,640.0,6.232996330489875
163844,0,unclassified,22,352.33,605.0,11.548826152438748
163844,0,unclassified,23,300.5,615.0,14.699632366101044
164036,0,unclassified,0,237.73,0.0,21.805045287731
164036,0,unclassified,1,91.43,0.0,13.522573719525436
164036,0,unclassified,2,62.5,0.0,11.180339887498949
164036,0,unclassified,3,0.0,0.0,
164036,0,unclassified,4,25.45,5.0,5.2410060579223705
164036,0,unclassified,5,56.0,5.0,9.23464609633689
164036,0,unclassified,6,216.0,105.0,8.761641121398828
164036,0,unclassified,7,547.27,385.0,7.515923992048935
164036,0,unclassified,8,1003.0,415.0,22.08280352594718
164036,0,unclassified,9,681.43,400.0,12.10280906627055
164036,0,unclassified,10,579.0,465.0,4.989644448669457
164036,0,unclassified,11,601.15,510.0,3.867099312663395
164036,0,unclassified,12,737.33,505.0,9.321843422239175
164036,0,unclassified,13,629.71,555.0,3.0696418492986215
164036,0,unclassified,14,670.12,515.0,6.372379476860339
164036,0,unclassified,15,619.54,525.0,3.951983367998082
164036,0,unclassified,16,722.83,555.0,6.639693811687542
164036,0,unclassified,17,784.33,530.0,9.921112598528643
164036,0,unclassified,18,713.83,425.0,12.103970275587404
164036,0,unclassified,19,584.17,440.0,6.370945223949466
164036,0,unclassified,20,519.1,320.0,9.720293922078355
164036,0,unclassified,21,300.44,330.0,1.6649360132380902
164036,0,unclassified,22,246.34,240.0,0.4065689990000427
164036,0,unclassified,23,244.04,135.0,7.920604332017955
164341,0,unclassified,0,137.9,0.0,16.607227342335023
164341,0,unclassified,1,96.1,0.0,13.863621460498695
164341,0,unclassified,2,16.43,0.0,5.732364259186605
164341,0,unclassified,3,0.0,0.0,
164341,0,unclassified,4,14.21,15.0,0.20671705569704704
164341,0,unclassified,5,87.37,15.0,10.115496841504788
164341,0,unclassified,6,184.92,95.0,7.60071295222423
164341,0,unclassified,7,504.17,515.0,0.47975569496388415
164341,0,unclassified,8,620.86,565.0,2.2940306657484033
164341,0,unclassified,9,575.14,570.0,0.2148071951614778
164341,0,unclassified,10,544.36,540.0,0.18724694581496237
164341,0,unclassified,11,578.21,525.0,2.265578746239255
164341,0,unclassified,12,630.95,580.0,2.070599383674126
164341,0,unclassified,13,556.41,595.0,1.608328574386819
164341,0,unclassified,14,647.05,615.0,1.2758650800100166
164341,0,unclassified,15,668.54,620.0,1.9123431185706814
164341,0,unclassified,16,695.64,590.0,4.166618159285382
164341,0,unclassified,17,680.43,475.0,8.546868935995755
164341,0,unclassified,18,690.86,420.0,11.492915337949295
164341,0,unclassified,19,633.0,320.0,14.338802571398073
164341,0,unclassified,20,502.05,350.0,7.366630417385908
164341,0,unclassified,21,341.82,230.0,6.613095815890992
164341,0,unclassified,22,249.42,280.0,1.8795431780811311
164341,0,unclassified,23,241.74,330.0,5.220109730422271
164342,0,unclassified,0,216.87,0.0,20.8264255214379
164342,0,unclassified,1,154.29,0.0,17.566445286397588
164342,0,unclassified,2,110.0,0.0,14.832396974191326
164342,0,unclassified,3,12.5,0.0,5.0
164342,0,unclassified,4,18.52,15.0,0.8598162649930154
164342,0,unclassified,5,77.89,25.0,7.373980439399953
164342,0,unclassified,6,196.83,70.0,10.980437951840141
164342,0,unclassified,7,560.24,455.0,4.671017313413508
164342,0,unclassified,8,753.29,555.0,7.752893169539954
164342,0,unclassified,9,689.29,635.0,2.109809724215315
164342,0,unclassified,10,626.81,650.0,0.9178096270348376
164342,0,unclassified,11,673.13,615.0,2.290527305269468
164342,0,unclassified,12,674.17,620.0,2.1295025736363233
164342,0,unclassified,13,623.77,665.0,1.6242041791863107
164342,0,unclassified,14,738.36,625.0,4.341797468514494
164342,0,unclassified,15,744.6,660.0,3.1923391853911007
164342,0,unclassified,16,738.71,590.0,5.7695251346900545
164342,0,unclassified,17,706.0,590.0,4.55691036764664
164342,0,unclassified,18,717.43,540.0,7.0762006902894
164342,0,unclassified,19,628.57,605.0,0.9490578393994326
164342,0,unclassified,20,502.05,630.0,5.378020873884899
164342,0,unclassified,21,307.02,560.0,12.150289567477428
164342,0,unclassified,22,250.83,280.0,1.7904974110130538
164342,0,unclassified,23,277.41,185.0,6.077435513574821
164343,0,unclassified,0,217.18,0.0,20.841305141473267
164343,0,unclassified,1,157.91,0.0,17.771325217889633
164343,0,unclassified,2,99.31,0.0,14.093260800822499
164343,0,unclassified,3,23.33,0.0,6.830812543175226
164343,0,unclassified,4,11.3,15.0,1.0203257513085071
164343,0,unclassified,5,72.0,15.0,8.642317696799498
164343,0,unclassified,6,200.33,90.0,9.157199143065808
164343,0,unclassified,7,557.29,500.0,2.491705769375496
164343,0,unclassified,8,757.14,580.0,6.850830109704716
164343,0,unclassified,9,697.29,600.0,3.820011462056439
164343,0,unclassified,10,630.71,515.0,4.83446632614149
164343,0,unclassified,11,676.38,525.0,6.176512147025398
164343,0,unclassified,12,685.03,560.0,5.011172132371192
164343,0,unclassified,13,628.64,580.0,1.9786094661769964
164343,0,unclassified,14,743.96,605.0,5.35063427591054
164343,0,unclassified,15,750.59,585.0,6.407852770095374
164343,0,unclassified,16,747.21,585.0,6.2850144060794575
164343,0,unclassified,17,715.0,500.0,8.722988878785978
164343,0,unclassified,18,721.86,430.0,12.161572340216876
164343,0,unclassified,19,634.1,305.0,15.187523392158104
164343,0,unclassified,20,507.48,345.0,7.869965142956566
164343,0,unclassified,21,308.95,220.0,5.469575726286178
164343,0,unclassified,22,247.3,280.0,2.0138812794451413
164343,0,unclassified,23,280.58,325.0,2.5527470925555504
164814,0,unclassified,0,362.46,0.0,26.924338431983802
164814,0,unclassified,1,283.33,0.0,23.804621400055915
164814,0,unclassified,2,231.67,0.0,21.525333911463488
164814,0,unclassified,3,128.57,20.0,12.596772151668246
164814,0,unclassified,4,124.73,25.0,11.526206727630903
164814,0,unclassified,5,210.15,10.0,19.077051291717677
164814,0,unclassified,6,446.32,375.0,3.519412183113072
164814,0,unclassified,7,1014.79,1465.0,12.78564620904148
164814,0,unclassified,8,1230.43,1685.0,11.905961095108662
164814,0,unclassified,9,1128.43,1425.0,8.300040981863596
164814,0,unclassified,10,968.6,1260.0,8.729482168197928
164814,0,unclassified,11,992.49,1295.0,8.944892618757937
164814,0,unclassified,12,1295.96,1580.0,7.490366725336173
164814,0,unclassified,13,1128.56,1475.0,9.60194540813295
164814,0,unclassified,14,1115.83,1350.0,6.669060968577298
164814,0,unclassified,15,1112.12,870.0,7.690962454536174
164814,0,unclassified,16,1205.64,1270.0,1.8293099124037837
164814,0,unclassified,17,1266.0,1730.0,11.9884234324282
164814,0,unclassified,18,1284.0,1725.0,11.369529515147606
164814,0,unclassified,19,1215.71,1255.0,1.1178567154164871
164814,0,unclassified,20,1036.62,675.0,12.361289094704839
164814,0,unclassified,21,640.88,615.0,1.0327737660059761
164814,0,unclassified,22,488.43,520.0,1.4059397218206953
164814,0,unclassified,23,494.0,390.0,4.9467755392067385
165572,0,unclassified,0,190.0,0.0,19.493588689617926
165572,0,unclassified,1,135.71,0.0,16.47482928591371
165572,0,unclassified,2,51.0,0.0,10.099504938362077
165572,0,unclassified,3,2.31,10.0,3.0996475258854614
165572,0,unclassified,4,0.0,10.0,4.47213595499958
165572,0,unclassified,5,10.97,10.0,0.29956254864914494
165572,0,unclassified,6,181.32,260.0,5.296665469483818
165572,0,unclassified,7,626.46,850.0,8.227339174848648
165572,0,unclassified,8,1060.57,925.0,4.302649731718873
165572,0,unclassified,9,693.43,900.0,7.318393422424377
165572,0,unclassified,10,500.67,880.0,14.437342009031486
165572,0,unclassified,11,529.27,885.0,13.377326458348364
165572,0,unclassified,12,645.6,865.0,7.983197633727684
165572,0,unclassified,13,550.89,855.0,11.470174581743015
165572,0,unclassified,14,577.99,865.0,10.685143666086136
165572,0,unclassified,15,595.06,855.0,9.65372951088002
165572,0,unclassified,16,693.36,835.0,5.123751806900078
165572,0,unclassified,17,780.43,880.0,3.455677610889363
165572,0,unclassified,18,732.14,865.0,4.7015142051823045
165572,0,unclassified,19,647.0,865.0,7.928583345241057
165572,0,unclassified,20,498.27,910.0,15.516170608172265
165572,0,unclassified,21,304.72,910.0,24.560275309688024
165572,0,unclassified,22,241.5,850.0,26.047359875463496
165572,0,unclassified,23,246.17,865.0,26.254037641320984
165573,0,unclassified,0,190.0,0.0,19.493588689617926
165573,0,unclassified,1,135.71,0.0,16.47482928591371
165573,0,unclassified,2,51.0,0.0,10.099504938362077
165573,0,unclassified,3,2.31,0.0,2.149418526020468
165573,0,unclassified,4,0.0,5.0,3.1622776601683795
165573,0,unclassified,5,10.97,35.0,5.012236061163296
165573,0,unclassified,6,181.32,165.0,1.2402132470381442
165573,0,unclassified,7,626.46,780.0,5.789923711615127
165573,0,unclassified,8,1060.57,885.0,5.629137751515042
165573,0,unclassified,9,693.43,845.0,5.464990084656224
165573,0,unclassified,10,500.67,870.0,14.107924607734049
165573,0,unclassified,11,529.27,855.0,12.381189012969486
165573,0,unclassified,12,645.6,885.0,8.6538286041495
165573,0,unclassified,13,550.89,885.0,12.469352052686432
165573,0,unclassified,14,577.99,895.0,11.681216164054078
165573,0,unclassified,15,595.06,900.0,11.153215219420506
165573,0,unclassified,16,693.36,890.0,6.988710147304695
165573,0,unclassified,17,780.43,890.0,3.7913381325281734
165573,0,unclassified,18,732.14,845.0,4.019017714842309
165573,0,unclassified,19,647.0,840.0,7.078102094031323
165573,0,unclassified,20,498.27,845.0,13.379034069635845
165573,0,unclassified,21,304.72,830.0,22.052686744879743
165573,0,unclassified,22,241.5,545.0,15.304682686759731
165573,0,unclassified,23,246.17,245.0,0.07465947697573518
166594,0,unclassified,0,376.36,0.0,27.435743110038043
166594,0,unclassified,1,284.5,0.0,23.853720883753127
166594,0,unclassified,2,135.83,0.0,16.482111515215518
166594,0,unclassified,3,60.87,0.0,11.033585092797354
166594,0,unclassified,4,50.0,0.0,10.0
166594,0,unclassified,5,122.12,10.0,13.794749052554339
166594,0,unclassified,6,266.95,190.0,5.09083804659233
166594,0,unclassified,7,636.29,825.0,6.981386892958667
166594,0,unclassified,8,883.71,1065.0,5.807847975890732
166594,0,unclassified,9,783.84,990.0,6.922487518665747
166594,0,unclassified,10,787.6,885.0,3.3680451789065007
166594,0,unclassified,11,758.21,875.0,4.086952978520394
166594,0,unclassified,12,858.24,975.0,3.8565540445642688
166594,0,unclassified,13,763.19,675.0,3.288714764697266
166594,0,unclassified,14,873.35,800.0,2.5358392638540534
166594,0,unclassified,15,859.56,565.0,11.036932745444828
166594,0,unclassified,16,935.5,755.0,6.20847042342324
166594,0,unclassified,17,1049.0,1125.0,2.305148032492042
166594,0,unclassified,18,1023.0,950.0,2.324204380215665
166594,0,unclassified,19,906.14,855.0,1.7233710014700823
166594,0,unclassified,20,958.34,780.0,6.049178477994972
166594,0,unclassified,21,674.52,405.0,11.600872385588683
166594,0,unclassified,22,502.59,335.0,8.189310861017017
166594,0,unclassified,23,535.29,295.0,11.793312090807225
166892,0,unclassified,0,157.66,0.0,17.75725203965974
166892,0,unclassified,1,102.54,0.0,14.320614511954437
166892,0,unclassified,2,59.68,0.0,10.92520022699813
166892,0,unclassified,3,12.65,5.0,2.5751591716254745
166892,0,unclassified,4,12.57,0.0,5.01398045468867
166892,0,unclassified,5,32.78,5.0,6.391698228694106
166892,0,unclassified,6,50.48,85.0,4.194190873453935
166892,0,unclassified,7,80.4,215.0,11.075282488209307
166892,0,unclassified,8,144.0,140.0,0.33567254331867563
166892,0,unclassified,9,178.13,140.0,3.0232877918570353
166892,0,unclassified,10,206.33,150.0,4.220156485778687
166892,0,unclassified,11,237.99,180.0,4.011300158305655
166892,0,unclassified,12,212.55,265.0,3.3943065771327334
166892,0,unclassified,13,177.39,280.0,6.785179679651931
166892,0,unclassified,14,222.78,250.0,1.7704088444841228
166892,0,unclassified,15,257.18,250.0,0.4508773120992832
166892,0,unclassified,16,270.72,300.0,1.7333031417870453
166892,0,unclassified,17,254.0,275.0,1.2912384699928259
166892,0,unclassified,18,234.86,260.0,1.5982293277867066
166892,0,unclassified,19,207.39,260.0,3.441466857495426
166892,0,unclassified,20,109.29,260.0,11.091066107781828
166892,0,unclassified,21,77.14,260.0,14.084082878208955
166892,0,unclassified,22,98.17,260.0,12.092871234335991
166892,0,unclassified,23,120.61,295.0,12.097442908516216
167075,0,unclassified,0,461.02,0.0,30.365111559156176
167075,0,unclassified,1,290.86,0.0,24.11887227877788
167075,0,unclassified,2,225.91,0.0,21.25605796002636
167075,0,unclassified,3,140.41,0.0,16.75768480429203
167075,0,unclassified,4,129.27,25.0,11.872266358959767
167075,0,unclassified,5,141.79,20.0,13.541001643466965
167075,0,unclassified,6,186.18,315.0,8.137695341942415
167075,0,unclassified,7,439.36,1200.0,26.567885492218238
167075,0,unclassified,8,657.07,1345.0,21.743007611108542
167075,0,unclassified,9,666.43,1330.0,21.002679133087284
167075,0,unclassified,10,632.07,1400.0,24.091691860396086
167075,0,unclassified,11,663.64,1435.0,23.81239833551807
167075,0,unclassified,12,642.83,1595.0,28.465311850047538
167075,0,unclassified,13,585.97,1515.0,28.663869018533894
167075,0,unclassified,14,654.37,1555.0,27.097372452674588
167075,0,unclassified,15,681.3,1515.0,25.158165429979444
167075,0,unclassified,16,703.36,1535.0,24.859099889153573
167075,0,unclassified,17,715.67,1560.0,25.030675857007935
167075,0,unclassified,18,693.67,1300.0,19.2042529519901
167075,0,unclassified,19,700.0,965.0,9.184462660077308
167075,0,unclassified,20,672.52,990.0,11.011536690372745
167075,0,unclassified,21,560.26,800.0,9.192730646406892
167075,0,unclassified,22,501.07,730.0,9.22733593535299
167075,0,unclassified,23,553.22,495.0,2.543085596024135
167734,0,unclassified,0,252.42,0.0,22.468644818947137
167734,0,unclassified,1,140.83,0.0,16.78272921785965
167734,0,unclassified,2,17.89,0.0,5.981638571495273
167734,0,unclassified,3,2.33,0.0,2.1587033144922905
167734,0,unclassified,4,4.57,5.0,0.19657463797947247
167734,0,unclassified,5,27.33,5.0,5.553935970406723
167734,0,unclassified,6,196.0,215.0,1.325402202188796
167734,0,unclassified,7,539.65,680.0,5.683420700281937
167734,0,unclassified,8,849.0,970.0,4.012213349862621
167734,0,unclassified,9,659.43,950.0,10.243060197602802
167734,0,unclassified,10,599.86,615.0,0.6142960977960162
167734,0,unclassified,11,619.71,635.0,0.6104509916798391
167734,0,unclassified,12,807.4,750.0,2.0569645404298025
167734,0,unclassified,13,667.34,730.0,2.370578508199604
167734,0,unclassified,14,740.91,780.0,1.417519071186887
167734,0,unclassified,15,722.25,610.0,4.349191024010409
167734,0,unclassified,16,920.0,700.0,7.730012058189372
167734,0,unclassified,17,1090.86,865.0,7.222464888058462
167734,0,unclassified,18,1062.14,865.0,6.3508684525505155
167734,0,unclassified,19,855.0,760.0,3.343122879619487
167734,0,unclassified,20,718.91,635.0,3.2250304607280422
167734,0,unclassified,21,416.1,450.0,1.62903598073607
167734,0,unclassified,22,268.7,355.0,4.8869502912296765
167734,0,unclassified,23,284.42,325.0,2.3247094932387666
167735,0,unclassified,0,252.42,0.0,22.468644818947137
167735,0,unclassified,1,140.83,0.0,16.78272921785965
167735,0,unclassified,2,17.89,0.0,5.981638571495273
167735,0,unclassified,3,2.33,0.0,2.1587033144922905
167735,0,unclassified,4,4.57,15.0,3.3342940192867827
167735,0,unclassified,5,27.33,5.0,5.553935970406723
167735,0,unclassified,6,196.0,175.0,1.5418685062501398
167735,0,unclassified,7,539.65,665.0,5.107506095924121
167735,0,unclassified,8,849.0,825.0,0.8295613557843402
167735,0,unclassified,9,659.43,825.0,6.077385498591841
167735,0,unclassified,10,599.86,780.0,6.858160484084463
167735,0,unclassified,11,619.71,825.0,7.638225102259919
167735,0,unclassified,12,807.4,775.0,1.151865765687912
167735,0,unclassified,13,667.34,875.0,7.477867859358891
167735,0,unclassified,14,740.91,865.0,4.379163710680301
167735,0,unclassified,15,722.25,780.0,2.107152074531451
167735,0,unclassified,16,920.0,745.0,6.065211190617091
167735,0,unclassified,17,1090.86,880.0,6.717092243824668
167735,0,unclassified,18,1062.14,845.0,7.031751974331727
167735,0,unclassified,19,855.0,770.0,2.9819972656438996
167735,0,unclassified,20,718.91,740.0,0.7808674627748898
167735,0,unclassified,21,416.1,420.0,0.19074382755483513
167735,0,unclassified,22,268.7,275.0,0.38209898213693694
167735,0,unclassified,23,284.42,230.0,3.393240272349772
167902,0,unclassified,0,275.86,0.0,23.488720697390058
167902,0,unclassified,1,169.6,0.0,18.41738309315414
167902,0,unclassified,2,20.22,0.0,6.359245238233858
167902,0,unclassified,3,2.5,0.0,2.23606797749979
167902,0,unclassified,4,4.39,5.0,0.28152180393636805
167902,0,unclassified,5,54.89,10.0,7.880898173297027
167902,0,unclassified,6,273.94,120.0,10.968606079988936
167902,0,unclassified,7,823.88,450.0,14.814362664739678
167902,0,unclassified,8,1418.92,910.0,14.913762787838014
167902,0,unclassified,9,1113.71,645.0,15.806004479978402
167902,0,unclassified,10,932.03,520.0,15.291709584957278
167902,0,unclassified,11,975.34,530.0,16.232649138580342
167902,0,unclassified,12,1109.51,675.0,14.546391795755655
167902,0,unclassified,13,970.6,505.0,17.141295672990275
167902,0,unclassified,14,1045.72,530.0,18.373396536897694
167902,0,unclassified,15,1122.23,490.0,22.26776341616344
167902,0,unclassified,16,1288.07,680.0,19.384218859022003
167902,0,unclassified,17,1439.0,755.0,20.65155640945956
167902,0,unclassified,18,1402.14,880.0,15.457199816255764
167902,0,unclassified,19,1172.0,505.0,23.034261898927518
167902,0,unclassified,20,797.81,390.0,16.733985187649694
167902,0,unclassified,21,451.78,225.0,12.328095521312282
167902,0,unclassified,22,343.26,200.0,8.6923274835526
167902,0,unclassified,23,333.37,305.0,1.5879546632482673
167903,0,unclassified,0,106.67,0.0,14.6061630827538
167903,0,unclassified,1,40.0,0.0,8.94427190999916
167903,0,unclassified,2,3.75,0.0,2.7386127875258306
167903,0,unclassified,3,0.0,5.0,3.1622776601683795
167903,0,unclassified,4,2.17,15.0,4.37881408751799
167903,0,unclassified,5,24.49,10.0,3.4892877529526265
167903,0,unclassified,6,147.59,145.0,0.21413370061152245
167903,0,unclassified,7,482.79,560.0,3.3813499605754695
167903,0,unclassified,8,750.14,900.0,5.217234171791721
167903,0,unclassified,9,532.14,515.0,0.7490717877948948
167903,0,unclassified,10,476.29,310.0,8.386673867910126
167903,0,unclassified,11,470.29,535.0,2.886294995895322
167903,0,unclassified,12,550.84,760.0,8.16993851845404
167903,0,unclassified,13,451.48,635.0,7.873857129468388
167903,0,unclassified,14,470.25,560.0,3.954377655837778
167903,0,unclassified,15,510.18,650.0,5.805259106012244
167903,0,unclassified,16,582.29,580.0,0.0949933556698546
167903,0,unclassified,17,665.71,560.0,4.270091743479039
167903,0,unclassified,18,675.86,470.0,8.600450223825614
167903,0,unclassified,19,584.14,405.0,8.055243726493712
167903,0,unclassified,20,411.52,290.0,6.488476411988699
167903,0,unclassified,21,239.4,150.0,6.406997330418336
167903,0,unclassified,22,170.45,350.0,11.130403299338168
167903,0,unclassified,23,147.3,355.0,13.105992204117541
168722,0,unclassified,0,163.66,0.0,18.091987176648118
168722,0,unclassified,1,120.78,0.0,15.542200616386342
168722,0,unclassified,2,105.83,0.0,14.548539445593843
168722,0,unclassified,3,78.75,0.0,12.549900398011133
168722,0,unclassified,4,72.15,5.0,10.81167667662829
168722,0,unclassified,5,109.06,10.0,12.838975862298206
168722,0,unclassified,6,131.37,40.0,9.870774361571293
168722,0,unclassified,7,280.02,260.0,1.2183558382030213
168722,0,unclassified,8,426.43,465.0,1.8269262412397227
168722,0,unclassified,9,377.0,410.0,1.6635718831536297
168722,0,unclassified,10,290.21,370.0,4.391596333485192
168722,0,unclassified,11,277.88,285.0,0.4244114407778191
168722,0,unclassified,12,319.4,330.0,0.5882537724230444
168722,0,unclassified,13,271.77,390.0,6.49963770972484
168722,0,unclassified,14,308.06,330.0,1.2283464111594218
168722,0,unclassified,15,334.62,340.0,0.2929325737289637
168722,0,unclassified,16,404.86,380.0,1.254931510011387
168722,0,unclassified,17,448.43,525.0,3.4707336115271117
168722,0,unclassified,18,397.86,570.0,7.825111340496445
168722,0,unclassified,19,372.52,535.0,7.627580605646043
168722,0,unclassified,20,311.86,550.0,11.471731790134223
168722,0,unclassified,21,216.77,375.0,9.198719026135311
168722,0,unclassified,22,190.08,160.0,2.2735744473899464
168722,0,unclassified,23,211.97,145.0,5.012789145638285
168972,0,unclassified,0,267.5,0.0,23.130067012440755
168972,0,unclassified,1,44.0,0.0,9.38083151964686
168972,0,unclassified,2,11.43,0.0,4.7812132351527685
168972,0,unclassified,3,19.38,0.0,6.2257529665093525
168972,0,unclassified,4,53.33,20.0,5.5043934450218845
168972,0,unclassified,5,143.0,0.0,16.911534525287763
168972,0,unclassified,6,405.38,165.0,14.234138401294611
168972,0,unclassified,7,850.95,815.0,1.2456123660961422
168972,0,unclassified,8,819.0,835.0,0.5563745139365768
168972,0,unclassified,9,767.0,720.0,1.7236828933651407
168972,0,unclassified,10,710.36,830.0,4.31102246517761
168972,0,unclassified,11,733.36,840.0,3.8020785220872475
168972,0,unclassified,12,836.02,865.0,0.9937077318698588
168972,0,unclassified,13,671.5,635.0,1.4280820330602988
168972,0,unclassified,14,776.27,840.0,2.2418263028236383
168972,0,unclassified,15,868.72,790.0,2.733465158713012
168972,0,unclassified,16,928.5,975.0,1.507271578811577
168972,0,unclassified,17,1005.29,1065.0,1.8558654076532655
168972,0,unclassified,18,974.43,1040.0,2.0660655260522254
168972,0,unclassified,19,836.83,900.0,2.143617129086361
168972,0,unclassified,20,636.56,485.0,6.400123264621292
168972,0,unclassified,21,420.99,375.0,2.30528487850961
168972,0,unclassified,22,339.09,395.0,2.918299334358568
168972,0,unclassified,23,354.12,315.0,2.1387589423510005
169055,0,unclassified,0,207.89,0.0,20.390684147423794
169055,0,unclassified,1,128.76,0.0,16.047429700734007
169055,0,unclassified,2,92.13,0.0,13.574240310234677
169055,0,unclassified,3,38.64,20.0,3.4424205450135292
169055,0,unclassified,4,75.38,30.0,6.2517325744306875
169055,0,unclassified,5,104.0,15.0,11.538026279228527
169055,0,unclassified,6,214.24,465.0,13.606976425048865
169055,0,unclassified,7,789.56,1285.0,15.383071720987237
169055,0,unclassified,8,1255.86,1265.0,0.25744640400787616
169055,0,unclassified,9,954.29,1180.0,6.909380084121474
169055,0,unclassified,10,736.35,1235.0,15.882868952499564
169055,0,unclassified,11,711.74,1060.0,11.700881967059082
169055,0,unclassified,12,766.59,1015.0,8.323005650622859
169055,0,unclassified,13,750.24,1100.0,11.499292084147056
169055,0,unclassified,14,829.26,1130.0,9.608600947689652
169055,0,unclassified,15,768.44,1035.0,8.876855053970619
169055,0,unclassified,16,856.36,900.0,1.47262771901959
169055,0,unclassified,17,877.86,895.0,0.5756898795001032
169055,0,unclassified,18,869.86,870.0,0.004746635485786448
169055,0,unclassified,19,856.43,790.0,2.3153018289442824
169055,0,unclassified,20,809.66,595.0,8.099916002259553
169055,0,unclassified,21,550.41,550.0,0.01747920155707785
169055,0,unclassified,22,424.29,435.0,0.5166953936361711
169055,0,unclassified,23,374.0,480.0,5.129699536055769
16953,0,unclassified,0,131.91,0.0,16.242536747688153
16953,0,unclassified,1,97.34,0.0,13.952777501271925
16953,0,unclassified,2,43.08,0.0,9.282241108697834
16953,0,unclassified,3,54.8,5.0,9.107386101695214
16953,0,unclassified,4,81.4,5.0,11.623889831498525
16953,0,unclassified,5,120.0,0.0,15.491933384829668
16953,0,unclassified,6,160.92,80.0,7.372833810650332
16953,0,unclassified,7,337.77,340.0,0.12113752325824775
16953,0,unclassified,8,479.57,595.0,4.979850874140929
16953,0,unclassified,9,423.71,525.0,4.650662564494672
16953,0,unclassified,10,434.67,570.0,6.038059141909789
16953,0,unclassified,11,439.56,685.0,10.350683383749852
16953,0,unclassified,12,446.19,665.0,9.282992547099525
16953,0,unclassified,13,462.0,540.0,3.4847830025484083
16953,0,unclassified,14,544.01,665.0,4.920956523205915
16953,0,unclassified,15,516.26,605.0,3.747841859771318
16953,0,unclassified,16,577.43,610.0,1.3366839946790938
16953,0,unclassified,17,615.43,575.0,1.6571690272619652
16953,0,unclassified,18,544.29,465.0,3.5295995105074587
16953,0,unclassified,19,372.37,380.0,0.393390439116012
16953,0,unclassified,20,286.28,305.0,1.0887401717963436
16953,0,unclassified,21,190.71,255.0,4.30657717759773
16953,0,unclassified,22,162.15,190.0,2.0988255913011336
16953,0,unclassified,23,172.21,245.0,5.039754282037646
169620,0,unclassified,0,268.81,0.0,23.186634080866504
169620,0,unclassified,1,198.19,0.0,19.9092943119539
169620,0,unclassified,2,155.83,0.0,17.653894754416093
169620,0,unclassified,3,0.0,5.0,3.1622776601683795
169620,0,unclassified,4,48.0,0.0,9.797958971132712
169620,0,unclassified,5,132.38,0.0,16.27144738491324
169620,0,unclassified,6,235.88,115.0,9.126203360614848
169620,0,unclassified,7,580.29,475.0,4.583700279959216
169620,0,unclassified,8,778.0,490.0,11.437941179369343
169620,0,unclassified,9,710.86,620.0,3.5222610819479367
169620,0,unclassified,10,667.29,530.0,5.611180318776091
169620,0,unclassified,11,752.73,755.0,0.08267592581349723
169620,0,unclassified,12,894.39,975.0,2.636658972230433
169620,0,unclassified,13,823.13,775.0,1.7026477445933024
169620,0,unclassified,14,856.15,765.0,3.2015483909251756
169620,0,unclassified,15,879.98,845.0,1.191085042698483
169620,0,unclassified,16,882.0,870.0,0.4054424270396916
169620,0,unclassified,17,909.67,955.0,1.4845667351936371
169620,0,unclassified,18,927.5,875.0,1.7487859866731739
169620,0,unclassified,19,935.83,830.0,3.561634492096392
169620,0,unclassified,20,715.67,775.0,2.173194466399084
169620,0,unclassified,21,405.08,300.0,5.596491700252545
169620,0,unclassified,22,285.96,325.0,2.2336669485819463
169620,0,unclassified,23,362.24,420.0,2.920600615735973
171724,0,unclassified,0,141.23,0.0,16.806546343612656
171724,0,unclassified,1,57.38,0.0,10.712609392673663
171724,0,unclassified,2,8.12,0.0,4.029888335921977
171724,0,unclassified,3,5.28,5.0,0.12350270558954475
171724,0,unclassified,4,7.83,5.0,1.1173470974782993
171724,0,unclassified,5,27.5,5.0,5.581563056514381
171724,0,unclassified,6,152.68,50.0,10.19988816463919
171724,0,unclassified,7,401.74,315.0,4.581984275775261
171724,0,unclassified,8,599.43,470.0,5.597237917897368
171724,0,unclassified,9,526.71,490.0,1.6281740729825578
171724,0,unclassified,10,469.67,470.0,0.015224437541735449
171724,0,unclassified,11,453.13,345.0,5.412829946226147
171724,0,unclassified,12,440.83,475.0,1.596807426521383
171724,0,unclassified,13,425.69,405.0,1.0152102578896756
171724,0,unclassified,14,518.76,330.0,9.162890876074151
171724,0,unclassified,15,521.04,290.0,11.473106811894649
171724,0,unclassified,16,513.07,445.0,3.1100840627293023
171724,0,unclassified,17,513.71,540.0,1.145367967710767
171724,0,unclassified,18,499.0,485.0,0.6311687442672026
171724,0,unclassified,19,469.29,435.0,1.6126072902294226
171724,0,unclassified,20,337.29,425.0,4.4926646001785056
171724,0,unclassified,21,193.36,320.0,7.904508786469184
171724,0,unclassified,22,153.19,250.0,6.8183665037026255
171724,0,unclassified,23,160.55,325.0,10.554359827997562
171725,0,unclassified,0,139.32,0.0,16.692513291892265
171725,0,unclassified,1,38.62,0.0,8.788629017087933
171725,0,unclassified,2,12.0,0.0,4.898979485566356
171725,0,unclassified,3,0.0,0.0,
171725,0,unclassified,4,2.94,0.0,2.4248711305964283
171725,0,unclassified,5,23.78,10.0,3.3530064803210853
171725,0,unclassified,6,103.12,105.0,0.18429601238405793
171725,0,unclassified,7,282.41,295.0,0.740966506797226
171725,0,unclassified,8,398.57,440.0,2.023299948349884
171725,0,unclassified,9,370.57,540.0,7.9405144386834685
171725,0,unclassified,10,367.96,470.0,4.985099186618542
171725,0,unclassified,11,387.18,430.0,2.1183747748053765
171725,0,unclassified,12,474.21,415.0,2.808069742080296
171725,0,unclassified,13,339.2,365.0,1.3749493290604098
171725,0,unclassified,14,383.07,365.0,0.934333738019145
171725,0,unclassified,15,399.64,230.0,9.560863250374949
171725,0,unclassified,16,465.29,325.0,7.057460721671282
171725,0,unclassified,17,518.43,510.0,0.37175361814443897
171725,0,unclassified,18,505.57,440.0,3.015597253000667
171725,0,unclassified,19,429.0,380.0,2.436333949801779
171725,0,unclassified,20,363.66,190.0,10.437421455694343
171725,0,unclassified,21,215.98,150.0,4.877515213021866
171725,0,unclassified,22,159.0,150.0,0.7240661880382167
171725,0,unclassified,23,160.91,145.0,1.2864364605209235
17192,0,unclassified,0,166.46,0.0,18.246095472730598
17192,0,unclassified,1,124.34,0.0,15.769590990257166
17192,0,unclassified,2,84.48,0.0,12.998461447417537
17192,0,unclassified,3,26.25,5.0,5.375872022286245
17192,0,unclassified,4,64.31,65.0,0.08581200170449536
17192,0,unclassified,5,85.95,10.0,10.965294153503153
17192,0,unclassified,6,149.52,340.0,12.175285676489676
17192,0,unclassified,7,381.0,1100.0,26.422040806457833
17192,0,unclassified,8,616.43,810.0,7.248160737406344
17192,0,unclassified,9,564.6,840.0,10.392082880102942
17192,0,unclassified,10,502.36,705.0,8.247489719207511
17192,0,unclassified,11,496.08,710.0,8.711206921438853
17192,0,unclassified,12,491.57,690.0,8.16380461849728
17192,0,unclassified,13,473.0,675.0,8.43131709840979
17192,0,unclassified,14,493.21,630.0,5.772166722511186
17192,0,unclassified,15,479.24,630.0,6.4015975161734655
17192,0,unclassified,16,527.86,620.0,3.8460838187508206
17192,0,unclassified,17,553.43,755.0,7.880715457092084
17192,0,unclassified,18,508.86,770.0,10.327064647581837
17192,0,unclassified,19,450.86,635.0,7.902713162239122
17192,0,unclassified,20,416.09,710.0,12.386334656405097
17192,0,unclassified,21,289.55,825.0,22.682146055317535
17192,0,unclassified,22,227.86,515.0,14.898934363255497
17192,0,unclassified,23,221.43,220.0,0.09625429398417153
172265,0,unclassified,0,142.83,0.0,16.90147922520393
172265,0,unclassified,1,104.91,0.0,14.48516482474397
172265,0,unclassified,2,85.94,0.0,13.110301293257908
172265,0,unclassified,3,43.64,0.0,9.34237657130133
172265,0,unclassified,4,64.56,5.0,10.099268074527632
172265,0,unclassified,5,75.71,10.0,10.037619240802796
172265,0,unclassified,6,169.92,85.0,7.521821594145076
172265,0,unclassified,7,404.44,440.0,1.7305826747939008
172265,0,unclassified,8,469.71,485.0,0.6998206405888198
172265,0,unclassified,9,491.0,400.0,4.311392264080122
172265,0,unclassified,10,496.35,495.0,0.06063665853008539
172265,0,unclassified,11,505.59,525.0,0.855061930855167
172265,0,unclassified,12,521.34,445.0,3.4729791421099456
172265,0,unclassified,13,464.24,405.0,2.8415820199411184
172265,0,unclassified,14,532.54,555.0,0.963168188023215
172265,0,unclassified,15,540.17,495.0,1.985451349189851
172265,0,unclassified,16,558.14,480.0,3.429734027649112
172265,0,unclassified,17,567.57,600.0,1.3422100388850353
172265,0,unclassified,18,580.57,495.0,3.689922032449737
172265,0,unclassified,19,550.71,450.0,4.502290090897695
172265,0,unclassified,20,414.91,260.0,8.432794561812518
172265,0,unclassified,21,253.09,215.0,2.4897818052164307
172265,0,unclassified,22,188.79,225.0,2.51740753157988
172265,0,unclassified,23,219.12,430.0,11.705444106918888
17268,0,unclassified,0,318.61,0.0,25.243216910687117
17268,0,unclassified,1,219.73,0.0,20.963301266737545
17268,0,unclassified,2,90.67,0.0,13.466254119093401
17268,0,unclassified,3,0.0,25.0,7.0710678118654755
17268,0,unclassified,4,26.67,35.0,1.500109719785903
17268,0,unclassified,5,126.29,15.0,13.240836647039949
17268,0,unclassified,6,337.9,445.0,5.413165710499201
17268,0,unclassified,7,869.8,1255.0,11.81795270019712
17268,0,unclassified,8,1287.29,1170.0,3.3461682759486866
17268,0,unclassified,9,1014.14,955.0,1.8847685262369278
17268,0,unclassified,10,827.07,1015.0,6.192386380028952
17268,0,unclassified,11,782.21,850.0,2.3729720044863316
17268,0,unclassified,12,831.08,910.0,2.674808601044279
17268,0,unclassified,13,792.71,810.0,0.6107767795889831
17268,0,unclassified,14,895.12,1055.0,5.120100306947202
17268,0,unclassified,15,877.15,955.0,2.5721311042996966
17268,0,unclassified,16,904.14,770.0,4.636362807566519
17268,0,unclassified,17,919.57,515.0,15.105941588333271
17268,0,unclassified,18,908.94,560.0,12.875488818540608
17268,0,unclassified,19,925.71,575.0,12.803088836957157
17268,0,unclassified,20,905.91,425.0,18.642513298951126
17268,0,unclassified,21,648.66,410.0,10.373286719355063
17268,0,unclassified,22,523.71,320.0,9.918151738772274
17268,0,unclassified,23,487.56,340.0,7.254106025673829
174385,0,unclassified,0,741.5,0.0,38.50973902793941
174385,0,unclassified,1,513.04,0.0,32.03248351283428
174385,0,unclassified,2,360.46,0.0,26.849953445024816
174385,0,unclassified,3,251.13,45.0,16.940062088910185
174385,0,unclassified,4,228.52,55.0,14.573796021422856
174385,0,unclassified,5,256.71,30.0,18.934954000386593
174385,0,unclassified,6,439.0,725.0,11.855081413742399
174385,0,unclassified,7,998.72,1760.0,20.497722366194754
174385,0,unclassified,8,1246.86,1795.0,14.055195225176188
174385,0,unclassified,9,1169.57,1710.0,14.242644258353788
174385,0,unclassified,10,1144.53,1730.0,15.443161792571651
174385,0,unclassified,11,1111.84,1690.0,15.446901385497071
174385,0,unclassified,12,1204.96,1670.0,12.265617140248139
174385,0,unclassified,13,1117.55,1620.0,13.5808458056501
174385,0,unclassified,14,1197.21,1550.0,9.518868666951576
174385,0,unclassified,15,1208.66,1365.0,4.3582237101622
174385,0,unclassified,16,1205.5,1250.0,1.2700038560332163
174385,0,unclassified,17,1269.29,1505.0,6.328737425038368
174385,0,unclassified,18,1249.43,1625.0,9.906723082177367
174385,0,unclassified,19,1213.29,1665.0,11.907139139093033
174385,0,unclassified,20,1138.91,1330.0,5.438765435969617
174385,0,unclassified,21,937.09,905.0,1.0573756196023159
174385,0,unclassified,22,801.71,885.0,2.868056153116998
174385,0,unclassified,23,894.71,795.0,3.43042261631299
174667,0,unclassified,0,505.07,0.0,31.78269969653302
174667,0,unclassified,1,300.94,0.0,24.533242753455973
174667,0,unclassified,2,208.66,0.0,20.42841158778626
174667,0,unclassified,3,138.15,20.0,13.286608111399692
174667,0,unclassified,4,141.11,20.0,13.493783974343442
174667,0,unclassified,5,166.34,20.0,15.160900690094016
174667,0,unclassified,6,307.76,445.0,7.074038847250769
174667,0,unclassified,7,1098.57,2170.0,26.50329710723794
174667,0,unclassified,8,1764.86,2690.0,19.60222755743241
174667,0,unclassified,9,1308.39,2360.0,24.554548599023388
174667,0,unclassified,10,1113.02,2030.0,23.131366462279164
174667,0,unclassified,11,1196.82,1770.0,14.881970076197513
174667,0,unclassified,12,1347.5,2005.0,16.059290777720246
174667,0,unclassified,13,1185.43,1560.0,10.109805521487235
174667,0,unclassified,14,1378.69,1945.0,13.891814426337742
174667,0,unclassified,15,1399.46,1635.0,6.046985956943801
174667,0,unclassified,16,1634.57,2075.0,10.226572601287414
174667,0,unclassified,17,1672.43,2595.0,19.972439901973335
174667,0,unclassified,18,1555.71,2665.0,24.147231132530504
174667,0,unclassified,19,1398.14,2275.0,20.460984021348114
174667,0,unclassified,20,1168.43,1960.0,20.014332166502648
174667,0,unclassified,21,696.93,1325.0,19.753315004838925
174667,0,unclassified,22,603.86,1295.0,22.430272691535695
174667,0,unclassified,23,677.29,1125.0,14.914182604898295
175465,0,unclassified,0,37.14,0.0,8.618584570566098
175465,0,unclassified,1,11.23,0.0,4.739198244429114
175465,0,unclassified,2,0.0,0.0,
175465,0,unclassified,3,0.0,0.0,
175465,0,unclassified,4,0.21,5.0,2.967779629774103
175465,0,unclassified,5,1.27,0.0,1.5937377450509227
175465,0,unclassified,6,42.9,35.0,1.265824101005149
175465,0,unclassified,7,216.3,230.0,0.9171114626419477
175465,0,unclassified,8,298.86,320.0,1.2017766851551288
175465,0,unclassified,9,244.53,280.0,2.190236540375671
175465,0,unclassified,10,197.12,290.0,5.95140114279736
175465,0,unclassified,11,198.68,225.0,1.8083475456674385
175465,0,unclassified,12,250.57,310.0,3.549815669501668
175465,0,unclassified,13,210.96,185.0,1.844990049199348
175465,0,unclassified,14,225.81,285.0,3.7036815869123796
175465,0,unclassified,15,234.83,260.0,1.6001850275974758
175465,0,unclassified,16,281.01,215.0,4.191596937852869
175465,0,unclassified,17,343.29,280.0,3.5851308727847013
175465,0,unclassified,18,315.86,270.0,2.6794899014253395
175465,0,unclassified,19,236.79,260.0,1.4726641534753744
175465,0,unclassified,20,193.38,180.0,0.9792545217087328
175465,0,unclassified,21,125.63,90.0,3.4314385717923632
175465,0,unclassified,22,108.65,130.0,1.9544841724796582
175465,0,unclassified,23,106.32,105.0,0.12841584919191074
17563,0,unclassified,0,74.71,0.0,12.223747379588634
17563,0,unclassified,1,5.41,0.0,3.2893768406797053
17563,0,unclassified,2,0.0,0.0,
17563,0,unclassified,3,0.0,0.0,
17563,0,unclassified,4,0.55,0.0,1.0488088481701516
17563,0,unclassified,5,33.75,15.0,3.79777262656375
17563,0,unclassified,6,195.51,90.0,8.830757500282214
17563,0,unclassified,7,393.95,215.0,10.255477429573027
17563,0,unclassified,8,521.86,440.0,3.7327663455792246
17563,0,unclassified,9,421.62,455.0,1.5943939684334858
17563,0,unclassified,10,313.59,325.0,0.6385421725373922
17563,0,unclassified,11,313.22,300.0,0.754984955499487
17563,0,unclassified,12,443.31,315.0,6.589494672909984
17563,0,unclassified,13,418.53,330.0,4.57615637473693
17563,0,unclassified,14,376.55,255.0,6.840157334105429
17563,0,unclassified,15,366.18,155.0,13.081993005773558
17563,0,unclassified,16,427.64,230.0,10.899227876265606
17563,0,unclassified,17,547.43,310.0,11.467038034789136
17563,0,unclassified,18,492.0,385.0,5.10974207588779
17563,0,unclassified,19,352.07,375.0,1.2026269722437133
17563,0,unclassified,20,316.54,150.0,10.904082172125339
17563,0,unclassified,21,203.13,75.0,10.865304603996773
17563,0,unclassified,22,150.0,65.0,8.198127976897005
17563,0,unclassified,23,144.0,65.0,7.728032611103392
177170,0,unclassified,0,50.73,0.0,10.07273547751553
177170,0,unclassified,1,2.9,0.0,2.4083189157584592
177170,0,unclassified,2,0.22,0.0,0.6633249580710799
177170,0,unclassified,3,0.0,0.0,
177170,0,unclassified,4,0.54,0.0,1.0392304845413265
177170,0,unclassified,5,5.36,5.0,0.158174919058949
177170,0,unclassified,6,93.09,65.0,3.159472192132893
177170,0,unclassified,7,328.23,565.0,11.203662601379323
177170,0,unclassified,8,699.86,980.0,9.666151054393394
177170,0,unclassified,9,387.77,705.0,13.571406756255637
177170,0,unclassified,10,279.57,475.0,10.06135476439061
177170,0,unclassified,11,297.71,595.0,14.071490408326085
177170,0,unclassified,12,392.29,675.0,12.238126789777032
177170,0,unclassified,13,334.08,475.0,7.006351143461112
177170,0,unclassified,14,351.04,475.0,6.099525150385952
177170,0,unclassified,15,366.6,465.0,4.825617067959296
177170,0,unclassified,16,433.79,595.0,7.107937636021597
177170,0,unclassified,17,539.29,680.0,5.6988398812903895
177170,0,unclassified,18,511.43,795.0,11.095125235895912
177170,0,unclassified,19,374.68,830.0,18.55221953709667
177170,0,unclassified,20,258.52,295.0,2.1928209345080134
177170,0,unclassified,21,154.79,165.0,0.8074363562933843
177170,0,unclassified,22,117.65,260.0,10.359235944951102
177170,0,unclassified,23,121.64,395.0,17.00810584081457
177663,0,unclassified,0,280.0,0.0,23.664319132398465
177663,0,unclassified,1,0.0,0.0,
177663,0,unclassified,2,0.0,0.0,
177663,0,unclassified,3,0.0,0.0,
177663,0,unclassified,4,0.0,15.0,5.477225575051661
177663,0,unclassified,5,0.0,0.0,
177663,0,unclassified,6,0.0,75.0,12.24744871391589
177663,0,unclassified,7,725.62,755.0,1.0798041283490636
177663,0,unclassified,8,844.57,1150.0,9.671682890613079
177663,0,unclassified,9,712.39,900.0,6.607481156723995
177663,0,unclassified,10,692.71,805.0,4.1033845120501065
177663,0,unclassified,11,789.64,710.0,2.908390659802864
177663,0,unclassified,12,857.89,615.0,8.950338816501379
177663,0,unclassified,13,677.76,790.0,4.1431926910345656
177663,0,unclassified,14,745.55,660.0,3.227095828566135
177663,0,unclassified,15,860.61,790.0,2.457870365776977
177663,0,unclassified,16,1205.07,700.0,16.364815071820235
177663,0,unclassified,17,1327.43,660.0,21.172629648857193
177663,0,unclassified,18,1294.43,685.0,19.37174541679901
177663,0,unclassified,19,1146.0,595.0,18.67528383470303
177663,0,unclassified,20,814.82,465.0,13.82882201173518
177663,0,unclassified,21,561.43,470.0,4.026093329006137
177663,0,unclassified,22,496.67,880.0,14.610762548245221
177663,0,unclassified,23,406.32,920.0,19.94727134511002
177850,0,unclassified,0,430.29,0.0,29.335643848397126
177850,0,unclassified,1,262.23,0.0,22.901091677035836
177850,0,unclassified,2,168.05,0.0,18.33303030052588
177850,0,unclassified,3,106.79,0.0,14.614376483449439
177850,0,unclassified,4,104.82,10.0,12.51428892416496
177850,0,unclassified,5,128.17,10.0,14.217241957528797
177850,0,unclassified,6,264.24,125.0,9.980913240952454
177850,0,unclassified,7,782.41,705.0,2.8385510996312044
177850,0,unclassified,8,1222.71,750.0,15.051443909994806
177850,0,unclassified,9,1011.0,825.0,6.138914766455381
177850,0,unclassified,10,891.56,880.0,0.38841402126864844
177850,0,unclassified,11,908.52,825.0,2.836880585756651
177850,0,unclassified,12,1071.34,865.0,6.631436502855888
177850,0,unclassified,13,892.39,685.0,7.384706985430414
177850,0,unclassified,14,1034.2,680.0,12.098535671515641
177850,0,unclassified,15,1074.94,800.0,8.979646473903756
177850,0,unclassified,16,1302.43,920.0,11.472363679534181
177850,0,unclassified,17,1435.57,890.0,15.999292225064936
177850,0,unclassified,18,1437.43,810.0,18.717040979233126
177850,0,unclassified,19,1264.57,905.0,10.91720874553584
177850,0,unclassified,20,1034.81,510.0,18.883372640710103
177850,0,unclassified,21,620.12,260.0,17.166876952972608
177850,0,unclassified,22,513.71,285.0,11.444731037161914
177850,0,unclassified,23,573.14,405.0,7.603009467289845
178513,0,unclassified,0,139.83,0.0,16.72303800151157
178513,0,unclassified,1,96.91,0.0,13.921925154230646
178513,0,unclassified,2,54.58,0.0,10.447966309287182
178513,0,unclassified,3,0.0,0.0,
178513,0,unclassified,4,0.86,15.0,5.021261227295035
178513,0,unclassified,5,12.41,5.0,2.511503688115235
178513,0,unclassified,6,77.5,75.0,0.2862991671569341
178513,0,unclassified,7,254.15,315.0,3.6071334539174664
178513,0,unclassified,8,502.57,500.0,0.11478648805391586
178513,0,unclassified,9,375.88,415.0,1.9672454403807287
178513,0,unclassified,10,332.12,455.0,6.194064547078545
178513,0,unclassified,11,381.96,455.0,3.5704537435741797
178513,0,unclassified,12,453.46,620.0,7.188538865033974
178513,0,unclassified,13,366.2,510.0,6.870245549473919
178513,0,unclassified,14,390.34,495.0,4.974399775612331
178513,0,unclassified,15,412.17,550.0,6.283951842611515
178513,0,unclassified,16,526.07,585.0,2.500234411683869
178513,0,unclassified,17,618.43,705.0,3.3653630940324057
178513,0,unclassified,18,566.57,785.0,8.402490147222958
178513,0,unclassified,19,482.86,680.0,8.175720463950302
178513,0,unclassified,20,327.52,430.0,5.265711520396011
178513,0,unclassified,21,180.67,225.0,3.112621286029557
178513,0,unclassified,22,154.17,380.0,13.818372177146953
178513,0,unclassified,23,177.16,315.0,8.786928760102164
178525,0,unclassified,0,101.07,0.0,14.217594733287342
178525,0,unclassified,1,31.11,0.0,7.887965517166007
178525,0,unclassified,2,4.68,0.0,3.059411708155671
178525,0,unclassified,3,1.85,0.0,1.9235384061671346
178525,0,unclassified,4,4.44,10.0,2.0692177386301074
178525,0,unclassified,5,7.27,5.0,0.9164706762398335
178525,0,unclassified,6,101.32,60.0,4.600777217407426
178525,0,unclassified,7,315.67,210.0,6.51793625820259
178525,0,unclassified,8,494.29,415.0,3.7186234889831264
178525,0,unclassified,9,402.86,450.0,2.282788641734978
178525,0,unclassified,10,368.1,355.0,0.6889490612641367
178525,0,unclassified,11,355.84,380.0,1.2595639774742418
178525,0,unclassified,12,417.26,475.0,2.7336698655076077
178525,0,unclassified,13,341.79,410.0,3.518153426194081
178525,0,unclassified,14,377.32,365.0,0.639484650794014
178525,0,unclassified,15,393.55,400.0,0.3238079927291038
178525,0,unclassified,16,421.93,440.0,0.8704366161739331
178525,0,unclassified,17,467.0,460.0,0.32514207333608824
178525,0,unclassified,18,462.43,530.0,3.0333252113999456
178525,0,unclassified,19,418.99,525.0,4.879531607215242
178525,0,unclassified,20,343.48,340.0,0.18824841853316274
178525,0,unclassified,21,204.83,170.0,2.544200307829598
178525,0,unclassified,22,156.1,270.0,7.803383568588487
178525,0,unclassified,23,154.7,250.0,6.699483105575223
178526,0,unclassified,0,101.07,0.0,14.217594733287342
178526,0,unclassified,1,31.11,0.0,7.887965517166007
178526,0,unclassified,2,4.68,0.0,3.059411708155671
178526,0,unclassified,3,1.85,5.0,1.7020811649186425
178526,0,unclassified,4,4.44,15.0,3.387121579245804
178526,0,unclassified,5,7.27,20.0,3.4474726743104647
178526,0,unclassified,6,101.32,85.0,1.6908512951143218
178526,0,unclassified,7,315.67,350.0,1.8817386656777892
178526,0,unclassified,8,494.29,350.0,7.022720895199203
178526,0,unclassified,9,402.86,375.0,1.4126851836749537
178526,0,unclassified,10,368.1,250.0,6.7179307643839135
178526,0,unclassified,11,355.84,330.0,1.395391592023268
178526,0,unclassified,12,417.26,300.0,6.191937752610044
178526,0,unclassified,13,341.79,285.0,3.207937046870326
178526,0,unclassified,14,377.32,285.0,5.073140133617034
178526,0,unclassified,15,393.55,270.0,6.782986001998528
178526,0,unclassified,16,421.93,260.0,8.769451193567278
178526,0,unclassified,17,467.0,315.0,7.686970408847439
178526,0,unclassified,18,462.43,395.0,3.2566330063000954
178526,0,unclassified,19,418.99,290.0,6.850952962607488
178526,0,unclassified,20,343.48,205.0,8.362221263361164
178526,0,unclassified,21,204.83,230.0,1.7070194267288714
178526,0,unclassified,22,156.1,135.0,1.7489457981925731
178526,0,unclassified,23,154.7,140.0,1.2109947619784283
178528,0,unclassified,0,143.75,0.0,16.95582495781317
178528,0,unclassified,1,16.25,0.0,5.70087712549569
178528,0,unclassified,2,7.74,0.0,3.9344631145812006
178528,0,unclassified,3,0.0,10.0,4.47213595499958
178528,0,unclassified,4,0.0,10.0,4.47213595499958
178528,0,unclassified,5,1.6,20.0,5.598941698941697
178528,0,unclassified,6,76.25,85.0,0.9744805811819829
178528,0,unclassified,7,220.08,360.0,8.215818722798817
178528,0,unclassified,8,407.86,415.0,0.35200613597319313
178528,0,unclassified,9,307.29,470.0,8.253491392197148
178528,0,unclassified,10,298.62,300.0,0.0797661209934025
178528,0,unclassified,11,342.02,375.0,1.7418069306851671
178528,0,unclassified,12,374.1,335.0,2.0765290567252035
178528,0,unclassified,13,312.38,315.0,0.14792819368243776
178528,0,unclassified,14,330.16,325.0,0.2850959266713648
178528,0,unclassified,15,333.99,290.0,2.490463292316345
178528,0,unclassified,16,408.71,280.0,6.93600014694071
178528,0,unclassified,17,462.43,340.0,6.112224098197949
178528,0,unclassified,18,442.86,465.0,1.039161800063901
178528,0,unclassified,19,380.29,335.0,2.394838557416175
178528,0,unclassified,20,261.95,210.0,3.3818360901451316
178528,0,unclassified,21,159.92,240.0,5.6630774398040735
178528,0,unclassified,22,156.31,155.0,0.10500011089843356
178528,0,unclassified,23,162.05,145.0,1.3760519506369138
180659,0,unclassified,0,118.43,0.0,15.390256658028807
180659,0,unclassified,1,62.79,0.0,11.206248257110852
180659,0,unclassified,2,24.29,0.0,6.9699354372906495
180659,0,unclassified,3,6.67,0.0,3.652396473549935
180659,0,unclassified,4,11.56,0.0,4.8083261120685235
180659,0,unclassified,5,45.0,5.0,8.0
180659,0,unclassified,6,159.18,80.0,7.240491774080634
180659,0,unclassified,7,626.35,605.0,0.860443027797279
180659,0,unclassified,8,808.71,615.0,7.260328500480432
180659,0,unclassified,9,573.43,600.0,1.0969275864709067
180659,0,unclassified,10,451.39,325.0,6.414868309387413
180659,0,unclassified,11,458.84,315.0,7.312553977477652
180659,0,unclassified,12,595.76,560.0,1.4875743389814118
180659,0,unclassified,13,511.34,405.0,4.968019953034468
180659,0,unclassified,14,527.54,520.0,0.32945874217379195
180659,0,unclassified,15,512.94,480.0,1.478349400400541
180659,0,unclassified,16,634.07,615.0,0.7630839200372089
180659,0,unclassified,17,752.57,845.0,3.2703783764824723
180659,0,unclassified,18,675.29,710.0,1.3188617165968213
180659,0,unclassified,19,566.86,410.0,7.097592237677793
180659,0,unclassified,20,477.62,320.0,7.8927492094324725
180659,0,unclassified,21,270.96,175.0,6.426245070516791
180659,0,unclassified,22,190.88,265.0,4.909362926592724
180659,0,unclassified,23,169.13,250.0,5.586349039263561
181001,0,unclassified,0,157.48,0.0,17.747112441183212
181001,0,unclassified,1,106.08,0.0,14.5657131648265
181001,0,unclassified,2,78.08,0.0,12.496399481450647
181001,0,unclassified,3,41.47,0.0,9.107140056021978
181001,0,unclassified,4,26.56,0.0,7.288346863315439
181001,0,unclassified,5,51.81,0.0,10.179390944452424
181001,0,unclassified,6,76.12,40.0,4.740337090182161
181001,0,unclassified,7,186.0,215.0,2.0480511994847013
181001,0,unclassified,8,350.29,255.0,5.477477159632674
181001,0,unclassified,9,290.08,235.0,3.3993524179511945
181001,0,unclassified,10,274.04,215.0,3.775627627084891
181001,0,unclassified,11,267.55,240.0,1.7294068903229014
181001,0,unclassified,12,252.65,260.0,0.45908368188977233
181001,0,unclassified,13,236.56,245.0,0.543916510012894
181001,0,unclassified,14,259.93,230.0,1.9122941563632108
181001,0,unclassified,15,249.38,200.0,3.294270168332355
181001,0,unclassified,16,240.86,250.0,0.5834214227933141
181001,0,unclassified,17,247.91,260.0,0.7586612756357212
181001,0,unclassified,18,238.57,260.0,1.3572945260743017
181001,0,unclassified,19,239.71,260.0,1.283624579616489
181001,0,unclassified,20,211.05,265.0,3.496875433962609
181001,0,unclassified,21,207.62,260.0,3.4255787283397408
181001,0,unclassified,22,191.09,260.0,4.588446242846964
181001,0,unclassified,23,188.35,260.0,4.78544804507186
181028,0,unclassified,0,221.58,0.0,21.0513657514186
181028,0,unclassified,1,158.51,0.0,17.80505546186251
181028,0,unclassified,2,145.85,0.0,17.079227148791013
181028,0,unclassified,3,111.29,0.0,14.919115255268993
181028,0,unclassified,4,107.6,0.0,14.669696656713798
181028,0,unclassified,5,114.95,0.0,15.162453627299245
181028,0,unclassified,6,150.39,45.0,10.662602912758812
181028,0,unclassified,7,186.88,230.0,2.9866767414913555
181028,0,unclassified,8,319.57,510.0,9.350263419598816
181028,0,unclassified,9,300.29,460.0,8.1913874491332
181028,0,unclassified,10,341.25,550.0,9.88875712774648
181028,0,unclassified,11,376.18,605.0,10.330816215203566
181028,0,unclassified,12,357.21,750.0,16.69400044158863
181028,0,unclassified,13,339.32,475.0,6.724086351541929
181028,0,unclassified,14,394.59,495.0,4.7609872536106
181028,0,unclassified,15,435.82,470.0,1.606076041144778
181028,0,unclassified,16,446.14,525.0,3.5787457832398935
181028,0,unclassified,17,406.76,820.0,16.685435530558852
181028,0,unclassified,18,373.43,845.0,19.10560852156747
181028,0,unclassified,19,383.0,820.0,17.818191457038154
181028,0,unclassified,20,340.38,350.0,0.5177808320741929
181028,0,unclassified,21,304.29,225.0,4.874011743708658
181028,0,unclassified,22,283.71,185.0,6.447985320179743
181028,0,unclassified,23,305.0,140.0,11.06162513204085
182314,0,unclassified,0,185.41,0.0,19.2566871501824
182314,0,unclassified,1,45.3,0.0,9.518403227432634
182314,0,unclassified,2,5.36,0.0,3.2741411087489802
182314,0,unclassified,3,0.78,0.0,1.2489995996796797
182314,0,unclassified,4,0.62,0.0,1.1135528725660044
182314,0,unclassified,5,4.44,0.0,2.979932885150268
182314,0,unclassified,6,91.03,40.0,6.304566001629316
182314,0,unclassified,7,468.46,265.0,10.624434439050114
182314,0,unclassified,8,750.57,445.0,12.497933444102314
182314,0,unclassified,9,539.42,545.0,0.23963510373104785
182314,0,unclassified,10,434.14,425.0,0.44099048986007644
182314,0,unclassified,11,449.55,395.0,2.6545876502612056
182314,0,unclassified,12,512.7,520.0,0.32125564629732345
182314,0,unclassified,13,469.27,360.0,5.3662136998471786
182314,0,unclassified,14,502.06,415.0,4.065694901912751
182314,0,unclassified,15,498.88,370.0,6.18330436929184
182314,0,unclassified,16,625.88,380.0,10.963901261434343
182314,0,unclassified,17,740.37,490.0,10.094374676387083
182314,0,unclassified,18,699.88,525.0,7.066565205607844
182314,0,unclassified,19,588.46,575.0,0.5580644133986724
182314,0,unclassified,20,441.11,495.0,2.490919767366169
182314,0,unclassified,21,272.06,425.0,8.192208607546958
182314,0,unclassified,22,253.6,250.0,0.22686872894857432
182314,0,unclassified,23,239.46,230.0,0.617457168488971
182315,0,unclassified,0,185.41,0.0,19.2566871501824
182315,0,unclassified,1,45.3,0.0,9.518403227432634
182315,0,unclassified,2,5.36,0.0,3.2741411087489802
182315,0,unclassified,3,0.78,0.0,1.2489995996796797
182315,0,unclassified,4,0.62,0.0,1.1135528725660044
182315,0,unclassified,5,4.44,0.0,2.979932885150268
182315,0,unclassified,6,91.03,25.0,8.669042837277745
182315,0,unclassified,7,468.46,150.0,18.109817782440118
182315,0,unclassified,8,750.57,345.0,17.328491388965887
182315,0,unclassified,9,539.42,260.0,13.976067242979896
182315,0,unclassified,10,434.14,265.0,9.046472117878755
182315,0,unclassified,11,449.55,255.0,10.36550160819655
182315,0,unclassified,12,512.7,240.0,14.056887780066365
182315,0,unclassified,13,469.27,185.0,15.716922936448011
182315,0,unclassified,14,502.06,200.0,16.1220810830186
182315,0,unclassified,15,498.88,130.0,20.80253279814653
182315,0,unclassified,16,625.88,190.0,21.580862438097647
182315,0,unclassified,17,740.37,345.0,16.971874194329573
182315,0,unclassified,18,699.88,395.0,13.030487749479379
182315,0,unclassified,19,588.46,270.0,15.371273733612616
182315,0,unclassified,20,441.11,125.0,18.788963352900335
182315,0,unclassified,21,272.06,155.0,8.010858668142012
182315,0,unclassified,22,253.6,110.0,10.650193550460301
182315,0,unclassified,23,239.46,55.0,15.202116215554662
182869,0,unclassified,0,143.08,0.0,16.9162643630324
182869,0,unclassified,1,83.75,0.0,12.942179105544785
182869,0,unclassified,2,50.26,0.0,10.025966287595425
182869,0,unclassified,3,31.71,10.0,4.753951277110973
182869,0,unclassified,4,81.63,0.0,12.777323663428112
182869,0,unclassified,5,137.26,5.0,15.682023994498849
182869,0,unclassified,6,241.15,70.0,13.721670888361372
182869,0,unclassified,7,448.53,540.0,4.1143264717528725
182869,0,unclassified,8,481.57,505.0,1.0549292492542421
182869,0,unclassified,9,489.5,665.0,7.304578320716537
182869,0,unclassified,10,527.43,535.0,0.3284435326320231
182869,0,unclassified,11,532.0,520.0,0.5232248642363369
182869,0,unclassified,12,526.67,520.0,0.29156537210207895
182869,0,unclassified,13,446.45,315.0,6.736819210506852
182869,0,unclassified,14,501.12,465.0,1.643414835472393
182869,0,unclassified,15,530.5,425.0,4.826720064696198
182869,0,unclassified,16,483.64,580.0,4.178442772386141
182869,0,unclassified,17,456.57,650.0,8.22336152548464
182869,0,unclassified,18,474.86,675.0,8.346923054917893
182869,0,unclassified,19,476.86,320.0,7.85843734608064
182869,0,unclassified,20,415.52,205.0,11.951721572762088
182869,0,unclassified,21,276.07,205.0,4.582444100969706
182869,0,unclassified,22,206.96,120.0,6.8012261592591345
182869,0,unclassified,23,198.09,195.0,0.2204080637571655
182937,0,unclassified,0,132.22,0.0,16.261611236282832
182937,0,unclassified,1,86.46,0.0,13.149904942622209
182937,0,unclassified,2,70.21,0.0,11.849894514298429
182937,0,unclassified,3,25.33,5.0,5.22054893887715
182937,0,unclassified,4,13.33,25.0,2.6657317475817446
182937,0,unclassified,5,22.81,15.0,1.7962330915634852
182937,0,unclassified,6,77.56,410.0,21.29189115047415
182937,0,unclassified,7,232.81,1095.0,33.46185490565286
182937,0,unclassified,8,478.57,1290.0,27.286945985093194
182937,0,unclassified,9,403.71,1285.0,30.328875091141228
182937,0,unclassified,10,322.25,1100.0,29.165340183615466
182937,0,unclassified,11,326.46,825.0,20.777370266957625
182937,0,unclassified,12,366.64,895.0,21.036680181662074
182937,0,unclassified,13,308.36,960.0,25.876257496185442
182937,0,unclassified,14,361.41,985.0,24.03396783998877
182937,0,unclassified,15,349.14,955.0,23.72603520880903
182937,0,unclassified,16,392.07,875.0,19.186637864342696
182937,0,unclassified,17,456.14,705.0,10.328275203741626
182937,0,unclassified,18,433.14,745.0,12.849203925655425
182937,0,unclassified,19,381.71,610.0,10.252022240935563
182937,0,unclassified,20,298.0,655.0,16.354480888144128
182937,0,unclassified,21,185.15,665.0,23.274090429114384
182937,0,unclassified,22,139.53,815.0,30.919059275097617
182937,0,unclassified,23,162.37,850.0,30.563295484423154
182938,0,unclassified,0,132.22,0.0,16.261611236282832
182938,0,unclassified,1,86.46,0.0,13.149904942622209
182938,0,unclassified,2,70.21,0.0,11.849894514298429
182938,0,unclassified,3,25.33,0.0,7.117583859709698
182938,0,unclassified,4,13.33,0.0,5.163332257370234
182938,0,unclassified,5,22.81,5.0,4.776155114429866
182938,0,unclassified,6,77.56,55.0,2.771072225587172
182938,0,unclassified,7,232.81,230.0,0.18472256507954526
182938,0,unclassified,8,478.57,240.0,12.586248078878114
182938,0,unclassified,9,403.71,260.0,7.8888338018983415
182938,0,unclassified,10,322.25,290.0,1.8432333513213779
182938,0,unclassified,11,326.46,430.0,5.32390349191179
182938,0,unclassified,12,366.64,535.0,7.929345285616798
182938,0,unclassified,13,308.36,450.0,7.273831008699566
182938,0,unclassified,14,361.41,345.0,0.8731626688354993
182938,0,unclassified,15,349.14,390.0,2.1254456660103718
182938,0,unclassified,16,392.07,535.0,6.638686002003327
182938,0,unclassified,17,456.14,560.0,4.60772490297187
182938,0,unclassified,18,433.14,610.0,7.744142199443377
182938,0,unclassified,19,381.71,565.0,8.424522349585569
182938,0,unclassified,20,298.0,365.0,3.679874743753301
182938,0,unclassified,21,185.15,300.0,7.374082285947853
182938,0,unclassified,22,139.53,205.0,4.988199525086712
182938,0,unclassified,23,162.37,150.0,0.9898059010433533
182955,0,unclassified,0,140.0,0.0,16.73320053068151
182955,0,unclassified,1,22.35,0.0,6.685805860178712
182955,0,unclassified,2,2.63,0.0,2.293468988235943
182955,0,unclassified,3,0.0,5.0,3.1622776601683795
182955,0,unclassified,4,0.0,10.0,4.47213595499958
182955,0,unclassified,5,0.0,5.0,3.1622776601683795
182955,0,unclassified,6,132.94,90.0,4.067083038107591
182955,0,unclassified,7,333.79,470.0,6.794424723097001
182955,0,unclassified,8,513.96,570.0,2.407168525921821
182955,0,unclassified,9,442.17,650.0,8.893610674564716
182955,0,unclassified,10,375.07,500.0,5.972557509043326
182955,0,unclassified,11,440.2,570.0,5.775452391516009
182955,0,unclassified,12,555.76,580.0,1.0171952621351206
182955,0,unclassified,13,479.74,575.0,4.148134854773276
182955,0,unclassified,14,552.36,725.0,6.8312435467354184
182955,0,unclassified,15,566.88,760.0,7.497671811954891
182955,0,unclassified,16,693.36,650.0,1.6730467054760145
182955,0,unclassified,17,677.14,820.0,5.221489833012419
182955,0,unclassified,18,578.43,870.0,10.834505115975366
182955,0,unclassified,19,501.17,570.0,2.9741547848085736
182955,0,unclassified,20,375.07,345.0,1.584751119380629
182955,0,unclassified,21,270.52,215.0,3.56336978408891
182955,0,unclassified,22,177.95,415.0,13.767209484972618
182955,0,unclassified,23,167.27,560.0,20.594973562704816
183922,0,unclassified,0,63.9,0.0,11.304866208850063
183922,0,unclassified,1,2.86,0.0,2.3916521486202797
183922,0,unclassified,2,0.0,0.0,
183922,0,unclassified,3,1.36,0.0,1.6492422502470643
183922,0,unclassified,4,33.57,5.0,6.505795665112296
183922,0,unclassified,5,120.61,10.0,13.687406813390433
183922,0,unclassified,6,178.14,130.0,3.878350405685411
183922,0,unclassified,7,495.66,275.0,11.241058361721807
183922,0,unclassified,8,631.86,365.0,11.953123167685936
183922,0,unclassified,9,446.71,320.0,6.47158001085217
183922,0,unclassified,10,351.24,310.0,2.2680576838453685
183922,0,unclassified,11,347.7,305.0,2.3636657732958914
183922,0,unclassified,12,323.38,330.0,0.3662604873860712
183922,0,unclassified,13,352.93,345.0,0.424504454538433
183922,0,unclassified,14,380.07,415.0,1.7519064037191185
183922,0,unclassified,15,360.76,205.0,9.260934591187999
183922,0,unclassified,16,393.21,265.0,7.067318435337124
183922,0,unclassified,17,398.43,295.0,5.5546948938117895
183922,0,unclassified,18,371.29,305.0,3.604927492388258
183922,0,unclassified,19,315.57,250.0,3.899213353176669
183922,0,unclassified,20,253.43,125.0,9.336598891036257
183922,0,unclassified,21,186.78,170.0,1.2563386012010305
183922,0,unclassified,22,148.14,100.0,4.321879906439685
183922,0,unclassified,23,142.96,105.0,3.40918357771463
184114,0,unclassified,0,76.79,0.0,12.392739810066216
184114,0,unclassified,1,17.86,0.0,5.976621118993574
184114,0,unclassified,2,3.89,0.0,2.7892651361962706
184114,0,unclassified,3,14.14,0.0,5.317894320123332
184114,0,unclassified,4,57.75,5.0,9.417390880494233
184114,0,unclassified,5,104.51,10.0,12.490247772043542
184114,0,unclassified,6,157.16,115.0,3.6141273524454416
184114,0,unclassified,7,539.21,275.0,13.094714464172954
184114,0,unclassified,8,628.86,540.0,3.6757000005887055
184114,0,unclassified,9,503.0,560.0,2.4724255403714572
184114,0,unclassified,10,435.82,435.0,0.039297475583548465
184114,0,unclassified,11,422.61,355.0,3.4288225926860902
184114,0,unclassified,12,374.54,355.0,1.023092739825439
184114,0,unclassified,13,395.33,385.0,0.5229692666831829
184114,0,unclassified,14,477.4,385.0,4.449719092257397
184114,0,unclassified,15,456.93,230.0,12.244771049839024
184114,0,unclassified,16,498.57,295.0,10.219653089674033
184114,0,unclassified,17,489.29,295.0,9.811312469595208
184114,0,unclassified,18,435.86,345.0,4.59834066034965
184114,0,unclassified,19,373.0,290.0,4.5586508019630445
184114,0,unclassified,20,299.19,155.0,9.568224477883735
184114,0,unclassified,21,193.65,175.0,1.3736836047176466
184114,0,unclassified,22,140.66,105.0,3.2175782157094885
184114,0,unclassified,23,131.54,110.0,1.9600455574801137
185097,0,unclassified,0,564.93,0.0,33.61339018903032
185097,0,unclassified,1,368.12,0.0,27.133742830652757
185097,0,unclassified,2,258.89,0.0,22.7547797176769
185097,0,unclassified,3,171.79,5.0,17.74010388093049
185097,0,unclassified,4,154.55,15.0,15.156395922633111
185097,0,unclassified,5,171.27,25.0,14.765334768190394
185097,0,unclassified,6,253.76,375.0,6.837832733094715
185097,0,unclassified,7,831.14,1075.0,7.899110147136964
185097,0,unclassified,8,1327.57,1630.0,7.864522352589353
185097,0,unclassified,9,1016.0,1625.0,16.758999571615952
185097,0,unclassified,10,901.77,1200.0,9.199701411414324
185097,0,unclassified,11,983.99,1240.0,7.677246982061125
185097,0,unclassified,12,1085.17,1695.0,16.35641446027858
185097,0,unclassified,13,982.04,1200.0,6.598731284809135
185097,0,unclassified,14,1087.79,1375.0,8.184664165383433
185097,0,unclassified,15,1132.21,1175.0,1.2598351512201063
185097,0,unclassified,16,1316.21,1365.0,1.3325404486178145
185097,0,unclassified,17,1376.86,1770.0,9.911137929909188
185097,0,unclassified,18,1255.43,1855.0,15.203538430799593
185097,0,unclassified,19,1095.86,1800.0,18.504835668329804
185097,0,unclassified,20,850.05,1495.0,18.834972543106048
185097,0,unclassified,21,540.74,935.0,14.514189563086463
185097,0,unclassified,22,524.79,800.0,10.693150702505656
185097,0,unclassified,23,644.71,405.0,10.463247118078352
185850,0,unclassified,0,116.67,0.0,15.275470532851026
185850,0,unclassified,1,82.11,0.0,12.814835153056007
185850,0,unclassified,2,46.82,0.0,9.676776322722356
185850,0,unclassified,3,45.66,5.0,8.078854366801286
185850,0,unclassified,4,116.72,0.0,15.278743403827423
185850,0,unclassified,5,163.97,0.0,18.10911372762345
185850,0,unclassified,6,282.43,35.0,19.6400852433631
185850,0,unclassified,7,599.91,425.0,7.726570513037895
185850,0,unclassified,8,689.57,605.0,3.324057740874171
185850,0,unclassified,9,573.71,405.0,7.626562090886944
185850,0,unclassified,10,522.39,410.0,5.205277239718662
185850,0,unclassified,11,577.18,540.0,1.573123457802192
185850,0,unclassified,12,682.81,675.0,0.29974126117344385
185850,0,unclassified,13,534.94,505.0,1.3129937302680545
185850,0,unclassified,14,606.6,540.0,2.7815268612308652
185850,0,unclassified,15,571.69,500.0,3.0969841954321677
185850,0,unclassified,16,629.43,615.0,0.5784903154390493
185850,0,unclassified,17,576.0,665.0,3.5728856242714664
185850,0,unclassified,18,516.14,605.0,3.753110774250247
185850,0,unclassified,19,450.43,365.0,4.23089318963505
185850,0,unclassified,20,341.0,250.0,5.293740517184665
185850,0,unclassified,21,229.41,185.0,3.0851810678583336
185850,0,unclassified,22,170.67,170.0,0.05133609799153427
185850,0,unclassified,23,158.51,205.0,3.4483898864544207
185851,0,unclassified,0,116.67,0.0,15.275470532851026
185851,0,unclassified,1,82.11,0.0,12.814835153056007
185851,0,unclassified,2,46.82,0.0,9.676776322722356
185851,0,unclassified,3,45.66,10.0,6.759658186613897
185851,0,unclassified,4,116.72,0.0,15.278743403827423
185851,0,unclassified,5,163.97,5.0,17.29519129893159
185851,0,unclassified,6,282.43,55.0,17.509385445188197
185851,0,unclassified,7,599.91,305.0,13.864423098198609
185851,0,unclassified,8,689.57,495.0,7.994853534687396
185851,0,unclassified,9,573.71,535.0,1.6441036247180303
185851,0,unclassified,10,522.39,495.0,1.2144043041004542
185851,0,unclassified,11,577.18,595.0,0.7360808920188644
185851,0,unclassified,12,682.81,420.0,11.191969972863882
185851,0,unclassified,13,534.94,280.0,12.629616455746987
185851,0,unclassified,14,606.6,360.0,11.217205459650918
185851,0,unclassified,15,571.69,295.0,13.291578739004748
185851,0,unclassified,16,629.43,485.0,6.1185147562483975
185851,0,unclassified,17,576.0,430.0,6.509818246188563
185851,0,unclassified,18,516.14,435.0,3.720726762523242
185851,0,unclassified,19,450.43,305.0,7.482933540757184
185851,0,unclassified,20,341.0,200.0,8.57305239437779
185851,0,unclassified,21,229.41,155.0,5.367214645818722
185851,0,unclassified,22,170.67,155.0,1.2279908115913483
185851,0,unclassified,23,158.51,135.0,1.9406900344865392
186525,0,unclassified,0,142.86,0.0,16.903254124576133
186525,0,unclassified,1,53.33,0.0,10.327632836231157
186525,0,unclassified,2,0.0,0.0,
186525,0,unclassified,3,6.67,0.0,3.652396473549935
186525,0,unclassified,4,0.0,20.0,6.324555320336759
186525,0,unclassified,5,0.0,10.0,4.47213595499958
186525,0,unclassified,6,338.1,230.0,6.413990275566431
186525,0,unclassified,7,697.67,1125.0,14.155472093938997
186525,0,unclassified,8,939.83,1475.0,15.401516191921136
186525,0,unclassified,9,771.67,1380.0,18.546689439672697
186525,0,unclassified,10,689.99,935.0,8.595545860290715
186525,0,unclassified,11,775.44,845.0,2.4437574213651088
186525,0,unclassified,12,1013.17,685.0,11.262201483764368
186525,0,unclassified,13,818.77,605.0,8.012016521812384
186525,0,unclassified,14,926.54,860.0,2.2263396563835416
186525,0,unclassified,15,939.53,1035.0,3.038435713710626
186525,0,unclassified,16,1011.0,935.0,2.4364481418225052
186525,0,unclassified,17,1031.17,670.0,12.383768059029636
186525,0,unclassified,18,1076.33,465.0,22.021296818669367
186525,0,unclassified,19,926.0,405.0,20.195922403867826
186525,0,unclassified,20,719.17,510.0,8.437395718433097
186525,0,unclassified,21,386.7,445.0,2.8589081442612945
186525,0,unclassified,22,270.15,570.0,14.629875663091424
186525,0,unclassified,23,264.84,685.0,19.27988658637437
186542,0,unclassified,0,217.87,0.0,20.874386218521494
186542,0,unclassified,1,142.08,0.0,16.85704600456438
186542,0,unclassified,2,62.4,0.0,11.171392035015153
186542,0,unclassified,3,7.37,20.0,3.4141370432499247
186542,0,unclassified,4,31.43,15.0,3.4099908953728826
186542,0,unclassified,5,127.94,15.0,13.359367359129811
186542,0,unclassified,6,303.56,270.0,1.9817438629665913
186542,0,unclassified,7,911.06,1145.0,7.296281669094257
186542,0,unclassified,8,1353.71,1395.0,1.113769753119593
186542,0,unclassified,9,1092.29,1335.0,6.966936220280123
186542,0,unclassified,10,732.17,1220.0,15.614377869855097
186542,0,unclassified,11,724.06,1155.0,14.059228236602426
186542,0,unclassified,12,971.46,1115.0,4.444090640796075
186542,0,unclassified,13,1023.96,1130.0,3.2312153246900857
186542,0,unclassified,14,950.5,1070.0,3.7597024528579692
186542,0,unclassified,15,840.94,565.0,10.407496277960695
186542,0,unclassified,16,925.07,830.0,3.209307051651803
186542,0,unclassified,17,1115.71,965.0,4.6725213069384814
186542,0,unclassified,18,999.71,1085.0,2.641741309599666
186542,0,unclassified,19,860.71,895.0,1.1573270170631567
186542,0,unclassified,20,718.14,520.0,7.963468734394804
186542,0,unclassified,21,477.54,405.0,3.4532287651923963
186542,0,unclassified,22,345.18,395.0,2.5897035253504117
186542,0,unclassified,23,334.86,515.0,8.738793193766561
187089,0,unclassified,0,519.86,0.0,32.24468948524702
187089,0,unclassified,1,281.3,0.0,23.719190542680835
187089,0,unclassified,2,206.36,0.0,20.315511315248752
187089,0,unclassified,3,125.56,10.0,14.03643280375161
187089,0,unclassified,4,100.0,5.0,13.11124562750473
187089,0,unclassified,5,156.46,0.0,17.689544934791286
187089,0,unclassified,6,231.26,185.0,3.2065519936953693
187089,0,unclassified,7,563.0,475.0,3.8627712754940946
187089,0,unclassified,8,845.76,440.0,16.003105721474906
187089,0,unclassified,9,725.8,320.0,17.746091718335574
187089,0,unclassified,10,639.68,425.0,9.304585617932355
187089,0,unclassified,11,801.66,405.0,16.148825704287837
187089,0,unclassified,12,863.24,440.0,16.58018999730787
187089,0,unclassified,13,795.04,335.0,19.353685720505727
187089,0,unclassified,14,886.4,410.0,18.711872063603174
187089,0,unclassified,15,879.47,425.0,17.7952121649724
187089,0,unclassified,16,944.07,390.0,21.453113222164866
187089,0,unclassified,17,888.43,400.0,19.243626302741717
187089,0,unclassified,18,861.57,410.0,17.90894254583485
187089,0,unclassified,19,862.14,415.0,17.694539585240037
187089,0,unclassified,20,720.24,395.0,13.773197699061384
187089,0,unclassified,21,541.98,440.0,4.602339840424852
187089,0,unclassified,22,513.68,390.0,5.818447754996205
187089,0,unclassified,23,633.27,455.0,7.6423149869754505
187232,0,unclassified,0,110.0,0.0,14.832396974191326
187232,0,unclassified,1,33.66,0.0,8.204876598706406
187232,0,unclassified,2,2.77,0.0,2.353720459187964
187232,0,unclassified,3,0.25,0.0,0.7071067811865476
187232,0,unclassified,4,7.39,5.0,0.9602343674099177
187232,0,unclassified,5,25.5,15.0,2.3333333333333335
187232,0,unclassified,6,161.1,110.0,4.38905617311301
187232,0,unclassified,7,490.26,475.0,0.6946201487335837
187232,0,unclassified,8,750.0,835.0,3.0193905416328986
187232,0,unclassified,9,538.14,575.0,1.5624115261438487
187232,0,unclassified,10,465.46,515.0,2.2374640179967056
187232,0,unclassified,11,458.34,550.0,4.082172502028197
187232,0,unclassified,12,540.62,670.0,5.25869790153731
187232,0,unclassified,13,446.38,495.0,2.241028959410201
187232,0,unclassified,14,476.53,480.0,0.15867012901559163
187232,0,unclassified,15,500.21,475.0,1.1416652192889265
187232,0,unclassified,16,596.86,615.0,0.7369296917531283
187232,0,unclassified,17,660.43,650.0,0.40746695402278194
187232,0,unclassified,18,667.86,970.0,10.558077228428338
187232,0,unclassified,19,551.71,535.0,0.7168604424859567
187232,0,unclassified,20,411.76,410.0,0.08682707417602398
187232,0,unclassified,21,243.91,265.0,1.3221206400233145
187232,0,unclassified,22,174.44,220.0,3.244204618099319
187232,0,unclassified,23,157.24,265.0,7.416395711564449
187233,0,unclassified,0,110.0,0.0,14.832396974191326
187233,0,unclassified,1,33.66,0.0,8.204876598706406
187233,0,unclassified,2,2.77,0.0,2.353720459187964
187233,0,unclassified,3,0.25,5.0,2.931763649279746
187233,0,unclassified,4,7.39,15.0,2.2744301712387216
187233,0,unclassified,5,25.5,10.0,3.6790231404009455
187233,0,unclassified,6,161.1,95.0,5.841329006375044
187233,0,unclassified,7,490.26,510.0,0.8826848959381633
187233,0,unclassified,8,750.0,805.0,1.97247946533229
187233,0,unclassified,9,538.14,505.0,1.4510961918441332
187233,0,unclassified,10,465.46,310.0,7.895033202842107
187233,0,unclassified,11,458.34,465.0,0.3099619625386441
187233,0,unclassified,12,540.62,670.0,5.25869790153731
187233,0,unclassified,13,446.38,525.0,3.567413558650793
187233,0,unclassified,14,476.53,475.0,0.0701447523039838
187233,0,unclassified,15,500.21,535.0,1.529167986180124
187233,0,unclassified,16,596.86,530.0,2.8167375833689863
187233,0,unclassified,17,660.43,460.0,8.468087949303065
187233,0,unclassified,18,667.86,455.0,8.983514023752127
187233,0,unclassified,19,551.71,400.0,6.954675802989465
187233,0,unclassified,20,411.76,255.0,8.585497847634647
187233,0,unclassified,21,243.91,125.0,8.755342966905172
187233,0,unclassified,22,174.44,310.0,8.710168573473032
187233,0,unclassified,23,157.24,280.0,8.302558317379322
187238,0,unclassified,0,125.29,0.0,15.829718885690927
187238,0,unclassified,1,7.68,0.0,3.919183588453085
187238,0,unclassified,2,0.0,0.0,
187238,0,unclassified,3,1.0,0.0,1.4142135623730951
187238,0,unclassified,4,2.69,0.0,2.3194827009486403
187238,0,unclassified,5,18.29,15.0,0.8064064600388751
187238,0,unclassified,6,173.47,95.0,6.772839266799376
187238,0,unclassified,7,497.54,370.0,6.123738775558696
187238,0,unclassified,8,768.14,715.0,1.9513962854365015
187238,0,unclassified,9,547.43,450.0,4.362811880851013
187238,0,unclassified,10,474.31,390.0,4.055639257360143
187238,0,unclassified,11,476.49,390.0,4.155268746141963
187238,0,unclassified,12,569.26,500.0,2.9954068923381367
187238,0,unclassified,13,459.72,380.0,3.8905861758470897
187238,0,unclassified,14,497.63,405.0,4.360253908101582
187238,0,unclassified,15,522.0,375.0,6.941224820353319
187238,0,unclassified,16,621.21,490.0,5.566521140889752
187238,0,unclassified,17,702.71,580.0,4.845412035158545
187238,0,unclassified,18,718.0,685.0,1.2459485304602078
187238,0,unclassified,19,596.0,390.0,9.277773391687527
187238,0,unclassified,20,436.86,340.0,4.914598936043508
187238,0,unclassified,21,257.3,195.0,4.142759774016997
187238,0,unclassified,22,190.97,135.0,4.384110466097881
187238,0,unclassified,23,168.47,185.0,1.2434020282442482
187239,0,unclassified,0,125.29,0.0,15.829718885690927
187239,0,unclassified,1,7.68,0.0,3.919183588453085
187239,0,unclassified,2,0.0,0.0,
187239,0,unclassified,3,1.0,5.0,2.309401076758503
187239,0,unclassified,4,2.69,15.0,4.139130643901078
187239,0,unclassified,5,18.29,10.0,2.2042104380030882
187239,0,unclassified,6,173.47,105.0,5.802646558076902
187239,0,unclassified,7,497.54,505.0,0.3331984485804412
187239,0,unclassified,8,768.14,805.0,1.31427619497433
187239,0,unclassified,9,547.43,485.0,2.7477551147308796
187239,0,unclassified,10,474.31,300.0,8.85890137309627
187239,0,unclassified,11,476.49,465.0,0.5295746291420991
187239,0,unclassified,12,569.26,665.0,3.853941283431286
187239,0,unclassified,13,459.72,525.0,2.9419735525849275
187239,0,unclassified,14,497.63,470.0,1.2561491836876928
187239,0,unclassified,15,522.0,540.0,0.7811334658849433
187239,0,unclassified,16,621.21,535.0,3.585537609741946
187239,0,unclassified,17,702.71,465.0,9.837731158480675
187239,0,unclassified,18,718.0,470.0,10.175563254291506
187239,0,unclassified,19,596.0,395.0,9.029718843995893
187239,0,unclassified,20,436.86,245.0,10.390868073687978
187239,0,unclassified,21,257.3,125.0,9.569135251618713
187239,0,unclassified,22,190.97,300.0,6.95878681478615
187239,0,unclassified,23,168.47,275.0,7.15409663121065
187240,0,unclassified,0,168.02,0.0,18.331393836803574
187240,0,unclassified,1,118.46,0.0,15.392205819829723
187240,0,unclassified,2,17.14,0.0,5.854912467321779
187240,0,unclassified,3,1.33,0.0,1.6309506430300091
187240,0,unclassified,4,1.16,5.0,2.1880430680250487
187240,0,unclassified,5,21.33,15.0,1.485203653594584
187240,0,unclassified,6,131.53,115.0,1.488856919105012
187240,0,unclassified,7,337.66,445.0,5.426127814266372
187240,0,unclassified,8,666.71,900.0,8.335215127532269
187240,0,unclassified,9,576.57,660.0,3.355273203368803
187240,0,unclassified,10,447.96,525.0,3.4928809125936335
187240,0,unclassified,11,502.75,520.0,0.7628152261040944
187240,0,unclassified,12,548.17,685.0,5.510421873463577
187240,0,unclassified,13,509.86,505.0,0.2157487058807868
187240,0,unclassified,14,571.52,540.0,1.3370343528882205
187240,0,unclassified,15,613.37,490.0,5.252474791930136
187240,0,unclassified,16,702.14,675.0,1.0342744462336926
187240,0,unclassified,17,794.29,755.0,1.4116618164532313
187240,0,unclassified,18,726.57,875.0,5.245220171415874
187240,0,unclassified,19,594.57,510.0,3.598609371360388
187240,0,unclassified,20,383.94,385.0,0.054059825116748735
187240,0,unclassified,21,208.93,225.0,1.090990669583031
187240,0,unclassified,22,168.14,200.0,2.3483037158165527
187240,0,unclassified,23,182.91,300.0,7.535320075657319
187244,0,unclassified,0,167.19,0.0,18.28606026458406
187244,0,unclassified,1,113.53,0.0,15.068510211696443
187244,0,unclassified,2,51.11,0.0,10.110390694725895
187244,0,unclassified,3,5.42,0.0,3.2924155266308657
187244,0,unclassified,4,2.86,0.0,2.3916521486202797
187244,0,unclassified,5,21.18,15.0,1.4530119686687124
187244,0,unclassified,6,121.04,95.0,2.5054681912266736
187244,0,unclassified,7,345.09,370.0,1.3173718314968017
187244,0,unclassified,8,710.29,700.0,0.38750397279556525
187244,0,unclassified,9,576.71,470.0,4.664519694325718
187244,0,unclassified,10,436.71,385.0,2.551116252104094
187244,0,unclassified,11,497.09,390.0,5.084872580669142
187244,0,unclassified,12,561.05,510.0,2.2060018457828625
187244,0,unclassified,13,534.01,395.0,6.449868298485121
187244,0,unclassified,14,574.5,395.0,8.152776636836652
187244,0,unclassified,15,590.16,375.0,9.794378340251516
187244,0,unclassified,16,691.14,510.0,7.391499404702862
187244,0,unclassified,17,764.43,565.0,7.7352214164452375
187244,0,unclassified,18,707.57,685.0,0.8553385369107823
187244,0,unclassified,19,591.14,395.0,8.833074253201385
187244,0,unclassified,20,397.19,350.0,2.4414590801558567
187244,0,unclassified,21,213.92,195.0,1.3231739857097262
187244,0,unclassified,22,165.52,145.0,1.6468254332112258
187244,0,unclassified,23,191.94,185.0,0.5055200149236492
187697,0,unclassified,0,325.0,0.0,25.495097567963924
187697,0,unclassified,1,228.21,0.0,21.363988391683797
187697,0,unclassified,2,123.43,0.0,15.711779020849294
187697,0,unclassified,3,54.12,0.0,10.403845442911962
187697,0,unclassified,4,95.56,15.0,10.835162782928622
187697,0,unclassified,5,203.48,0.0,20.173249614278806
187697,0,unclassified,6,490.29,190.0,16.282040259035096
187697,0,unclassified,7,1148.47,1080.0,2.051218523456929
187697,0,unclassified,8,1290.57,1050.0,7.032271814330989
187697,0,unclassified,9,1227.14,1175.0,1.5044815532058429
187697,0,unclassified,10,1403.46,1275.0,3.5102684687306276
187697,0,unclassified,11,1633.01,1185.0,11.935247815535226
187697,0,unclassified,12,1906.78,1320.0,14.608499915876944
187697,0,unclassified,13,1713.47,760.0,27.112446442720447
187697,0,unclassified,14,1729.25,1175.0,14.544664256293851
187697,0,unclassified,15,1753.62,1065.0,18.343253385378553
187697,0,unclassified,16,2094.33,1635.0,10.637128400813445
187697,0,unclassified,17,2221.5,1770.0,10.106590881989773
187697,0,unclassified,18,2105.0,1410.0,16.578190955672188
187697,0,unclassified,19,1933.33,840.0,29.360637965876954
187697,0,unclassified,20,1486.44,630.0,26.32745991228354
187697,0,unclassified,21,917.98,535.0,14.20892672003849
187697,0,unclassified,22,571.55,305.0,12.732255282074274
187697,0,unclassified,23,422.63,355.0,3.429792780629945
187698,0,unclassified,0,235.17,0.0,21.68732348631338
187698,0,unclassified,1,164.05,0.0,18.11353085403285
187698,0,unclassified,2,123.27,0.0,15.7015922759445
187698,0,unclassified,3,109.67,20.0,11.136338215160592
187698,0,unclassified,4,130.61,35.0,10.506910610711726
187698,0,unclassified,5,164.0,15.0,15.74978939293436
187698,0,unclassified,6,413.78,325.0,4.619261764858187
187698,0,unclassified,7,1383.67,1375.0,0.2334448079856349
187698,0,unclassified,8,1900.17,2020.0,2.7066251111895787
187698,0,unclassified,9,1842.5,1945.0,2.355388457447847
187698,0,unclassified,10,1631.83,1590.0,1.0422011591337779
187698,0,unclassified,11,1635.0,1115.0,14.023357139235435
187698,0,unclassified,12,1954.75,1105.0,21.72517079335604
187698,0,unclassified,13,1743.32,1120.0,16.47369861879089
187698,0,unclassified,14,1913.05,1355.0,13.805233736219414
187698,0,unclassified,15,1956.15,1220.0,18.47271848802356
187698,0,unclassified,16,2033.33,1330.0,17.150998130282453
187698,0,unclassified,17,2065.0,1265.0,19.605723255834874
187698,0,unclassified,18,2012.83,1155.0,21.554368055466465
187698,0,unclassified,19,1727.0,1270.0,11.805593534650091
187698,0,unclassified,20,1377.94,1315.0,1.7152538302231284
187698,0,unclassified,21,727.56,655.0,2.7597534058757676
187698,0,unclassified,22,377.33,465.0,4.271937302440274
187698,0,unclassified,23,396.83,885.0,19.282834276750677
188217,0,unclassified,0,151.5,0.0,17.406895185529212
188217,0,unclassified,1,71.43,0.0,11.952405615607262
188217,0,unclassified,2,14.78,0.0,5.436910887627275
188217,0,unclassified,3,3.0,5.0,1.0
188217,0,unclassified,4,107.83,5.0,13.69060182077522
188217,0,unclassified,5,174.57,0.0,18.685288330662708
188217,0,unclassified,6,284.96,70.0,16.13551916081837
188217,0,unclassified,7,650.61,315.0,15.273867305384215
188217,0,unclassified,8,758.71,615.0,5.483457191528652
188217,0,unclassified,9,629.71,430.0,8.676034957508787
188217,0,unclassified,10,622.17,485.0,5.829978882889687
188217,0,unclassified,11,647.06,555.0,3.755112006282208
188217,0,unclassified,12,679.26,505.0,7.161255638604844
188217,0,unclassified,13,581.52,465.0,5.0937978705270615
188217,0,unclassified,14,669.2,500.0,6.997951902127894
188217,0,unclassified,15,646.26,505.0,5.8877246597879545
188217,0,unclassified,16,702.57,535.0,6.736376947021207
188217,0,unclassified,17,690.71,470.0,9.161680567982645
188217,0,unclassified,18,626.0,330.0,13.538724870891908
188217,0,unclassified,19,561.14,250.0,15.449802639762552
188217,0,unclassified,20,460.29,185.0,15.32596982518428
188217,0,unclassified,21,299.2,180.0,7.700746879632755
188217,0,unclassified,22,236.67,140.0,7.044111154099583
188217,0,unclassified,23,223.61,185.0,2.7012221604359667
188219,0,unclassified,0,121.59,0.0,15.594229702040433
188219,0,unclassified,1,102.93,0.0,14.347822134386808
188219,0,unclassified,2,34.74,0.0,8.335466393669883
188219,0,unclassified,3,47.74,5.0,8.322991535050928
188219,0,unclassified,4,71.83,5.0,10.782539117075887
188219,0,unclassified,5,118.06,0.0,15.36619666670969
188219,0,unclassified,6,168.19,70.0,8.997471830978911
188219,0,unclassified,7,304.66,320.0,0.8679975693286897
188219,0,unclassified,8,433.43,590.0,6.921408432354828
188219,0,unclassified,9,410.79,420.0,0.451886115785963
188219,0,unclassified,10,446.54,465.0,0.8646867995373076
188219,0,unclassified,11,456.18,540.0,3.7557246553178874
188219,0,unclassified,12,449.81,520.0,3.1874759106442676
188219,0,unclassified,13,431.77,470.0,1.8004099494604546
188219,0,unclassified,14,541.94,495.0,2.061490174635809
188219,0,unclassified,15,532.0,465.0,3.0008357244500083
188219,0,unclassified,16,585.86,560.0,1.0803829922672228
188219,0,unclassified,17,627.71,415.0,9.315821021008857
188219,0,unclassified,18,546.14,365.0,8.486660025006973
188219,0,unclassified,19,357.43,240.0,6.794391147635719
188219,0,unclassified,20,246.42,165.0,5.6767974136480825
188219,0,unclassified,21,167.5,160.0,0.5860984988734227
188219,0,unclassified,22,146.6,130.0,1.411552377947955
188219,0,unclassified,23,161.8,170.0,0.6366352175627012
188220,0,unclassified,0,121.59,0.0,15.594229702040433
188220,0,unclassified,1,102.93,0.0,14.347822134386808
188220,0,unclassified,2,34.74,0.0,8.335466393669883
188220,0,unclassified,3,47.74,10.0,7.023902976543757
188220,0,unclassified,4,71.83,0.0,11.9858249611781
188220,0,unclassified,5,118.06,5.0,14.413369608395772
188220,0,unclassified,6,168.19,75.0,8.451065217484066
188220,0,unclassified,7,304.66,380.0,4.071956555894049
188220,0,unclassified,8,433.43,395.0,1.8882412178033992
188220,0,unclassified,9,410.79,590.0,8.011350986054026
188220,0,unclassified,10,446.54,530.0,3.7770119567294405
188220,0,unclassified,11,456.18,550.0,4.182852845369678
188220,0,unclassified,12,449.81,510.0,2.7475569684657364
188220,0,unclassified,13,431.77,300.0,6.888810580988473
188220,0,unclassified,14,541.94,450.0,4.128352718349887
188220,0,unclassified,15,532.0,405.0,5.86744359526787
188220,0,unclassified,16,585.86,555.0,1.292095883369829
188220,0,unclassified,17,627.71,550.0,3.20237897258475
188220,0,unclassified,18,546.14,605.0,2.4534159425518345
188220,0,unclassified,19,357.43,295.0,3.4565382846694095
188220,0,unclassified,20,246.42,245.0,0.09058930513608279
188220,0,unclassified,21,167.5,165.0,0.19389168358237033
188220,0,unclassified,22,146.6,115.0,2.7630147962915417
188220,0,unclassified,23,161.8,200.0,2.8401683239461617
190378,0,unclassified,0,48.95,0.0,9.894442884771228
190378,0,unclassified,1,1.92,0.0,1.9595917942265424
190378,0,unclassified,2,0.0,0.0,
190378,0,unclassified,3,0.0,5.0,3.1622776601683795
190378,0,unclassified,4,0.0,0.0,
190378,0,unclassified,5,2.96,5.0,1.0225596025188544
190378,0,unclassified,6,71.84,70.0,0.21849095329625665
190378,0,unclassified,7,251.65,195.0,3.790803237595387
190378,0,unclassified,8,422.14,350.0,3.6714964293909693
190378,0,unclassified,9,245.29,280.0,2.1417562598576834
190378,0,unclassified,10,208.99,225.0,1.0868421388116356
190378,0,unclassified,11,226.51,205.0,1.464400862067167
190378,0,unclassified,12,270.92,225.0,2.916158099448242
190378,0,unclassified,13,238.36,225.0,0.8777325131501541
190378,0,unclassified,14,252.68,195.0,3.8552842415668613
190378,0,unclassified,15,255.53,200.0,3.6794607915972133
190378,0,unclassified,16,354.43,265.0,5.081619126366109
190378,0,unclassified,17,448.14,265.0,9.698639332517898
190378,0,unclassified,18,388.14,360.0,1.4549486077242633
190378,0,unclassified,19,297.7,280.0,1.0414467773222045
190378,0,unclassified,20,219.39,210.0,0.6408474006371356
190378,0,unclassified,21,150.24,95.0,4.988534889702961
190378,0,unclassified,22,112.69,90.0,2.2538931952285486
190378,0,unclassified,23,117.19,55.0,6.70241926966959
190379,0,unclassified,0,48.95,0.0,9.894442884771228
190379,0,unclassified,1,1.92,0.0,1.9595917942265424
190379,0,unclassified,2,0.0,0.0,
190379,0,unclassified,3,0.0,5.0,3.1622776601683795
190379,0,unclassified,4,0.0,0.0,
190379,0,unclassified,5,2.96,15.0,4.017800038481319
190379,0,unclassified,6,71.84,70.0,0.21849095329625665
190379,0,unclassified,7,251.65,145.0,7.573072740465638
190379,0,unclassified,8,422.14,165.0,15.007688370379835
190379,0,unclassified,9,245.29,170.0,5.2248828599860015
190379,0,unclassified,10,208.99,180.0,2.078710428283388
190379,0,unclassified,11,226.51,140.0,6.39055233100002
190379,0,unclassified,12,270.92,160.0,7.556601726185824
190379,0,unclassified,13,238.36,135.0,7.56490719506445
190379,0,unclassified,14,252.68,125.0,9.291287061059203
190379,0,unclassified,15,255.53,120.0,9.89072478483584
190379,0,unclassified,16,354.43,170.0,11.389451257484211
190379,0,unclassified,17,448.14,195.0,14.116369348073485
190379,0,unclassified,18,388.14,160.0,13.780681243650324
190379,0,unclassified,19,297.7,140.0,10.660029777822487
190379,0,unclassified,20,219.39,115.0,8.073228687583967
190379,0,unclassified,21,150.24,30.0,12.665967696275292
190379,0,unclassified,22,112.69,30.0,9.789741420148738
190379,0,unclassified,23,117.19,100.0,1.6495708058883707
192678,0,unclassified,0,63.82,0.0,11.29778739399888
192678,0,unclassified,1,30.53,0.0,7.814089838234521
192678,0,unclassified,2,10.49,0.0,4.580392996239515
192678,0,unclassified,3,4.77,0.0,3.0886890422961
192678,0,unclassified,4,14.46,5.0,3.032736766005382
192678,0,unclassified,5,35.94,10.0,5.412394875165632
192678,0,unclassified,6,98.15,70.0,3.0700465543654
192678,0,unclassified,7,268.11,195.0,4.804516644830312
192678,0,unclassified,8,410.36,265.0,7.91028707153755
192678,0,unclassified,9,295.71,310.0,0.8211355500084486
192678,0,unclassified,10,285.9,320.0,1.9591554677689391
192678,0,unclassified,11,295.39,435.0,7.305570155937941
192678,0,unclassified,12,343.31,490.0,7.186413617872216
192678,0,unclassified,13,326.84,290.0,2.0977240392547785
192678,0,unclassified,14,351.63,360.0,0.4437244213295335
192678,0,unclassified,15,346.53,335.0,0.6245997647374469
192678,0,unclassified,16,427.39,355.0,3.6600071093568163
192678,0,unclassified,17,573.86,400.0,7.878914888309316
192678,0,unclassified,18,528.0,470.0,2.5964365900079023
192678,0,unclassified,19,371.14,380.0,0.4571811069243608
192678,0,unclassified,20,272.04,250.0,1.3641894843456677
192678,0,unclassified,21,152.66,210.0,4.25816864633052
192678,0,unclassified,22,120.34,235.0,8.602107909281175
192678,0,unclassified,23,130.77,235.0,7.70732538833769
192679,0,unclassified,0,63.82,0.0,11.29778739399888
192679,0,unclassified,1,30.53,0.0,7.814089838234521
192679,0,unclassified,2,10.49,0.0,4.580392996239515
192679,0,unclassified,3,4.77,0.0,3.0886890422961
192679,0,unclassified,4,14.46,10.0,1.2753272230123285
192679,0,unclassified,5,35.94,10.0,5.412394875165632
192679,0,unclassified,6,98.15,100.0,0.1858616070277668
192679,0,unclassified,7,268.11,220.0,3.0795800825218604
192679,0,unclassified,8,410.36,260.0,8.212838233906474
192679,0,unclassified,9,295.71,335.0,2.212494339279656
192679,0,unclassified,10,285.9,295.0,0.5339562839173188
192679,0,unclassified,11,295.39,310.0,0.8397453203457986
192679,0,unclassified,12,343.31,260.0,4.796692413468853
192679,0,unclassified,13,326.84,245.0,4.839977616064634
192679,0,unclassified,14,351.63,265.0,4.933680109478965
192679,0,unclassified,15,346.53,335.0,0.6245997647374469
192679,0,unclassified,16,427.39,290.0,7.2542490592458035
192679,0,unclassified,17,573.86,320.0,12.00810625001431
192679,0,unclassified,18,528.0,340.0,9.024288781861603
192679,0,unclassified,19,371.14,290.0,4.462757458372167
192679,0,unclassified,20,272.04,160.0,7.623003501935402
192679,0,unclassified,21,152.66,120.0,2.797180313643438
192679,0,unclassified,22,120.34,100.0,1.9378460581305872
192679,0,unclassified,23,130.77,120.0,0.9618180237211593
192800,0,unclassified,0,244.7,0.0,22.122386851332294
192800,0,unclassified,1,198.13,0.0,19.906280415989322
192800,0,unclassified,2,122.86,0.0,15.67545852598896
192800,0,unclassified,3,37.24,10.0,5.604890812146841
192800,0,unclassified,4,67.86,10.0,9.273340945904998
192800,0,unclassified,5,100.93,0.0,14.207744367069672
192800,0,unclassified,6,241.54,150.0,6.542411215011513
192800,0,unclassified,7,696.19,745.0,1.8182901474626743
192800,0,unclassified,8,1216.0,1170.0,1.3317957046133193
192800,0,unclassified,9,901.14,1085.0,5.834415100848864
192800,0,unclassified,10,695.89,1135.0,14.513000127007086
192800,0,unclassified,11,754.82,1090.0,11.036111900219995
192800,0,unclassified,12,835.09,1210.0,11.724269959379857
192800,0,unclassified,13,796.92,1090.0,9.54167097758097
192800,0,unclassified,14,897.72,945.0,1.5576245765388628
192800,0,unclassified,15,877.16,885.0,0.26412431949608867
192800,0,unclassified,16,1015.21,1080.0,2.0017470569755664
192800,0,unclassified,17,1041.0,1245.0,6.034024264029574
192800,0,unclassified,18,941.86,1180.0,7.3112053852551915
192800,0,unclassified,19,816.0,1145.0,10.506839519834854
192800,0,unclassified,20,627.0,1120.0,16.680745818255073
192800,0,unclassified,21,392.61,975.0,22.271413087623344
192800,0,unclassified,22,309.86,870.0,23.061966980748586
192800,0,unclassified,23,303.17,385.0,4.411432932131961
193015,0,unclassified,0,249.32,0.0,22.33024854317569
193015,0,unclassified,1,212.94,0.0,20.636860226303806
193015,0,unclassified,2,80.0,0.0,12.649110640673518
193015,0,unclassified,3,0.0,5.0,3.1622776601683795
193015,0,unclassified,4,2.5,0.0,2.23606797749979
193015,0,unclassified,5,54.48,0.0,10.43839068055991
193015,0,unclassified,6,184.12,5.0,18.42003066259199
193015,0,unclassified,7,459.43,70.0,23.935369103327737
193015,0,unclassified,8,706.0,280.0,19.186075072130517
193015,0,unclassified,9,631.71,355.0,12.457907082474014
193015,0,unclassified,10,653.89,200.0,21.966691388824433
193015,0,unclassified,11,632.39,200.0,21.19469699298546
193015,0,unclassified,12,612.71,110.0,26.44542130515907
193015,0,unclassified,13,574.41,120.0,24.386804391984843
193015,0,unclassified,14,662.99,90.0,29.530271244040584
193015,0,unclassified,15,657.5,75.0,30.43736925391181
193015,0,unclassified,16,682.0,50.0,33.03516920452481
193015,0,unclassified,17,721.57,65.0,33.10757288108887
193015,0,unclassified,18,667.0,150.0,25.57964498295667
193015,0,unclassified,19,617.0,105.0,26.94736842105263
193015,0,unclassified,20,593.43,35.0,31.503244560440468
193015,0,unclassified,21,416.02,20.0,26.82124368639027
193015,0,unclassified,22,313.92,10.0,23.88115879969399
193015,0,unclassified,23,320.65,10.0,24.160287183478275
193172,0,unclassified,0,222.08,0.0,21.075103795711186
193172,0,unclassified,1,92.94,0.0,13.633781573723411
193172,0,unclassified,2,8.24,0.0,4.059556626036888
193172,0,unclassified,3,0.0,15.0,5.477225575051661
193172,0,unclassified,4,2.96,15.0,4.017800038481319
193172,0,unclassified,5,34.74,0.0,8.335466393669883
193172,0,unclassified,6,189.71,285.0,6.185120065373312
193172,0,unclassified,7,555.63,855.0,11.272408461859284
193172,0,unclassified,8,894.29,790.0,3.593761321582778
193172,0,unclassified,9,561.61,720.0,6.256980664792166
193172,0,unclassified,10,460.39,700.0,9.94759162995201
193172,0,unclassified,11,500.56,680.0,7.385675565878189
193172,0,unclassified,12,612.71,765.0,5.80239752427466
193172,0,unclassified,13,513.24,540.0,1.1661044018023974
193172,0,unclassified,14,552.35,660.0,4.372351050134591
193172,0,unclassified,15,557.32,630.0,2.9829503499867585
193172,0,unclassified,16,672.93,600.0,2.890806019909599
193172,0,unclassified,17,726.14,670.0,2.1248237947066184
193172,0,unclassified,18,674.0,600.0,2.9319867514762112
193172,0,unclassified,19,563.14,510.0,2.2940789314592087
193172,0,unclassified,20,481.63,470.0,0.5331637946013703
193172,0,unclassified,21,288.69,370.0,4.480416870026052
193172,0,unclassified,22,245.27,270.0,1.5407127811528663
193172,0,unclassified,23,229.13,175.0,3.8079608919282832
193434,0,unclassified,0,8.0,0.0,4.0
193434,0,unclassified,1,10.0,0.0,4.47213595499958
193434,0,unclassified,2,0.0,0.0,
193434,0,unclassified,3,0.0,0.0,
193434,0,unclassified,4,0.0,0.0,
193434,0,unclassified,5,0.0,0.0,
193434,0,unclassified,6,8.0,0.0,4.0
193434,0,unclassified,7,123.33,145.0,1.8708514024367697
193434,0,unclassified,8,121.18,270.0,10.641135585663882
193434,0,unclassified,9,78.33,120.0,4.184506938813722
193434,0,unclassified,10,48.33,80.0,3.9536567699528025
193434,0,unclassified,11,55.38,95.0,4.569139617040096
193434,0,unclassified,12,76.92,150.0,6.860837751973925
193434,0,unclassified,13,67.58,205.0,11.771124372488355
193434,0,unclassified,14,67.27,125.0,5.8879049733581095
193434,0,unclassified,15,70.77,115.0,4.5892756788986455
193434,0,unclassified,16,90.53,185.0,8.04867640576581
193434,0,unclassified,17,138.0,195.0,4.4174102722651325
193434,0,unclassified,18,160.0,270.0,7.5019377341752085
193434,0,unclassified,19,394.0,315.0,4.195840508652343
193434,0,unclassified,20,330.0,140.0,12.394233388015403
193434,0,unclassified,21,73.85,80.0,0.7011991215017322
193434,0,unclassified,22,54.55,70.0,1.9578148380744964
193434,0,unclassified,23,35.0,85.0,6.454972243679028
193437,0,unclassified,0,198.75,0.0,19.937402037376884
193437,0,unclassified,1,103.53,0.0,14.389579563003222
193437,0,unclassified,2,0.0,0.0,
193437,0,unclassified,3,0.0,0.0,
193437,0,unclassified,4,0.0,0.0,
193437,0,unclassified,5,4.55,0.0,3.0166206257996713
193437,0,unclassified,6,131.3,0.0,16.20493751916372
193437,0,unclassified,7,296.44,115.0,12.650123906249952
193437,0,unclassified,8,456.33,150.0,17.59340905439483
193437,0,unclassified,9,355.67,75.0,19.126639938925152
193437,0,unclassified,10,338.17,70.0,18.77174513374147
193437,0,unclassified,11,342.86,75.0,18.531367228018638
193437,0,unclassified,12,417.38,130.0,17.371090210764738
193437,0,unclassified,13,360.82,150.0,13.191459864880143
193437,0,unclassified,14,402.45,85.0,20.33411577207696
193437,0,unclassified,15,399.43,100.0,18.948419674825594
193437,0,unclassified,16,487.5,145.0,19.259513331207014
193437,0,unclassified,17,558.0,140.0,22.37502701251751
193437,0,unclassified,18,553.17,175.0,19.819179917632702
193437,0,unclassified,19,430.33,235.0,10.709406282458433
193437,0,unclassified,20,348.17,90.0,17.44212733879254
193437,0,unclassified,21,241.53,50.0,15.863907912182869
193437,0,unclassified,22,172.73,55.0,11.032959368222528
193437,0,unclassified,23,196.67,40.0,14.40221320837051
193836,0,unclassified,0,141.0,0.0,16.792855623746664
193836,0,unclassified,1,41.76,0.0,9.13892772703669
193836,0,unclassified,2,15.17,0.0,5.508175741568165
193836,0,unclassified,3,4.68,0.0,3.059411708155671
193836,0,unclassified,4,4.67,0.0,3.056141357987225
193836,0,unclassified,5,0.0,0.0,
193836,0,unclassified,6,78.33,20.0,8.31886266565542
193836,0,unclassified,7,479.07,175.0,16.81420960362441
193836,0,unclassified,8,702.43,245.0,21.016775034805924
193836,0,unclassified,9,703.0,440.0,11.00139178342238
193836,0,unclassified,10,846.71,455.0,15.354035346638252
193836,0,unclassified,11,957.52,400.0,21.39943618270057
193836,0,unclassified,12,1068.3,345.0,27.209231985542115
193836,0,unclassified,13,1036.99,205.0,33.38674304372503
193836,0,unclassified,14,975.93,270.0,28.283282726201424
193836,0,unclassified,15,996.33,215.0,31.748138123519244
193836,0,unclassified,16,1041.83,395.0,24.132507983625064
193836,0,unclassified,17,1061.5,450.0,22.24371814744165
193836,0,unclassified,18,1097.83,335.0,28.500037348464243
193836,0,unclassified,19,1041.0,170.0,35.39656194961616
193836,0,unclassified,20,840.89,105.0,33.838225645062444
193836,0,unclassified,21,549.44,115.0,23.83509669220268
193836,0,unclassified,22,336.9,80.0,17.793572595563834
193836,0,unclassified,23,184.44,55.0,11.830011047186105
194803,0,unclassified,0,177.6,0.0,18.846750383023593
194803,0,unclassified,1,121.88,0.0,15.612815249018993
194803,0,unclassified,2,40.0,0.0,8.94427190999916
194803,0,unclassified,3,6.67,15.0,2.5306410211346773
194803,0,unclassified,4,19.17,30.0,2.184204765491572
194803,0,unclassified,5,111.08,15.0,12.101101179074277
194803,0,unclassified,6,218.08,310.0,5.656856391915186
194803,0,unclassified,7,838.46,1120.0,8.997000636025044
194803,0,unclassified,8,1200.43,1370.0,4.729999854130571
194803,0,unclassified,9,941.9,1570.0,17.72321958451065
194803,0,unclassified,10,835.67,1245.0,12.690740700509014
194803,0,unclassified,11,817.84,1215.0,12.457442779340353
194803,0,unclassified,12,936.39,1250.0,9.485081876566447
194803,0,unclassified,13,806.81,885.0,2.6883785223087604
194803,0,unclassified,14,894.84,1175.0,8.708688143381899
194803,0,unclassified,15,852.45,1220.0,11.41798305484382
194803,0,unclassified,16,940.0,1130.0,5.905863785521987
194803,0,unclassified,17,966.29,1430.0,13.396513059150166
194803,0,unclassified,18,988.57,1230.0,7.24885919954018
194803,0,unclassified,19,977.14,1095.0,3.6616083301504525
194803,0,unclassified,20,828.71,615.0,7.954261413836216
194803,0,unclassified,21,490.29,525.0,1.5405455973528555
194803,0,unclassified,22,318.55,630.0,14.301224322812754
194803,0,unclassified,23,298.41,655.0,16.332185589529516
195529,0,unclassified,0,133.45,0.0,16.337074401495514
195529,0,unclassified,1,57.07,0.0,10.68363234110946
195529,0,unclassified,2,4.08,0.0,2.85657137141714
195529,0,unclassified,3,11.62,5.0,2.296452556480028
195529,0,unclassified,4,0.55,10.0,4.114533252539821
195529,0,unclassified,5,5.33,5.0,0.1452040657707632
195529,0,unclassified,6,155.67,125.0,2.5889924055488445
195529,0,unclassified,7,410.58,575.0,7.4066820301668335
195529,0,unclassified,8,563.29,635.0,2.929636601149152
195529,0,unclassified,9,439.43,745.0,12.556569724361076
195529,0,unclassified,10,418.89,590.0,7.618482607795951
195529,0,unclassified,11,471.54,670.0,8.306965712307088
195529,0,unclassified,12,581.9,620.0,1.5541960680969535
195529,0,unclassified,13,473.22,505.0,1.436979662980171
195529,0,unclassified,14,515.27,615.0,4.195171470628244
195529,0,unclassified,15,549.29,700.0,6.03011279528534
195529,0,unclassified,16,646.5,515.0,5.456713392726972
195529,0,unclassified,17,592.29,415.0,7.899906962501648
195529,0,unclassified,18,606.11,335.0,12.497994832318494
195529,0,unclassified,19,631.29,400.0,10.185478834799286
195529,0,unclassified,20,450.38,315.0,6.920396101546842
195529,0,unclassified,21,245.72,240.0,0.3670439191345687
195529,0,unclassified,22,177.54,310.0,8.483882051648514
195529,0,unclassified,23,170.96,190.0,1.4172693753374839
196685,0,unclassified,0,105.06,0.0,14.495516548229663
196685,0,unclassified,1,32.22,0.0,8.027452896155792
196685,0,unclassified,2,7.14,0.0,3.778888725538237
196685,0,unclassified,3,0.48,0.0,0.9797958971132712
196685,0,unclassified,4,4.0,5.0,0.4714045207910317
196685,0,unclassified,5,23.14,10.0,3.2280043478914395
196685,0,unclassified,6,147.05,120.0,2.340916787522301
196685,0,unclassified,7,436.41,410.0,1.2837870963393625
196685,0,unclassified,8,666.43,940.0,9.652783492552139
196685,0,unclassified,9,491.14,570.0,3.4236189984811447
196685,0,unclassified,10,439.81,500.0,2.7766383024452916
196685,0,unclassified,11,438.27,540.0,4.599754729083575
196685,0,unclassified,12,529.21,645.0,4.778737383449525
196685,0,unclassified,13,410.39,485.0,3.5261916927167176
196685,0,unclassified,14,443.72,530.0,3.910282092484493
196685,0,unclassified,15,480.81,460.0,0.9594804178124089
196685,0,unclassified,16,548.64,680.0,5.299877267386047
196685,0,unclassified,17,605.86,725.0,4.618558059688279
196685,0,unclassified,18,618.57,810.0,7.162658316831408
196685,0,unclassified,19,533.86,505.0,1.2662889358972653
196685,0,unclassified,20,383.34,365.0,0.9481233653489236
196685,0,unclassified,21,221.92,205.0,1.1580894523360894
196685,0,unclassified,22,156.25,190.0,2.565038475865709
196685,0,unclassified,23,145.69,270.0,8.62256100591099
196686,0,unclassified,0,105.06,0.0,14.495516548229663
196686,0,unclassified,1,32.22,0.0,8.027452896155792
196686,0,unclassified,2,7.14,0.0,3.778888725538237
196686,0,unclassified,3,0.48,5.0,2.7306318618523995
196686,0,unclassified,4,4.0,15.0,3.5688712648767758
196686,0,unclassified,5,23.14,10.0,3.2280043478914395
196686,0,unclassified,6,147.05,140.0,0.5884713708064658
196686,0,unclassified,7,436.41,515.0,3.603283480806636
196686,0,unclassified,8,666.43,805.0,5.108747187513242
196686,0,unclassified,9,491.14,470.0,0.9643321697939792
196686,0,unclassified,10,439.81,305.0,6.985771194435099
196686,0,unclassified,11,438.27,535.0,4.3848982194477575
196686,0,unclassified,12,529.21,815.0,11.023727401352447
196686,0,unclassified,13,410.39,645.0,10.213039931047406
196686,0,unclassified,14,443.72,595.0,6.6381531330535095
196686,0,unclassified,15,480.81,680.0,8.268028387457585
196686,0,unclassified,16,548.64,625.0,3.1521978334078824
196686,0,unclassified,17,605.86,615.0,0.369937418083338
196686,0,unclassified,18,618.57,430.0,8.235479392342047
196686,0,unclassified,19,533.86,415.0,5.456945975996661
196686,0,unclassified,20,383.34,300.0,4.508686847650291
196686,0,unclassified,21,221.92,165.0,4.092317300887149
196686,0,unclassified,22,156.25,360.0,12.681849148323098
196686,0,unclassified,23,145.69,395.0,15.162839146658582
19793,0,unclassified,0,375.91,0.0,27.419336242877947
19793,0,unclassified,1,242.44,0.0,22.019990917345993
19793,0,unclassified,2,124.95,0.0,15.8082257068907
19793,0,unclassified,3,56.47,0.0,10.627323275406653
19793,0,unclassified,4,58.03,20.0,6.0885029358198866
19793,0,unclassified,5,188.6,25.0,15.830610844195954
19793,0,unclassified,6,387.7,75.0,20.558580714068636
19793,0,unclassified,7,1088.52,545.0,19.01815135093554
19793,0,unclassified,8,1425.0,695.0,22.421771764439217
19793,0,unclassified,9,1305.14,710.0,18.749147539600166
19793,0,unclassified,10,1199.45,765.0,13.862268601260725
19793,0,unclassified,11,1268.8,810.0,14.230889713970216
19793,0,unclassified,12,1326.14,800.0,16.13691046073372
19793,0,unclassified,13,1204.51,820.0,12.085445764155892
19793,0,unclassified,14,1414.39,800.0,18.464267376443065
19793,0,unclassified,15,1423.5,825.0,17.849773376892053
19793,0,unclassified,16,1480.21,805.0,19.975184785856047
19793,0,unclassified,17,1438.0,730.0,21.50396856876986
19793,0,unclassified,18,1435.57,765.0,20.215827534393426
19793,0,unclassified,19,1284.14,790.0,15.344260934995209
19793,0,unclassified,20,1021.95,760.0,8.775778308081613
19793,0,unclassified,21,675.86,720.0,1.6708074210208947
19793,0,unclassified,22,515.14,415.0,4.643531802148657
19793,0,unclassified,23,541.58,220.0,16.479584722430232
19796,0,unclassified,0,368.12,0.0,27.133742830652757
19796,0,unclassified,1,275.36,0.0,23.467424230196208
19796,0,unclassified,2,138.18,0.0,16.624078921853084
19796,0,unclassified,3,8.59,0.0,4.144876355212541
19796,0,unclassified,4,14.5,5.0,3.0424349222966556
19796,0,unclassified,5,171.37,10.0,16.945526630985995
19796,0,unclassified,6,401.16,120.0,17.417386725625303
19796,0,unclassified,7,1058.47,790.0,8.830891672741487
19796,0,unclassified,8,1412.86,870.0,16.068050978571875
19796,0,unclassified,9,1294.57,885.0,12.406741259232646
19796,0,unclassified,10,1199.61,850.0,10.921020656981723
19796,0,unclassified,11,1283.28,905.0,11.436073361206562
19796,0,unclassified,12,1318.43,880.0,13.223881243712453
19796,0,unclassified,13,1195.61,920.0,8.474072266927886
19796,0,unclassified,14,1403.4,905.0,14.670249453440299
19796,0,unclassified,15,1418.64,900.0,15.232260014881458
19796,0,unclassified,16,1471.93,900.0,16.607602495676606
19796,0,unclassified,17,1428.14,865.0,16.630912911659
19796,0,unclassified,18,1421.29,940.0,14.007065906284268
19796,0,unclassified,19,1293.0,575.0,23.493677677032416
19796,0,unclassified,20,1034.14,545.0,17.407558358653564
19796,0,unclassified,21,680.22,480.0,8.31289473378827
19796,0,unclassified,22,525.08,435.0,4.111399360267545
19796,0,unclassified,23,549.72,395.0,7.118850945481184
19797,0,unclassified,0,227.68,0.0,21.339165869358624
19797,0,unclassified,1,172.5,0.0,18.57417562100671
19797,0,unclassified,2,100.83,0.0,14.200704207890537
19797,0,unclassified,3,6.36,0.0,3.566510900025402
19797,0,unclassified,4,2.14,15.0,4.392892317955546
19797,0,unclassified,5,72.31,25.0,6.782490741589494
19797,0,unclassified,6,211.24,75.0,11.388183887374455
19797,0,unclassified,7,538.44,480.0,2.58974784875152
19797,0,unclassified,8,727.14,610.0,4.530350226096931
19797,0,unclassified,9,675.43,595.0,3.1912269886512346
19797,0,unclassified,10,627.57,625.0,0.10269448427739804
19797,0,unclassified,11,679.71,675.0,0.1809725628220052
19797,0,unclassified,12,648.74,715.0,2.5374683844307726
19797,0,unclassified,13,618.8,600.0,0.7615643823736515
19797,0,unclassified,14,731.8,720.0,0.4379692394343777
19797,0,unclassified,15,723.62,750.0,0.9718450690211924
19797,0,unclassified,16,723.36,740.0,0.6151665747720819
19797,0,unclassified,17,671.86,750.0,2.930623220315862
19797,0,unclassified,18,681.0,700.0,0.7230557089817446
19797,0,unclassified,19,624.43,715.0,3.4997687959377566
19797,0,unclassified,20,501.29,595.0,4.0025633040523285
19797,0,unclassified,21,315.07,600.0,13.320668396952764
19797,0,unclassified,22,255.37,375.0,6.7384084509991045
19797,0,unclassified,23,290.59,235.0,3.4291629678088853
19799,0,unclassified,0,156.52,0.0,17.692936443677176
19799,0,unclassified,1,91.03,0.0,13.492961127936299
19799,0,unclassified,2,27.09,0.0,7.3607064878311785
19799,0,unclassified,3,0.0,0.0,
19799,0,unclassified,4,10.91,15.0,1.1363303317809972
19799,0,unclassified,5,95.51,25.0,9.083519843786807
19799,0,unclassified,6,185.04,80.0,9.124603452634187
19799,0,unclassified,7,502.38,505.0,0.11673998333487728
19799,0,unclassified,8,654.43,580.0,2.9959170388149112
19799,0,unclassified,9,591.86,565.0,1.116813367851478
19799,0,unclassified,10,554.17,630.0,3.1163700839785844
19799,0,unclassified,11,577.77,675.0,3.88489791514611
19799,0,unclassified,12,632.43,715.0,3.1811502079849494
19799,0,unclassified,13,537.89,620.0,3.4125372318110943
19799,0,unclassified,14,648.7,725.0,2.9113444197395615
19799,0,unclassified,15,664.32,745.0,3.0393175637117262
19799,0,unclassified,16,702.14,725.0,0.8557717277057248
19799,0,unclassified,17,704.29,735.0,1.1447763804567823
19799,0,unclassified,18,705.14,670.0,1.3401187929506733
19799,0,unclassified,19,633.43,690.0,2.1991289156683984
19799,0,unclassified,20,515.95,595.0,3.354050640654744
19799,0,unclassified,21,354.22,600.0,11.252195787565617
19799,0,unclassified,22,260.6,370.0,6.161058558611396
19799,0,unclassified,23,256.32,235.0,1.3602538901277768
198083,0,unclassified,0,105.32,0.0,14.513442045221389
198083,0,unclassified,1,59.13,0.0,10.874741376235114
198083,0,unclassified,2,3.23,0.0,2.541653005427767
198083,0,unclassified,3,0.0,10.0,4.47213595499958
198083,0,unclassified,4,0.95,25.0,6.6766928460359996
198083,0,unclassified,5,52.57,10.0,7.610892197262883
198083,0,unclassified,6,166.0,160.0,0.4699562699927744
198083,0,unclassified,7,373.9,615.0,10.842664499339737
198083,0,unclassified,8,493.57,850.0,13.751785809182769
198083,0,unclassified,9,475.71,785.0,12.318938229545694
198083,0,unclassified,10,342.11,620.0,12.669968999834486
198083,0,unclassified,11,332.75,720.0,16.8788867481831
198083,0,unclassified,12,431.19,680.0,10.555739571517904
198083,0,unclassified,13,483.95,745.0,10.531047906787506
198083,0,unclassified,14,407.72,830.0,16.974785942299786
198083,0,unclassified,15,378.89,740.0,15.267249989288503
198083,0,unclassified,16,375.5,730.0,15.078282086595571
198083,0,unclassified,17,338.71,840.0,20.649072779005714
198083,0,unclassified,18,298.27,855.0,23.184307309139776
198083,0,unclassified,19,260.58,460.0,10.50612606759676
198083,0,unclassified,20,222.5,355.0,7.797490993958621
198083,0,unclassified,21,176.05,315.0,8.867693854544877
198083,0,unclassified,22,153.68,455.0,17.27223111816108
198083,0,unclassified,23,147.46,715.0,27.33014857404252
199109,0,unclassified,0,206.23,0.0,20.30911125578862
199109,0,unclassified,1,147.18,0.0,17.156922801015337
199109,0,unclassified,2,112.56,0.0,15.00399946680884
199109,0,unclassified,3,62.74,0.0,11.201785571952357
199109,0,unclassified,4,33.75,0.0,8.215838362577491
199109,0,unclassified,5,59.44,0.0,10.903210536351208
199109,0,unclassified,6,85.41,50.0,4.303438050698498
199109,0,unclassified,7,269.01,240.0,1.81844248467671
199109,0,unclassified,8,581.29,280.0,14.51860911263703
199109,0,unclassified,9,402.19,280.0,6.61603795727472
199109,0,unclassified,10,347.56,275.0,4.1126491851947655
199109,0,unclassified,11,362.95,295.0,3.7463471075437442
199109,0,unclassified,12,416.43,300.0,6.151669766102909
199109,0,unclassified,13,352.33,290.0,3.478027580680808
199109,0,unclassified,14,410.69,280.0,7.032597657804707
199109,0,unclassified,15,417.95,275.0,7.679769900135507
199109,0,unclassified,16,516.93,290.0,11.297672470221261
199109,0,unclassified,17,547.91,325.0,10.669886884177124
199109,0,unclassified,18,517.29,300.0,10.748964911509807
199109,0,unclassified,19,451.71,320.0,6.705121989638399
199109,0,unclassified,20,411.76,280.0,7.084690149122845
199109,0,unclassified,21,309.3,280.0,1.7069248365877323
199109,0,unclassified,22,279.0,280.0,0.05981486045545792
199109,0,unclassified,23,290.43,275.0,0.9176804935723839
199319,0,unclassified,0,135.47,0.0,16.460255162056267
199319,0,unclassified,1,82.47,0.0,12.842896869476139
199319,0,unclassified,2,30.18,0.0,7.769169839822013
199319,0,unclassified,3,16.4,0.0,5.727128425310541
199319,0,unclassified,4,61.17,0.0,11.060741385639572
199319,0,unclassified,5,74.29,5.0,11.004652933069892
199319,0,unclassified,6,159.23,110.0,4.243098444662616
199319,0,unclassified,7,491.52,655.0,6.82792605843812
199319,0,unclassified,8,531.43,745.0,8.453892948127088
199319,0,unclassified,9,556.0,700.0,5.74622556816688
199319,0,unclassified,10,504.24,725.0,8.904653838219838
199319,0,unclassified,11,564.7,675.0,4.430290553560235
199319,0,unclassified,12,640.31,690.0,1.926671027674898
199319,0,unclassified,13,539.89,660.0,4.903694974598614
199319,0,unclassified,14,580.68,655.0,2.9899759155647296
199319,0,unclassified,15,599.91,600.0,0.0036743724057249215
199319,0,unclassified,16,681.57,675.0,0.25226631490873125
199319,0,unclassified,17,675.0,870.0,7.015931938871256
199319,0,unclassified,18,694.14,615.0,3.093271195312368
199319,0,unclassified,19,702.14,700.0,0.08082264921533817
199319,0,unclassified,20,594.29,415.0,7.981106018903802
199319,0,unclassified,21,348.71,385.0,1.8946969102409725
199319,0,unclassified,22,240.45,165.0,5.299142392867831
199319,0,unclassified,23,225.8,235.0,0.6061032181989386
199320,0,unclassified,0,135.47,0.0,16.460255162056267
199320,0,unclassified,1,82.47,0.0,12.842896869476139
199320,0,unclassified,2,30.18,0.0,7.769169839822013
199320,0,unclassified,3,16.4,0.0,5.727128425310541
199320,0,unclassified,4,61.17,10.0,8.57791882116607
199320,0,unclassified,5,74.29,10.0,9.903082491241339
199320,0,unclassified,6,159.23,100.0,5.202524098152789
199320,0,unclassified,7,491.52,560.0,2.9865513121507825
199320,0,unclassified,8,531.43,530.0,0.06207337457898601
199320,0,unclassified,9,556.0,480.0,3.3392482912444756
199320,0,unclassified,10,504.24,690.0,7.601886717915869
199320,0,unclassified,11,564.7,795.0,8.83257608149208
199320,0,unclassified,12,640.31,610.0,1.2122496903570137
199320,0,unclassified,13,539.89,500.0,1.749384737493325
199320,0,unclassified,14,580.68,640.0,2.4011275218428128
199320,0,unclassified,15,599.91,620.0,0.8134503285334979
199320,0,unclassified,16,681.57,610.0,2.816352692096003
199320,0,unclassified,17,675.0,675.0,0.0
199320,0,unclassified,18,694.14,625.0,2.6921479804553066
199320,0,unclassified,19,702.14,550.0,6.080397405579019
199320,0,unclassified,20,594.29,355.0,10.983483313020894
199320,0,unclassified,21,348.71,315.0,1.850480742202999
199320,0,unclassified,22,240.45,420.0,9.88053441137533
199320,0,unclassified,23,225.8,720.0,22.725742634820126
200099,0,unclassified,0,187.02,0.0,19.340113753543434
200099,0,unclassified,1,154.0,0.0,17.549928774784245
200099,0,unclassified,2,56.11,0.0,10.593394168065304
200099,0,unclassified,3,36.97,5.0,6.978918867111786
200099,0,unclassified,4,63.87,20.0,6.774532190167248
200099,0,unclassified,5,78.18,10.0,10.268025711267862
200099,0,unclassified,6,182.46,210.0,1.9659896809942499
200099,0,unclassified,7,568.03,920.0,12.90371619138787
200099,0,unclassified,8,967.0,1185.0,6.645847293261647
200099,0,unclassified,9,775.71,985.0,7.0537418324173675
200099,0,unclassified,10,567.17,860.0,10.96207354209375
200099,0,unclassified,11,578.06,820.0,9.150814865379825
200099,0,unclassified,12,683.03,995.0,10.770304211615214
200099,0,unclassified,13,660.34,955.0,10.368220115409553
200099,0,unclassified,14,717.81,890.0,6.073031882640383
200099,0,unclassified,15,691.61,790.0,3.614922643017305
200099,0,unclassified,16,760.71,1040.0,9.307831136511677
200099,0,unclassified,17,798.57,1360.0,17.089428712852968
200099,0,unclassified,18,736.71,1210.0,15.170213621953035
200099,0,unclassified,19,625.0,1075.0,15.434872662825796
200099,0,unclassified,20,495.76,735.0,9.644108883990851
200099,0,unclassified,21,306.71,585.0,13.179556010694817
200099,0,unclassified,22,257.97,465.0,10.8890036092217
200099,0,unclassified,23,258.13,245.0,0.827827057297399
200256,0,unclassified,0,259.32,0.0,22.773669006113177
200256,0,unclassified,1,164.21,0.0,18.122361876973983
200256,0,unclassified,2,103.0,0.0,14.352700094407323
200256,0,unclassified,3,8.42,0.0,4.1036569057366385
200256,0,unclassified,4,48.57,0.0,9.855962662266938
200256,0,unclassified,5,129.19,0.0,16.07420293513803
200256,0,unclassified,6,330.26,0.0,25.700583650960148
200256,0,unclassified,7,1033.76,0.0,45.46999010336378
200256,0,unclassified,8,1623.5,25.0,55.67794051828696
200256,0,unclassified,9,1274.5,15.0,49.60237786517697
200256,0,unclassified,10,853.0,10.0,40.582348365283785
200256,0,unclassified,11,859.5,15.0,40.386363033076535
200256,0,unclassified,12,1242.5,10.0,49.2507738269653
200256,0,unclassified,13,1192.5,5.0,48.53006299824654
200256,0,unclassified,14,1082.75,10.0,45.89370433859199
200256,0,unclassified,15,961.64,15.0,42.83833626245603
200256,0,unclassified,16,1105.0,25.0,45.43594148646049
200256,0,unclassified,17,1420.5,20.0,52.18449435306535
200256,0,unclassified,18,1314.25,15.0,50.39696565345396
200256,0,unclassified,19,1116.5,10.0,46.62306472364807
200256,0,unclassified,20,917.75,10.0,42.14691330651042
200256,0,unclassified,21,611.5,10.0,34.121653072013586
200256,0,unclassified,22,445.75,5.0,29.358877787412403
200256,0,unclassified,23,425.5,10.0,28.157360831604016
201082,0,unclassified,0,160.44,0.0,17.91312368069846
201082,0,unclassified,1,101.94,0.0,14.278655398881227
201082,0,unclassified,2,21.67,0.0,6.583312236253116
201082,0,unclassified,3,5.58,0.0,3.340658617698013
201082,0,unclassified,4,17.44,5.0,3.7138465196450303
201082,0,unclassified,5,69.58,15.0,8.392951022265194
201082,0,unclassified,6,199.06,45.0,13.94622244122882
201082,0,unclassified,7,664.6,290.0,17.14636466067635
201082,0,unclassified,8,873.43,460.0,16.01149464206422
201082,0,unclassified,9,803.6,460.0,13.669837262219398
201082,0,unclassified,10,665.67,460.0,8.669227499167402
201082,0,unclassified,11,645.41,435.0,9.0528865230264
201082,0,unclassified,12,680.39,560.0,4.834218590235596
201082,0,unclassified,13,637.52,460.0,7.578025555324512
201082,0,unclassified,14,668.43,470.0,8.317047164913077
201082,0,unclassified,15,667.89,460.0,8.754174997571711
201082,0,unclassified,16,705.5,675.0,1.160904866324663
201082,0,unclassified,17,765.43,630.0,5.127147936094042
201082,0,unclassified,18,767.43,705.0,2.3008642914884425
201082,0,unclassified,19,708.57,615.0,3.6372920206210946
201082,0,unclassified,20,653.62,610.0,1.7353713112604299
201082,0,unclassified,21,384.88,235.0,8.513435892456888
201082,0,unclassified,22,272.52,235.0,2.35532719686406
201082,0,unclassified,23,247.34,225.0,1.453686656325628
201083,0,unclassified,0,160.44,0.0,17.91312368069846
201083,0,unclassified,1,101.94,0.0,14.278655398881227
201083,0,unclassified,2,21.67,0.0,6.583312236253116
201083,0,unclassified,3,5.58,10.0,1.5836293442190412
201083,0,unclassified,4,17.44,15.0,0.605849008385568
201083,0,unclassified,5,69.58,10.0,9.445251562540209
201083,0,unclassified,6,199.06,160.0,2.915168909335252
201083,0,unclassified,7,664.6,660.0,0.17874358087343437
201083,0,unclassified,8,873.43,930.0,1.8838726089710613
201083,0,unclassified,9,803.6,910.0,3.6349789401624917
201083,0,unclassified,10,665.67,495.0,7.084640323402461
201083,0,unclassified,11,645.41,480.0,6.973027445437679
201083,0,unclassified,12,680.39,465.0,9.000442060791059
201083,0,unclassified,13,637.52,565.0,2.957512842578579
201083,0,unclassified,14,668.43,505.0,6.747116125590511
201083,0,unclassified,15,667.89,515.0,6.2866878682173475
201083,0,unclassified,16,705.5,495.0,8.591836734693878
201083,0,unclassified,17,765.43,435.0,13.487331997918716
201083,0,unclassified,18,767.43,430.0,13.790297089957285
201083,0,unclassified,19,708.57,400.0,13.10651224379434
201083,0,unclassified,20,653.62,235.0,19.859894147682564
201083,0,unclassified,21,384.88,185.0,11.841115867506605
201083,0,unclassified,22,272.52,415.0,7.684687935834867
201083,0,unclassified,23,247.34,280.0,2.011341529234134
201471,0,unclassified,0,954.21,0.0,43.68546669088016
201471,0,unclassified,1,602.22,0.0,34.70504286123272
201471,0,unclassified,2,402.02,0.0,28.35559909435877
201471,0,unclassified,3,295.19,35.0,20.249935340155407
201471,0,unclassified,4,351.15,85.0,18.022852562522605
201471,0,unclassified,5,386.73,15.0,26.22862217717168
201471,0,unclassified,6,749.88,670.0,2.9979696578635777
201471,0,unclassified,7,2024.88,1470.0,13.27388146438765
201471,0,unclassified,8,2561.29,1510.0,23.300836472080306
201471,0,unclassified,9,1972.14,1625.0,8.185420344255844
201471,0,unclassified,10,1530.41,1570.0,1.0055205136874703
201471,0,unclassified,11,1618.04,1595.0,0.5748299746780446
201471,0,unclassified,12,2242.0,1420.0,19.21001240848181
201471,0,unclassified,13,1950.88,1295.0,16.28070307805191
201471,0,unclassified,14,2029.12,1345.0,16.655858507136372
201471,0,unclassified,15,1929.37,1260.0,16.762113983110215
201471,0,unclassified,16,2150.74,1205.0,23.088334371728582
201471,0,unclassified,17,2062.67,1280.0,19.144628067123595
201471,0,unclassified,18,2326.95,1040.0,31.365942250616065
201471,0,unclassified,19,2063.31,965.0,28.225378229259153
201471,0,unclassified,20,1939.04,890.0,27.892503870955604
201471,0,unclassified,21,1228.07,670.0,18.115384744339625
201471,0,unclassified,22,1180.5,530.0,22.243378882750747
201471,0,unclassified,23,1284.12,535.0,24.839091970263482
201537,0,unclassified,0,222.67,0.0,21.103080343873973
201537,0,unclassified,1,98.33,0.0,14.023551618616448
201537,0,unclassified,2,3.75,0.0,2.7386127875258306
201537,0,unclassified,3,0.0,0.0,
201537,0,unclassified,4,0.0,5.0,3.1622776601683795
201537,0,unclassified,5,23.89,5.0,4.970192215712428
201537,0,unclassified,6,187.69,150.0,2.9005612133761756
201537,0,unclassified,7,544.96,560.0,0.63986676864031
201537,0,unclassified,8,909.86,765.0,5.005808407523417
201537,0,unclassified,9,612.9,595.0,0.7283708190229329
201537,0,unclassified,10,486.87,610.0,5.2577665376659
201537,0,unclassified,11,521.49,605.0,3.5187613344370288
201537,0,unclassified,12,631.21,800.0,6.309719165633434
201537,0,unclassified,13,530.56,660.0,5.305274486207938
201537,0,unclassified,14,578.91,615.0,1.4771210425570769
201537,0,unclassified,15,588.81,680.0,3.620461363036256
201537,0,unclassified,16,731.23,785.0,1.9528662130283638
201537,0,unclassified,17,782.29,815.0,1.1574537747092755
201537,0,unclassified,18,720.73,790.0,2.520384259850121
201537,0,unclassified,19,609.42,705.0,3.7283351446262247
201537,0,unclassified,20,505.12,420.0,3.957742893817046
201537,0,unclassified,21,304.89,345.0,2.225090771937102
201537,0,unclassified,22,246.21,285.0,2.3801353601738193
201537,0,unclassified,23,228.0,145.0,6.077691815287164
201539,0,unclassified,0,178.03,0.0,18.869552193944614
201539,0,unclassified,1,146.54,0.0,17.119579434086575
201539,0,unclassified,2,35.38,0.0,8.411896337925237
201539,0,unclassified,3,0.0,0.0,
201539,0,unclassified,4,11.61,5.0,2.293673732957038
201539,0,unclassified,5,64.44,5.0,10.087625306869661
201539,0,unclassified,6,180.0,165.0,1.1420804814403216
201539,0,unclassified,7,502.06,575.0,3.1431188858762935
201539,0,unclassified,8,824.17,780.0,1.5596142763913627
201539,0,unclassified,9,644.17,610.0,1.3645258659043509
201539,0,unclassified,10,541.55,620.0,3.255284806291837
201539,0,unclassified,11,563.96,605.0,1.697549803493497
201539,0,unclassified,12,653.7,800.0,5.426526506813202
201539,0,unclassified,13,583.26,675.0,3.6575354009357564
201539,0,unclassified,14,629.84,615.0,0.5948289966853587
201539,0,unclassified,15,635.4,695.0,2.3108413994780768
201539,0,unclassified,16,730.07,780.0,1.817096634632929
201539,0,unclassified,17,855.71,850.0,0.1955232953774075
201539,0,unclassified,18,848.14,820.0,0.9743676191482324
201539,0,unclassified,19,662.86,745.0,3.095921650837774
201539,0,unclassified,20,529.76,430.0,4.553969476493177
201539,0,unclassified,21,317.98,340.0,1.2140203481142429
201539,0,unclassified,22,254.0,290.0,2.182820625326997
201539,0,unclassified,23,250.31,150.0,7.090241185738623
201540,0,unclassified,0,178.03,0.0,18.869552193944614
201540,0,unclassified,1,146.54,0.0,17.119579434086575
201540,0,unclassified,2,35.38,0.0,8.411896337925237
201540,0,unclassified,3,0.0,15.0,5.477225575051661
201540,0,unclassified,4,11.61,15.0,0.929377723951234
201540,0,unclassified,5,64.44,0.0,11.3525327570547
201540,0,unclassified,6,180.0,290.0,7.175608803587864
201540,0,unclassified,7,502.06,785.0,11.153468636826245
201540,0,unclassified,8,824.17,610.0,7.997851160327178
201540,0,unclassified,9,644.17,625.0,0.7609869544497395
201540,0,unclassified,10,541.55,560.0,0.7861569550236187
201540,0,unclassified,11,563.96,510.0,2.3285892367351675
201540,0,unclassified,12,653.7,580.0,2.967411007299906
201540,0,unclassified,13,583.26,490.0,4.025853223432365
201540,0,unclassified,14,629.84,525.0,4.362958691237287
201540,0,unclassified,15,635.4,470.0,7.035432050933085
201540,0,unclassified,16,730.07,525.0,8.186215155678452
201540,0,unclassified,17,855.71,480.0,14.538234297630561
201540,0,unclassified,18,848.14,445.0,15.854338136220004
201540,0,unclassified,19,662.86,435.0,9.725447859712919
201540,0,unclassified,20,529.76,435.0,4.314499325783976
201540,0,unclassified,21,317.98,330.0,0.6677880832289496
201540,0,unclassified,22,254.0,205.0,3.2344819737238026
201540,0,unclassified,23,250.31,140.0,7.89632551569668
201718,0,unclassified,0,26.89,0.0,7.333484846919641
201718,0,unclassified,1,2.54,0.0,2.253885533916929
201718,0,unclassified,2,0.0,0.0,
201718,0,unclassified,3,0.0,0.0,
201718,0,unclassified,4,0.0,0.0,
201718,0,unclassified,5,0.43,0.0,0.9273618495495703
201718,0,unclassified,6,21.92,30.0,1.585838717397296
201718,0,unclassified,7,182.29,180.0,0.17014622064276702
201718,0,unclassified,8,547.14,405.0,6.51449722883958
201718,0,unclassified,9,317.86,340.0,1.2207475856467875
201718,0,unclassified,10,229.86,285.0,3.4366648692606465
201718,0,unclassified,11,282.21,285.0,0.1656712929568409
201718,0,unclassified,12,285.76,315.0,1.6871040260379369
201718,0,unclassified,13,247.46,195.0,3.527006634377412
201718,0,unclassified,14,244.51,200.0,2.985601390371766
201718,0,unclassified,15,256.82,205.0,3.410170066844702
201718,0,unclassified,16,346.0,210.0,8.156737957095313
201718,0,unclassified,17,423.0,325.0,5.067459361951188
201718,0,unclassified,18,391.29,415.0,1.1808668066558463
201718,0,unclassified,19,305.71,295.0,0.6179766102444393
201718,0,unclassified,20,164.09,130.0,2.811265548132072
201718,0,unclassified,21,110.49,110.0,0.046667724903718975
201718,0,unclassified,22,73.21,100.0,2.8787319678331578
201718,0,unclassified,23,92.73,135.0,3.961294423636849
203315,0,unclassified,0,101.52,0.0,14.2492105044455
203315,0,unclassified,1,28.0,0.0,7.483314773547883
203315,0,unclassified,2,6.92,0.0,3.7202150475476548
203315,0,unclassified,3,0.0,0.0,
203315,0,unclassified,4,5.34,0.0,3.2680269276736382
203315,0,unclassified,5,7.44,5.0,0.9783508665128431
203315,0,unclassified,6,86.1,45.0,5.07639577361175
203315,0,unclassified,7,272.98,285.0,0.7196314735242296
203315,0,unclassified,8,386.14,445.0,2.8873415702364253
203315,0,unclassified,9,253.04,485.0,12.07502803712883
203315,0,unclassified,10,216.76,410.0,10.915946304349708
203315,0,unclassified,11,234.88,315.0,4.8319449355349855
203315,0,unclassified,12,285.95,295.0,0.5309996062198764
203315,0,unclassified,13,269.08,330.0,3.5199174785619194
203315,0,unclassified,14,249.19,285.0,2.1911466336749945
203315,0,unclassified,15,267.91,235.0,2.0753805602791733
203315,0,unclassified,16,377.29,255.0,6.877772181304402
203315,0,unclassified,17,441.29,255.0,9.98411239895417
203315,0,unclassified,18,402.57,290.0,6.049309798570933
203315,0,unclassified,19,337.1,275.0,3.549730713616591
203315,0,unclassified,20,254.19,140.0,8.133739693608602
203315,0,unclassified,21,173.71,90.0,7.290025381424287
203315,0,unclassified,22,139.24,65.0,7.3465351380808634
203315,0,unclassified,23,141.61,80.0,5.852905737567728
203657,0,unclassified,0,38.33,0.0,8.755569655939013
203657,0,unclassified,1,3.59,0.0,2.6795522013948525
203657,0,unclassified,2,0.0,0.0,
203657,0,unclassified,3,0.0,0.0,
203657,0,unclassified,4,0.0,0.0,
203657,0,unclassified,5,2.39,5.0,1.3577921264788695
203657,0,unclassified,6,80.0,25.0,7.590721152765896
203657,0,unclassified,7,288.72,105.0,13.094161598479044
203657,0,unclassified,8,510.0,155.0,19.4685016473014
203657,0,unclassified,9,312.37,125.0,12.67040681698065
203657,0,unclassified,10,231.78,95.0,10.700642700685032
203657,0,unclassified,11,227.81,135.0,6.89080794970509
203657,0,unclassified,12,291.51,130.0,11.125267798678953
203657,0,unclassified,13,262.96,80.0,13.971705220527038
203657,0,unclassified,14,251.4,105.0,10.966984429402073
203657,0,unclassified,15,258.41,90.0,12.759614924676708
203657,0,unclassified,16,377.5,100.0,17.959378246913417
203657,0,unclassified,17,450.0,75.0,23.145502494313785
203657,0,unclassified,18,422.0,110.0,19.129947391930934
203657,0,unclassified,19,344.43,130.0,13.922411687779285
203657,0,unclassified,20,261.69,60.0,15.90305582448105
203657,0,unclassified,21,165.28,25.0,14.381831085690676
203657,0,unclassified,22,136.62,20.0,13.178452789639032
203657,0,unclassified,23,141.98,35.0,11.372488229485109
203706,0,unclassified,0,34.0,0.0,8.246211251235321
203706,0,unclassified,1,4.26,0.0,2.9189039038652846
203706,0,unclassified,2,0.69,0.0,1.174734012447073
203706,0,unclassified,3,0.0,0.0,
203706,0,unclassified,4,0.0,5.0,3.1622776601683795
203706,0,unclassified,5,1.92,5.0,1.6558182581570486
203706,0,unclassified,6,45.62,70.0,3.2065071790381694
203706,0,unclassified,7,235.26,310.0,4.526539054094008
203706,0,unclassified,8,323.61,485.0,8.026423401856155
203706,0,unclassified,9,262.54,410.0,8.041372263856772
203706,0,unclassified,10,226.64,310.0,5.088985147067356
203706,0,unclassified,11,258.21,520.0,13.2714888749101
203706,0,unclassified,12,272.97,450.0,9.31111582350634
203706,0,unclassified,13,265.08,420.0,8.370508497490974
203706,0,unclassified,14,293.88,430.0,7.154901336866882
203706,0,unclassified,15,293.74,565.0,13.090912163592387
203706,0,unclassified,16,323.43,490.0,8.259460695181794
203706,0,unclassified,17,358.74,515.0,7.476041588914157
203706,0,unclassified,18,340.88,675.0,14.825053367435967
203706,0,unclassified,19,312.88,440.0,6.551881014679486
203706,0,unclassified,20,229.47,460.0,12.41608740152381
203706,0,unclassified,21,148.15,200.0,3.9298914878317457
203706,0,unclassified,22,45.0,315.0,20.12461179749811
203706,0,unclassified,23,0.0,175.0,18.708286933869708
203767,0,unclassified,0,87.69,0.0,13.243111416883874
203767,0,unclassified,1,9.78,0.0,4.422668877499196
203767,0,unclassified,2,0.0,0.0,
203767,0,unclassified,3,0.0,0.0,
203767,0,unclassified,4,0.94,5.0,2.3558509439337776
203767,0,unclassified,5,2.04,5.0,1.577685301031517
203767,0,unclassified,6,72.17,70.0,0.25737760185375924
203767,0,unclassified,7,224.34,295.0,4.384930801130658
203767,0,unclassified,8,332.35,505.0,8.437777482947427
203767,0,unclassified,9,278.99,425.0,7.782414421796652
203767,0,unclassified,10,247.22,315.0,4.042624623325051
203767,0,unclassified,11,277.46,540.0,12.986054562268661
203767,0,unclassified,12,298.57,450.0,7.827277139372343
203767,0,unclassified,13,282.12,425.0,7.598710151887297
203767,0,unclassified,14,336.51,435.0,5.01460068301655
203767,0,unclassified,15,326.3,575.0,11.715372382989713
203767,0,unclassified,16,362.33,495.0,6.407870355387665
203767,0,unclassified,17,403.5,510.0,4.983223085039534
203767,0,unclassified,18,387.17,680.0,12.676920341373508
203767,0,unclassified,19,325.69,430.0,5.36622780965671
203767,0,unclassified,20,245.94,470.0,11.84243516617843
203767,0,unclassified,21,165.0,220.0,3.9641248358604595
203767,0,unclassified,22,120.0,315.0,13.222238320605802
203767,0,unclassified,23,115.0,190.0,6.07332247634187
203768,0,unclassified,0,9.6,0.0,4.381780460041329
203768,0,unclassified,1,0.0,0.0,
203768,0,unclassified,2,0.0,0.0,
203768,0,unclassified,3,0.0,0.0,
203768,0,unclassified,4,0.0,0.0,
203768,0,unclassified,5,16.73,0.0,5.784461945591828
203768,0,unclassified,6,109.86,55.0,6.04245122363463
203768,0,unclassified,7,284.35,500.0,10.889539382102306
203768,0,unclassified,8,423.45,890.0,18.20565963826119
203768,0,unclassified,9,349.02,800.0,18.815184703756138
203768,0,unclassified,10,255.66,665.0,19.078733678354503
203768,0,unclassified,11,285.27,630.0,16.114597534398147
203768,0,unclassified,12,325.68,490.0,8.136647790676296
203768,0,unclassified,13,276.29,410.0,7.21813584566538
203768,0,unclassified,14,297.96,490.0,9.675080994144757
203768,0,unclassified,15,300.54,370.0,3.793476794634152
203768,0,unclassified,16,334.92,405.0,3.6434826666616686
203768,0,unclassified,17,352.99,520.0,7.993791921639893
203768,0,unclassified,18,321.21,560.0,11.376048237767693
203768,0,unclassified,19,291.18,470.0,9.166159371669387
203768,0,unclassified,20,245.07,430.0,10.065792264292517
203768,0,unclassified,21,188.57,180.0,0.6313000568525412
203768,0,unclassified,22,117.78,205.0,6.865588528523176
203768,0,unclassified,23,151.11,320.0,11.004182188675808
204640,0,unclassified,0,53.46,0.0,10.340212763768452
204640,0,unclassified,1,9.87,0.0,4.442971978304612
204640,0,unclassified,2,3.48,0.0,2.6381811916545836
204640,0,unclassified,3,1.29,0.0,1.606237840420901
204640,0,unclassified,4,0.0,0.0,
204640,0,unclassified,5,7.0,5.0,0.816496580927726
204640,0,unclassified,6,56.39,30.0,4.015343012933956
204640,0,unclassified,7,183.02,160.0,1.757764122215036
204640,0,unclassified,8,305.0,435.0,6.758378183830472
204640,0,unclassified,9,210.57,380.0,9.859834330970644
204640,0,unclassified,10,222.26,245.0,1.4877369719740585
204640,0,unclassified,11,218.58,310.0,5.6234242772186285
204640,0,unclassified,12,209.69,300.0,5.6571511643960415
204640,0,unclassified,13,218.41,215.0,0.23164339056155656
204640,0,unclassified,14,220.98,150.0,5.211656028922474
204640,0,unclassified,15,224.16,190.0,2.3738254621402617
204640,0,unclassified,16,267.07,175.0,6.192808053009858
204640,0,unclassified,17,287.0,205.0,5.228129047119374
204640,0,unclassified,18,260.43,300.0,2.3638524272330677
204640,0,unclassified,19,219.57,255.0,2.300043288208144
204640,0,unclassified,20,195.25,190.0,0.37827093902326053
204640,0,unclassified,21,124.17,135.0,0.9513735873690066
204640,0,unclassified,22,113.27,85.0,2.8393066723380542
204640,0,unclassified,23,96.83,125.0,2.6748024062284164
204664,0,unclassified,0,174.2,0.0,18.665476152512156
204664,0,unclassified,1,63.42,0.0,11.26232658024087
204664,0,unclassified,2,10.92,0.0,4.673328578219169
204664,0,unclassified,3,0.0,0.0,
204664,0,unclassified,4,4.71,10.0,1.9505825447199474
204664,0,unclassified,5,14.1,5.0,2.9446908476921094
204664,0,unclassified,6,140.91,60.0,8.072655551747511
204664,0,unclassified,7,503.47,480.0,1.0583943897482953
204664,0,unclassified,8,901.71,600.0,11.010617257478104
204664,0,unclassified,9,623.17,600.0,0.9369094538457147
204664,0,unclassified,10,523.0,600.0,3.249494789145519
204664,0,unclassified,11,537.92,600.0,2.602620467113488
204664,0,unclassified,12,605.96,600.0,0.24271398792883161
204664,0,unclassified,13,541.53,600.0,2.447397020246795
204664,0,unclassified,14,584.92,600.0,0.6195435278480645
204664,0,unclassified,15,613.46,600.0,0.5464460930587058
204664,0,unclassified,16,770.71,600.0,6.520804346101283
204664,0,unclassified,17,875.0,595.0,10.327955589886445
204664,0,unclassified,18,817.86,595.0,8.384893659770462
204664,0,unclassified,19,645.55,600.0,1.8252518450065471
204664,0,unclassified,20,481.28,575.0,4.078098857830714
204664,0,unclassified,21,298.1,265.0,1.972650868082099
204664,0,unclassified,22,245.66,195.0,3.4129377590889702
204664,0,unclassified,23,235.02,145.0,6.53056534876868
204665,0,unclassified,0,117.06,0.0,15.300980360748131
204665,0,unclassified,1,76.98,0.0,12.40806189539688
204665,0,unclassified,2,26.5,0.0,7.280109889280518
204665,0,unclassified,3,1.52,0.0,1.7435595774162693
204665,0,unclassified,4,6.19,10.0,1.3391109124432459
204665,0,unclassified,5,17.83,5.0,3.7974205690885765
204665,0,unclassified,6,91.14,80.0,1.2042715451355974
204665,0,unclassified,7,234.39,320.0,5.141996786730138
204665,0,unclassified,8,387.14,415.0,1.3911405921066207
204665,0,unclassified,9,315.57,440.0,6.401809491309984
204665,0,unclassified,10,278.62,360.0,4.554192939134336
204665,0,unclassified,11,283.93,390.0,5.7783011443647885
204665,0,unclassified,12,321.71,385.0,3.366894244029081
204665,0,unclassified,13,285.25,310.0,1.434631951624969
204665,0,unclassified,14,309.76,315.0,0.2964760915486754
204665,0,unclassified,15,307.12,310.0,0.16395424847325327
204665,0,unclassified,16,368.57,320.0,2.617634781753748
204665,0,unclassified,17,399.43,420.0,1.016233154541872
204665,0,unclassified,18,362.71,430.0,3.379935072672638
204665,0,unclassified,19,324.43,280.0,2.5557496217186153
204665,0,unclassified,20,253.24,345.0,5.305553263005154
204665,0,unclassified,21,174.29,245.0,4.883583106551653
204665,0,unclassified,22,150.73,195.0,3.3670997826621156
204665,0,unclassified,23,141.34,150.0,0.7175180519475433
204666,0,unclassified,0,87.89,0.0,13.258205006711881
204666,0,unclassified,1,44.91,0.0,9.477341399358789
204666,0,unclassified,2,7.35,0.0,3.8340579025361627
204666,0,unclassified,3,0.5,0.0,1.0
204666,0,unclassified,4,6.32,10.0,1.2882576773057688
204666,0,unclassified,5,22.31,5.0,4.684370266050113
204666,0,unclassified,6,86.49,60.0,3.095230289122145
204666,0,unclassified,7,261.64,205.0,3.7080643370988664
204666,0,unclassified,8,412.81,235.0,9.879781864332376
204666,0,unclassified,9,307.19,240.0,4.062099554381627
204666,0,unclassified,10,277.21,165.0,7.546268968606591
204666,0,unclassified,11,286.4,160.0,8.46057693110632
204666,0,unclassified,12,315.52,145.0,11.23740604901004
204666,0,unclassified,13,288.96,135.0,10.574515022413152
204666,0,unclassified,14,307.36,155.0,10.02064863584018
204666,0,unclassified,15,337.24,190.0,9.068524505780081
204666,0,unclassified,16,376.36,190.0,11.074430782763915
204666,0,unclassified,17,421.58,215.0,11.579152560145406
204666,0,unclassified,18,388.71,245.0,8.073404400276587
204666,0,unclassified,19,315.43,130.0,12.425253680905884
204666,0,unclassified,20,261.66,180.0,5.495159965440664
204666,0,unclassified,21,174.59,90.0,7.354401058979349
204666,0,unclassified,22,142.48,125.0,1.5115091093498814
204666,0,unclassified,23,133.51,105.0,2.610711720789876
204971,0,unclassified,0,510.0,0.0,31.937438845342623
204971,0,unclassified,1,240.0,0.0,21.908902300206645
204971,0,unclassified,2,0.0,0.0,
204971,0,unclassified,3,0.0,5.0,3.1622776601683795
204971,0,unclassified,4,0.0,5.0,3.1622776601683795
204971,0,unclassified,5,0.0,10.0,4.47213595499958
204971,0,unclassified,6,310.0,135.0,11.73202665519484
204971,0,unclassified,7,767.84,230.0,24.078955350181474
204971,0,unclassified,8,777.57,310.0,20.050861011881306
204971,0,unclassified,9,749.49,350.0,17.03826107200504
204971,0,unclassified,10,664.05,305.0,16.31161025373361
204971,0,unclassified,11,586.9,300.0,13.624112421838548
204971,0,unclassified,12,574.95,335.0,11.24933855837707
204971,0,unclassified,13,548.06,335.0,10.139623144445796
204971,0,unclassified,14,588.05,275.0,15.069912389551906
204971,0,unclassified,15,589.15,295.0,13.990101807874575
204971,0,unclassified,16,621.26,235.0,18.667746973153953
204971,0,unclassified,17,665.14,250.0,19.407330848909176
204971,0,unclassified,18,669.91,250.0,19.579362411037213
204971,0,unclassified,19,638.82,320.0,14.561027198248972
204971,0,unclassified,20,585.08,345.0,11.132964582520907
204971,0,unclassified,21,530.0,405.0,5.7812161257860035
204971,0,unclassified,22,508.57,400.0,5.09384398585925
204971,0,unclassified,23,542.73,310.0,11.27097784834879
204972,0,unclassified,0,510.0,0.0,31.937438845342623
204972,0,unclassified,1,240.0,0.0,21.908902300206645
204972,0,unclassified,2,0.0,0.0,
204972,0,unclassified,3,0.0,10.0,4.47213595499958
204972,0,unclassified,4,0.0,15.0,5.477225575051661
204972,0,unclassified,5,0.0,10.0,4.47213595499958
204972,0,unclassified,6,310.0,200.0,6.888467201936645
204972,0,unclassified,7,767.84,870.0,3.5699336573091958
204972,0,unclassified,8,777.57,850.0,2.5390055193081342
204972,0,unclassified,9,749.49,945.0,6.716831729272772
204972,0,unclassified,10,664.05,775.0,4.136226973921068
204972,0,unclassified,11,586.9,920.0,12.135213293781847
204972,0,unclassified,12,574.95,1030.0,16.063617819152558
204972,0,unclassified,13,548.06,980.0,15.626733945908578
204972,0,unclassified,14,588.05,935.0,12.572591621333272
204972,0,unclassified,15,589.15,975.0,13.797306210432902
204972,0,unclassified,16,621.26,890.0,9.776371962613382
204972,0,unclassified,17,665.14,1000.0,11.60520707102393
204972,0,unclassified,18,669.91,960.0,10.161690043335062
204972,0,unclassified,19,638.82,845.0,7.569565004067091
204972,0,unclassified,20,585.08,970.0,13.80413211063744
204972,0,unclassified,21,530.0,955.0,15.596986672623443
204972,0,unclassified,22,508.57,1115.0,21.2843389563063
204972,0,unclassified,23,542.73,905.0,13.464913938024864
205004,0,unclassified,0,453.48,0.0,30.11577659632904
205004,0,unclassified,1,324.11,0.0,25.460164964116004
205004,0,unclassified,2,215.94,0.0,20.781722738983888
205004,0,unclassified,3,64.76,5.0,10.11864479449023
205004,0,unclassified,4,81.6,10.0,10.579868829723196
205004,0,unclassified,5,176.84,5.0,18.021649980394084
205004,0,unclassified,6,378.32,130.0,15.576077474349482
205004,0,unclassified,7,1173.19,665.0,16.762774901720064
205004,0,unclassified,8,1668.29,820.0,24.049654858856503
205004,0,unclassified,9,1534.1,835.0,20.312463765013153
205004,0,unclassified,10,1311.04,905.0,12.198179485120468
205004,0,unclassified,11,1343.82,935.0,12.111337890162392
205004,0,unclassified,12,1472.0,915.0,16.12293055929528
205004,0,unclassified,13,1365.36,850.0,15.48472690419222
205004,0,unclassified,14,1474.27,845.0,18.478910847871006
205004,0,unclassified,15,1489.63,870.0,18.039540857477654
205004,0,unclassified,16,1607.71,895.0,20.147565937752226
205004,0,unclassified,17,1663.29,900.0,21.32090813159831
205004,0,unclassified,18,1658.29,885.0,21.68500117540184
205004,0,unclassified,19,1615.14,815.0,22.95436762174006
205004,0,unclassified,20,1330.81,780.0,16.954783270233577
205004,0,unclassified,21,721.91,705.0,0.6330825086805287
205004,0,unclassified,22,511.08,735.0,8.970877381066611
205004,0,unclassified,23,583.43,835.0,9.4464774797364
205839,0,unclassified,0,89.11,0.0,13.349906366712839
205839,0,unclassified,1,45.93,0.0,9.584362263604188
205839,0,unclassified,2,1.56,0.0,1.7663521732655694
205839,0,unclassified,3,0.0,0.0,
205839,0,unclassified,4,0.0,5.0,3.1622776601683795
205839,0,unclassified,5,5.0,10.0,1.8257418583505538
205839,0,unclassified,6,68.71,30.0,5.510076052243695
205839,0,unclassified,7,208.93,255.0,3.0248718587433605
205839,0,unclassified,8,292.31,515.0,11.08397524314027
205839,0,unclassified,9,182.81,355.0,10.500463925943807
205839,0,unclassified,10,151.55,170.0,1.4550808039992147
205839,0,unclassified,11,157.37,235.0,5.542384950559101
205839,0,unclassified,12,182.3,240.0,3.970820636661169
205839,0,unclassified,13,194.76,305.0,6.973863713325934
205839,0,unclassified,14,218.99,265.0,2.9576653729515403
205839,0,unclassified,15,190.23,335.0,8.933441754733183
205839,0,unclassified,16,223.53,280.0,3.558935443119565
205839,0,unclassified,17,238.86,405.0,9.259626759602444
205839,0,unclassified,18,239.71,300.0,3.6701181817094306
205839,0,unclassified,19,206.52,350.0,8.601337276661356
205839,0,unclassified,20,168.82,245.0,5.296027456442241
205839,0,unclassified,21,113.72,145.0,2.75021559845252
205839,0,unclassified,22,110.77,100.0,1.0491227467472823
205839,0,unclassified,23,151.89,105.0,4.137343993642906
205840,0,unclassified,0,89.11,0.0,13.349906366712839
205840,0,unclassified,1,45.93,0.0,9.584362263604188
205840,0,unclassified,2,1.56,0.0,1.7663521732655694
205840,0,unclassified,3,0.0,0.0,
205840,0,unclassified,4,0.0,0.0,
205840,0,unclassified,5,5.0,5.0,0.0
205840,0,unclassified,6,68.71,65.0,0.45373989169202544
205840,0,unclassified,7,208.93,185.0,1.7050933806249977
205840,0,unclassified,8,292.31,500.0,10.434773233449645
205840,0,unclassified,9,182.81,440.0,14.57442023591837
205840,0,unclassified,10,151.55,295.0,9.600204925405817
205840,0,unclassified,11,157.37,320.0,10.526599467678713
205840,0,unclassified,12,182.3,425.0,13.927819620961465
205840,0,unclassified,13,194.76,345.0,9.145347751981264
205840,0,unclassified,14,218.99,350.0,7.767247207103664
205840,0,unclassified,15,190.23,310.0,7.573178276428265
205840,0,unclassified,16,223.53,355.0,7.72998619900585
205840,0,unclassified,17,238.86,465.0,12.054501159727485
205840,0,unclassified,18,239.71,450.0,11.324012952354261
205840,0,unclassified,19,206.52,490.0,15.19044953508767
205840,0,unclassified,20,168.82,345.0,10.991731245549799
205840,0,unclassified,21,113.72,235.0,9.184716551065842
205840,0,unclassified,22,110.77,155.0,3.8368865582755207
205840,0,unclassified,23,151.89,170.0,1.4275117961811585
206520,0,unclassified,0,26.96,0.0,7.343023900274328
206520,0,unclassified,1,0.0,0.0,
206520,0,unclassified,2,1.64,0.0,1.8110770276274832
206520,0,unclassified,3,0.0,0.0,
206520,0,unclassified,4,0.0,0.0,
206520,0,unclassified,5,0.0,0.0,
206520,0,unclassified,6,17.06,40.0,4.294795879187232
206520,0,unclassified,7,223.13,130.0,7.0086971388860055
206520,0,unclassified,8,498.14,325.0,8.534450381092816
206520,0,unclassified,9,393.62,310.0,4.458164335582229
206520,0,unclassified,10,213.73,245.0,2.0647349422398067
206520,0,unclassified,11,219.96,255.0,2.2737911791603658
206520,0,unclassified,12,259.85,250.0,0.6169216571638328
206520,0,unclassified,13,298.43,190.0,6.938463213761991
206520,0,unclassified,14,261.46,220.0,2.6721706516163235
206520,0,unclassified,15,229.57,200.0,2.017666347322327
206520,0,unclassified,16,298.91,260.0,2.327583600426057
206520,0,unclassified,17,328.06,230.0,5.870383035407769
206520,0,unclassified,18,285.04,265.0,1.2084135275565069
206520,0,unclassified,19,227.5,240.0,0.8175874252096608
206520,0,unclassified,20,193.11,225.0,2.2055872355123087
206520,0,unclassified,21,137.41,140.0,0.21991441915827634
206520,0,unclassified,22,109.52,170.0,5.115879853387764
206520,0,unclassified,23,86.98,165.0,6.950849864184328
207411,0,unclassified,0,657.21,0.0,36.25493069914767
207411,0,unclassified,1,329.73,0.0,25.67995327098552
207411,0,unclassified,2,14.22,0.0,5.332916650389353
207411,0,unclassified,3,1.43,0.0,1.6911534525287764
207411,0,unclassified,4,0.72,0.0,1.2
207411,0,unclassified,5,20.41,10.0,2.6696696070091934
207411,0,unclassified,6,213.43,35.0,16.009613729113642
207411,0,unclassified,7,722.77,250.0,21.436793467992754
207411,0,unclassified,8,1132.93,290.0,31.602012508564098
207411,0,unclassified,9,752.97,195.0,25.628816416162934
207411,0,unclassified,10,622.95,150.0,24.057723374192246
207411,0,unclassified,11,714.06,145.0,27.457519995059563
207411,0,unclassified,12,868.81,260.0,25.626326262787057
207411,0,unclassified,13,785.18,255.0,23.24791928168463
207411,0,unclassified,14,781.15,290.0,21.2228644452212
207411,0,unclassified,15,735.07,310.0,18.595281720967385
207411,0,unclassified,16,1022.43,250.0,30.623666085215756
207411,0,unclassified,17,1172.29,385.0,28.21402102067157
207411,0,unclassified,18,1090.68,320.0,29.018491478790782
207411,0,unclassified,19,882.0,260.0,26.029889864822344
207411,0,unclassified,20,738.7,160.0,27.299903340062702
207411,0,unclassified,21,439.08,95.0,21.05577687866326
207411,0,unclassified,22,414.46,110.0,18.801350925635994
207411,0,unclassified,23,592.84,85.0,27.58533777897292
207412,0,unclassified,0,657.21,0.0,36.25493069914767
207412,0,unclassified,1,329.73,0.0,25.67995327098552
207412,0,unclassified,2,14.22,0.0,5.332916650389353
207412,0,unclassified,3,1.43,0.0,1.6911534525287764
207412,0,unclassified,4,0.72,0.0,1.2
207412,0,unclassified,5,20.41,5.0,4.32329931439243
207412,0,unclassified,6,213.43,80.0,11.015804683895102
207412,0,unclassified,7,722.77,240.0,22.003612994330332
207412,0,unclassified,8,1132.93,545.0,20.298021100435083
207412,0,unclassified,9,752.97,575.0,6.906653465337469
207412,0,unclassified,10,622.95,400.0,9.858146575939287
207412,0,unclassified,11,714.06,360.0,15.278389987276743
207412,0,unclassified,12,868.81,445.0,16.535598403696085
207412,0,unclassified,13,785.18,405.0,15.584681823833249
207412,0,unclassified,14,781.15,320.0,19.653231473048965
207412,0,unclassified,15,735.07,290.0,19.65923244464949
207412,0,unclassified,16,1022.43,390.0,23.798193648733736
207412,0,unclassified,17,1172.29,485.0,23.875681011792913
207412,0,unclassified,18,1090.68,565.0,18.270408205704996
207412,0,unclassified,19,882.0,525.0,13.459724332410289
207412,0,unclassified,20,738.7,445.0,12.072525198219891
207412,0,unclassified,21,439.08,270.0,8.979654331356233
207412,0,unclassified,22,414.46,135.0,16.860351003324382
207412,0,unclassified,23,592.84,155.0,22.642589215552476
207780,0,unclassified,0,234.71,0.0,21.666102556759025
207780,0,unclassified,1,187.51,0.0,19.365433121931456
207780,0,unclassified,2,130.0,0.0,16.1245154965971
207780,0,unclassified,3,32.86,0.0,8.106787279804497
207780,0,unclassified,4,35.75,0.0,8.455767262643882
207780,0,unclassified,5,73.64,0.0,12.135897165022453
207780,0,unclassified,6,134.86,0.0,16.423154386414325
207780,0,unclassified,7,241.78,5.0,21.31596674906395
207780,0,unclassified,8,316.03,15.0,23.398666065265548
207780,0,unclassified,9,388.57,0.0,27.87723085243583
207780,0,unclassified,10,393.64,5.0,27.527835109207533
207780,0,unclassified,11,408.21,0.0,28.573064238894645
207780,0,unclassified,12,449.74,5.0,29.494403058217106
207780,0,unclassified,13,422.92,0.0,29.083328557783755
207780,0,unclassified,14,471.21,5.0,30.21324184493789
207780,0,unclassified,15,519.24,5.0,31.762580258133262
207780,0,unclassified,16,547.79,0.0,33.099546824692325
207780,0,unclassified,17,536.79,5.0,32.310201898430826
207780,0,unclassified,18,556.12,5.0,32.90283316064361
207780,0,unclassified,19,537.25,10.0,31.874156533596093
207780,0,unclassified,20,475.97,0.0,30.853524920177275
207780,0,unclassified,21,325.25,0.0,25.5049014897137
207780,0,unclassified,22,269.93,0.0,23.234887561595816
207780,0,unclassified,23,296.81,0.0,24.364318172278082
207781,0,unclassified,0,234.71,0.0,21.666102556759025
207781,0,unclassified,1,187.51,0.0,19.365433121931456
207781,0,unclassified,2,130.0,0.0,16.1245154965971
207781,0,unclassified,3,32.86,15.0,3.6509854756744047
207781,0,unclassified,4,35.75,15.0,4.119220835979361
207781,0,unclassified,5,73.64,5.0,10.946379994998965
207781,0,unclassified,6,134.86,270.0,9.498313003297499
207781,0,unclassified,7,241.78,1060.0,32.07127983770667
207781,0,unclassified,8,316.03,880.0,23.06215909654659
207781,0,unclassified,9,388.57,910.0,20.463425249704542
207781,0,unclassified,10,393.64,705.0,13.284649877838586
207781,0,unclassified,11,408.21,565.0,7.107716163620119
207781,0,unclassified,12,449.74,740.0,11.900800013735797
207781,0,unclassified,13,422.92,780.0,14.560026020908232
207781,0,unclassified,14,471.21,785.0,12.520537516615876
207781,0,unclassified,15,519.24,715.0,7.880234575604606
207781,0,unclassified,16,547.79,785.0,9.1889762402223
207781,0,unclassified,17,536.79,820.0,10.873447572675792
207781,0,unclassified,18,556.12,895.0,12.580829375108303
207781,0,unclassified,19,537.25,675.0,5.595134217582767
207781,0,unclassified,20,475.97,450.0,1.2069478049961453
207781,0,unclassified,21,325.25,290.0,2.0097790183400597
207781,0,unclassified,22,269.93,310.0,2.3531334233108576
207781,0,unclassified,23,296.81,325.0,1.5987524486099915
208154,0,unclassified,0,399.06,0.0,28.25101768078453
208154,0,unclassified,1,298.74,0.0,24.443404018262267
208154,0,unclassified,2,248.89,0.0,22.310983842045154
208154,0,unclassified,3,0.0,5.0,3.1622776601683795
208154,0,unclassified,4,18.82,70.0,7.6799765677417815
208154,0,unclassified,5,134.74,20.0,13.044533340487387
208154,0,unclassified,6,312.97,455.0,7.248079652261003
208154,0,unclassified,7,895.68,1430.0,15.669006085624178
208154,0,unclassified,8,1502.29,1335.0,4.441535271314712
208154,0,unclassified,9,1061.57,1390.0,9.380709111301913
208154,0,unclassified,10,916.25,1470.0,16.03137475163777
208154,0,unclassified,11,929.68,1470.0,15.598734822747948
208154,0,unclassified,12,1053.14,1410.0,10.168767565719563
208154,0,unclassified,13,983.0,1435.0,12.999459173072948
208154,0,unclassified,14,1069.34,1355.0,8.204793708238393
208154,0,unclassified,15,1080.0,1035.0,1.3837968120433277
208154,0,unclassified,16,1229.86,1035.0,5.790512656360237
208154,0,unclassified,17,1437.14,1585.0,3.803718861991557
208154,0,unclassified,18,1314.86,1485.0,4.5472964537304
208154,0,unclassified,19,1148.43,1170.0,0.633531406022332
208154,0,unclassified,20,936.91,1280.0,10.305024450280815
208154,0,unclassified,21,579.74,1250.0,22.159686340544
208154,0,unclassified,22,456.24,865.0,15.9034933515914
208154,0,unclassified,23,499.86,515.0,0.6721060508302674
208413,0,unclassified,0,218.92,0.0,20.924626639440906
208413,0,unclassified,1,113.61,0.0,15.073818361649446
208413,0,unclassified,2,77.73,0.0,12.4683599563054
208413,0,unclassified,3,68.11,20.0,7.248326604494969
208413,0,unclassified,4,117.9,15.0,12.623154045589825
208413,0,unclassified,5,130.51,5.0,15.247816428499117
208413,0,unclassified,6,272.55,340.0,3.8541284061325034
208413,0,unclassified,7,682.65,1230.0,17.699555828532286
208413,0,unclassified,8,732.86,1190.0,14.743153565539906
208413,0,unclassified,9,677.52,1185.0,16.629663314456906
208413,0,unclassified,10,568.14,1180.0,20.69564447265252
208413,0,unclassified,11,557.09,1175.0,20.99689103170111
208413,0,unclassified,12,599.07,1170.0,19.196645852667643
208413,0,unclassified,13,637.32,1050.0,14.207893483974797
208413,0,unclassified,14,645.56,1145.0,16.691827218151357
208413,0,unclassified,15,577.54,985.0,14.577545538404316
208413,0,unclassified,16,656.71,1015.0,12.392793543424464
208413,0,unclassified,17,643.17,1115.0,15.913661502617886
208413,0,unclassified,18,626.71,1120.0,16.691943500932897
208413,0,unclassified,19,656.5,745.0,3.3431950682482787
208413,0,unclassified,20,616.62,475.0,6.061831300949137
208413,0,unclassified,21,414.52,415.0,0.023569089440345567
208413,0,unclassified,22,353.14,350.0,0.1674648803841353
208413,0,unclassified,23,342.29,360.0,0.9450946762559737
209378,0,unclassified,0,146.26,0.0,17.103216071838652
209378,0,unclassified,1,99.22,0.0,14.086873322352266
209378,0,unclassified,2,81.21,0.0,12.74441053952673
209378,0,unclassified,3,10.86,0.0,4.6604720790924175
209378,0,unclassified,4,34.86,0.0,8.349850298059241
209378,0,unclassified,5,47.0,5.0,8.23687767580373
209378,0,unclassified,6,116.79,25.0,10.901532815638653
209378,0,unclassified,7,239.01,240.0,0.06397022856116974
209378,0,unclassified,8,353.29,475.0,5.980672912830383
209378,0,unclassified,9,328.57,465.0,6.849080272261279
209378,0,unclassified,10,326.07,455.0,6.524150965095449
209378,0,unclassified,11,365.64,500.0,6.458272041328685
209378,0,unclassified,12,382.93,530.0,6.8836748913222365
209378,0,unclassified,13,340.93,565.0,10.528133691200535
209378,0,unclassified,14,387.92,465.0,3.7325235341059635
209378,0,unclassified,15,416.24,460.0,2.0906473092860662
209378,0,unclassified,16,466.0,505.0,1.7699866466008185
209378,0,unclassified,17,496.0,685.0,7.777711919939447
209378,0,unclassified,18,493.14,460.0,1.5180607585837915
209378,0,unclassified,19,431.94,685.0,10.708375195877524
209378,0,unclassified,20,318.52,505.0,9.189887245711274
209378,0,unclassified,21,200.36,400.0,11.522764463131649
209378,0,unclassified,22,167.5,225.0,4.104526008927436
209378,0,unclassified,23,183.17,285.0,6.655626635718913
209379,0,unclassified,0,264.42,0.0,22.996521476084162
209379,0,unclassified,1,148.69,0.0,17.244709333589824
209379,0,unclassified,2,91.67,0.0,13.540310188470572
209379,0,unclassified,3,13.97,0.0,5.285830114561004
209379,0,unclassified,4,75.26,5.0,11.09107304640573
209379,0,unclassified,5,116.26,10.0,13.373710472099404
209379,0,unclassified,6,262.08,105.0,11.594593547957343
209379,0,unclassified,7,575.27,525.0,2.1432569822939858
209379,0,unclassified,8,854.14,770.0,2.952607878649251
209379,0,unclassified,9,754.57,670.0,3.168760613197269
209379,0,unclassified,10,696.79,605.0,3.597823897551657
209379,0,unclassified,11,775.21,645.0,4.8863329223356775
209379,0,unclassified,12,769.11,585.0,7.07563470089103
209379,0,unclassified,13,690.63,515.0,7.1533039027221506
209379,0,unclassified,14,794.63,580.0,8.18676858780254
209379,0,unclassified,15,802.96,445.0,14.330098134865986
209379,0,unclassified,16,955.21,585.0,13.340532771807375
209379,0,unclassified,17,998.0,660.0,11.739225226837476
209379,0,unclassified,18,982.14,640.0,12.01364188967132
209379,0,unclassified,19,896.37,490.0,15.43465977424991
209379,0,unclassified,20,693.86,300.0,17.66827980885578
209379,0,unclassified,21,429.72,205.0,12.614371947582793
209379,0,unclassified,22,361.36,200.0,9.631416221087523
209379,0,unclassified,23,359.37,325.0,1.8580142829264106
209536,0,unclassified,0,102.31,0.0,14.304544732356916
209536,0,unclassified,1,67.54,0.0,11.62239218061411
209536,0,unclassified,2,35.41,0.0,8.415461959987699
209536,0,unclassified,3,10.0,15.0,1.4142135623730951
209536,0,unclassified,4,18.21,30.0,2.401376394368445
209536,0,unclassified,5,43.73,10.0,6.507630991414379
209536,0,unclassified,6,121.87,210.0,6.8415541751052915
209536,0,unclassified,7,351.11,530.0,8.522872602676841
209536,0,unclassified,8,519.71,535.0,0.6658186431662115
209536,0,unclassified,9,350.29,565.0,10.0366299264854
209536,0,unclassified,10,274.57,490.0,11.018248236953333
209536,0,unclassified,11,251.29,445.0,10.381783309900758
209536,0,unclassified,12,270.81,470.0,10.349732172119758
209536,0,unclassified,13,256.25,475.0,11.440107883060735
209536,0,unclassified,14,312.35,470.0,7.970919616467015
209536,0,unclassified,15,273.11,315.0,2.4428459256969424
209536,0,unclassified,16,302.14,440.0,7.156659454234679
209536,0,unclassified,17,308.43,425.0,6.087268513313577
209536,0,unclassified,18,324.43,395.0,3.720838698232864
209536,0,unclassified,19,317.7,400.0,4.344535596580058
209536,0,unclassified,20,277.0,290.0,0.7720880321914482
209536,0,unclassified,21,190.43,190.0,0.031177843646452447
209536,0,unclassified,22,155.78,220.0,4.685095717253096
209536,0,unclassified,23,144.44,215.0,5.263327175227015
209537,0,unclassified,0,102.31,0.0,14.304544732356916
209537,0,unclassified,1,67.54,0.0,11.62239218061411
209537,0,unclassified,2,35.41,0.0,8.415461959987699
209537,0,unclassified,3,10.0,0.0,4.47213595499958
209537,0,unclassified,4,18.21,0.0,6.034898507845845
209537,0,unclassified,5,43.73,5.0,7.846288797678361
209537,0,unclassified,6,121.87,60.0,6.488055861533116
209537,0,unclassified,7,351.11,210.0,8.424590215814455
209537,0,unclassified,8,519.71,250.0,13.748283606573406
209537,0,unclassified,9,350.29,235.0,6.739397694362821
209537,0,unclassified,10,274.57,295.0,1.2106254828514351
209537,0,unclassified,11,251.29,240.0,0.7203440571468714
209537,0,unclassified,12,270.81,455.0,9.66873310077621
209537,0,unclassified,13,256.25,335.0,4.580152974355654
209537,0,unclassified,14,312.35,340.0,1.5309809969124952
209537,0,unclassified,15,273.11,300.0,1.5884984919577454
209537,0,unclassified,16,302.14,370.0,3.7016809361702396
209537,0,unclassified,17,308.43,465.0,7.961832608154743
209537,0,unclassified,18,324.43,535.0,10.157953963112234
209537,0,unclassified,19,317.7,520.0,9.884771236575332
209537,0,unclassified,20,277.0,390.0,6.187718163585346
209537,0,unclassified,21,190.43,290.0,6.424338938715183
209537,0,unclassified,22,155.78,265.0,7.529907225728693
209537,0,unclassified,23,144.44,305.0,10.710666489369064
209634,0,unclassified,0,504.57,0.0,31.766963972026034
209634,0,unclassified,1,313.04,0.0,25.02159067685346
209634,0,unclassified,2,212.06,0.0,20.59417393342107
209634,0,unclassified,3,121.29,0.0,15.57497993578162
209634,0,unclassified,4,118.0,0.0,15.362291495737216
209634,0,unclassified,5,161.79,0.0,17.988329550016587
209634,0,unclassified,6,296.56,5.0,23.74411964957667
209634,0,unclassified,7,1082.14,20.0,45.245811324297065
209634,0,unclassified,8,1684.29,25.0,56.758305041299835
209634,0,unclassified,9,1384.71,15.0,51.77553457635589
209634,0,unclassified,10,1216.01,30.0,47.516296623324806
209634,0,unclassified,11,1249.79,30.0,48.220389079755385
209634,0,unclassified,12,1447.64,25.0,52.42781001462069
209634,0,unclassified,13,1253.97,25.0,48.59886208381804
209634,0,unclassified,14,1426.46,25.0,52.022733562332924
209634,0,unclassified,15,1445.65,35.0,51.84514166972308
209634,0,unclassified,16,1636.86,10.0,56.69396593047134
209634,0,unclassified,17,1828.57,20.0,59.48841120586725
209634,0,unclassified,18,1768.71,15.0,58.723326988944414
209634,0,unclassified,19,1581.57,20.0,55.182769406978984
209634,0,unclassified,20,1372.24,10.0,51.81755272772974
209634,0,unclassified,21,830.91,5.0,40.398753201150136
209634,0,unclassified,22,639.43,10.0,34.92981318970937
209634,0,unclassified,23,695.57,0.0,37.29798922194064
209687,0,unclassified,0,116.67,0.0,15.275470532851026
209687,0,unclassified,1,47.5,0.0,9.746794344808963
209687,0,unclassified,2,0.0,0.0,
209687,0,unclassified,3,0.0,0.0,
209687,0,unclassified,4,0.0,5.0,3.1622776601683795
209687,0,unclassified,5,0.0,0.0,
209687,0,unclassified,6,203.64,65.0,11.962396910533686
209687,0,unclassified,7,604.24,400.0,9.114587986953174
209687,0,unclassified,8,665.04,455.0,8.875651490797356
209687,0,unclassified,9,631.55,645.0,0.5323758753887522
209687,0,unclassified,10,576.74,730.0,5.9958288351503395
209687,0,unclassified,11,581.5,750.0,6.530468179628246
209687,0,unclassified,12,620.18,775.0,5.861745246961141
209687,0,unclassified,13,570.61,415.0,7.009708367978305
209687,0,unclassified,14,624.45,665.0,1.5969951717702724
209687,0,unclassified,15,639.33,705.0,2.5329643004892604
209687,0,unclassified,16,690.68,745.0,2.027430305374684
209687,0,unclassified,17,721.63,860.0,4.920446247272196
209687,0,unclassified,18,681.94,755.0,2.725683018967044
209687,0,unclassified,19,670.47,690.0,0.748811932489308
209687,0,unclassified,20,564.25,560.0,0.17925549587012446
209687,0,unclassified,21,458.2,605.0,6.366981228366998
209687,0,unclassified,22,391.11,445.0,2.6356726657579816
209687,0,unclassified,23,344.0,390.0,2.4011804544706505
209688,0,unclassified,0,169.86,0.0,18.43149478474277
209688,0,unclassified,1,142.14,0.0,16.8606049713526
209688,0,unclassified,2,48.46,0.0,9.844795579391175
209688,0,unclassified,3,3.85,0.0,2.7748873851023217
209688,0,unclassified,4,9.47,5.0,1.6618363544911698
209688,0,unclassified,5,87.78,0.0,13.249905660041508
209688,0,unclassified,6,197.28,50.0,13.245375574833968
209688,0,unclassified,7,443.96,230.0,11.655489735559186
209688,0,unclassified,8,624.17,205.0,20.58654188227168
209688,0,unclassified,9,538.0,295.0,11.906901768465614
209688,0,unclassified,10,495.42,285.0,10.65216337690555
209688,0,unclassified,11,495.38,275.0,11.22883439531971
209688,0,unclassified,12,551.23,355.0,9.218519616186615
209688,0,unclassified,13,487.22,220.0,14.21041268710642
209688,0,unclassified,14,582.19,320.0,12.34474481681905
209688,0,unclassified,15,579.75,380.0,9.11848578528313
209688,0,unclassified,16,651.86,450.0,8.600071422274727
209688,0,unclassified,17,706.99,530.0,7.116732346212383
209688,0,unclassified,18,656.83,340.0,14.191579854826582
209688,0,unclassified,19,601.67,285.0,15.039760229653247
209688,0,unclassified,20,497.0,190.0,16.564373126070294
209688,0,unclassified,21,354.61,250.0,6.016591654282693
209688,0,unclassified,22,264.07,145.0,8.325657406293802
209688,0,unclassified,23,280.0,95.0,13.510489751794097
209940,0,unclassified,0,94.78,0.0,13.768079023596574
209940,0,unclassified,1,58.8,0.0,10.844353369380768
209940,0,unclassified,2,15.24,0.0,5.520869496736904
209940,0,unclassified,3,1.92,0.0,1.9595917942265424
209940,0,unclassified,4,3.83,10.0,2.346329882820536
209940,0,unclassified,5,31.16,10.0,4.66436983599695
209940,0,unclassified,6,126.09,55.0,7.470957703808357
209940,0,unclassified,7,357.9,175.0,11.20484474204689
209940,0,unclassified,8,635.14,360.0,12.334644559049716
209940,0,unclassified,9,469.29,365.0,5.106215578460364
209940,0,unclassified,10,347.31,295.0,2.9189548410691604
209940,0,unclassified,11,405.06,290.0,6.172032716793019
209940,0,unclassified,12,479.9,280.0,10.255328343940617
209940,0,unclassified,13,490.61,340.0,7.390438862540339
209940,0,unclassified,14,513.59,260.0,12.894119711820194
209940,0,unclassified,15,482.26,155.0,18.333677782055233
209940,0,unclassified,16,556.71,225.0,16.77840712630297
209940,0,unclassified,17,491.71,290.0,10.202805165495677
209940,0,unclassified,18,450.14,390.0,2.934287005626751
209940,0,unclassified,19,384.57,385.0,0.021920950871565727
209940,0,unclassified,20,302.57,190.0,7.173047142949822
209940,0,unclassified,21,234.49,55.0,14.918957345122028
209940,0,unclassified,22,128.91,45.0,8.998423759388512
209940,0,unclassified,23,129.53,55.0,7.759122851683595
210130,0,unclassified,0,64.58,0.0,11.364858116140297
210130,0,unclassified,1,10.59,0.0,4.602173399601541
210130,0,unclassified,2,4.05,0.0,2.8460498941515415
210130,0,unclassified,3,1.12,0.0,1.4966629547095767
210130,0,unclassified,4,3.77,0.0,2.745906043549196
210130,0,unclassified,5,7.33,0.0,3.8288379438153295
210130,0,unclassified,6,86.92,15.0,10.074766027955855
210130,0,unclassified,7,284.19,60.0,17.08960837898861
210130,0,unclassified,8,372.14,85.0,18.992585138398457
210130,0,unclassified,9,324.86,145.0,11.734520546655567
210130,0,unclassified,10,265.57,105.0,11.796258376595542
210130,0,unclassified,11,259.43,90.0,12.818146018649006
210130,0,unclassified,12,317.71,60.0,18.752839093871728
210130,0,unclassified,13,271.19,70.0,15.403635793611876
210130,0,unclassified,14,307.3,40.0,20.28437192306614
210130,0,unclassified,15,299.38,40.0,19.911700950885614
210130,0,unclassified,16,348.71,50.0,21.156128467037085
210130,0,unclassified,17,366.43,45.0,22.4105971201511
210130,0,unclassified,18,381.0,75.0,20.26534506309517
210130,0,unclassified,19,369.29,55.0,21.578147763679098
210130,0,unclassified,20,295.52,5.0,23.700327278554788
210130,0,unclassified,21,184.21,25.0,15.566612707764577
210130,0,unclassified,22,138.76,10.0,14.929761877820477
210130,0,unclassified,23,141.86,50.0,9.378841983525692
210131,0,unclassified,0,64.58,0.0,11.364858116140297
210131,0,unclassified,1,10.59,0.0,4.602173399601541
210131,0,unclassified,2,4.05,0.0,2.8460498941515415
210131,0,unclassified,3,1.12,0.0,1.4966629547095767
210131,0,unclassified,4,3.77,0.0,2.745906043549196
210131,0,unclassified,5,7.33,0.0,3.8288379438153295
210131,0,unclassified,6,86.92,55.0,3.789274604632434
210131,0,unclassified,7,284.19,340.0,3.1591381418551365
210131,0,unclassified,8,372.14,480.0,5.225404775781779
210131,0,unclassified,9,324.86,475.0,7.507656948725777
210131,0,unclassified,10,265.57,510.0,12.41249266197476
210131,0,unclassified,11,259.43,515.0,12.987746000343583
210131,0,unclassified,12,317.71,420.0,5.326051250400567
210131,0,unclassified,13,271.19,275.0,0.23055157915025312
210131,0,unclassified,14,307.3,215.0,5.711585546778217
210131,0,unclassified,15,299.38,220.0,4.9258760716604195
210131,0,unclassified,16,348.71,215.0,7.96436246799218
210131,0,unclassified,17,366.43,205.0,9.550315655970602
210131,0,unclassified,18,381.0,280.0,5.55565977377453
210131,0,unclassified,19,369.29,270.0,5.553561082891151
210131,0,unclassified,20,295.52,150.0,9.749988005941303
210131,0,unclassified,21,184.21,135.0,3.895203204070678
210131,0,unclassified,22,138.76,120.0,1.6492984872597467
210131,0,unclassified,23,141.86,155.0,1.0785356912735606
210142,0,unclassified,0,113.27,0.0,15.051245795614395
210142,0,unclassified,1,13.64,0.0,5.223025942880239
210142,0,unclassified,2,0.0,0.0,
210142,0,unclassified,3,0.0,0.0,
210142,0,unclassified,4,3.7,5.0,0.6233022919309993
210142,0,unclassified,5,10.95,10.0,0.2935260088982937
210142,0,unclassified,6,139.04,65.0,7.330333783249454
210142,0,unclassified,7,297.17,260.0,2.226966564967515
210142,0,unclassified,8,423.43,490.0,3.1149847097124987
210142,0,unclassified,9,392.29,355.0,1.9291357791354018
210142,0,unclassified,10,370.54,330.0,2.1661188075279143
210142,0,unclassified,11,359.32,355.0,0.22858742724355802
210142,0,unclassified,12,363.43,530.0,7.881003455256172
210142,0,unclassified,13,314.57,320.0,0.3048421803243384
210142,0,unclassified,14,363.34,375.0,0.6068555800564451
210142,0,unclassified,15,360.69,335.0,1.3774353415980944
210142,0,unclassified,16,410.64,465.0,2.5979551524945603
210142,0,unclassified,17,445.0,455.0,0.4714045207910317
210142,0,unclassified,18,420.86,535.0,5.221024390238785
210142,0,unclassified,19,376.43,405.0,1.4453738665364466
210142,0,unclassified,20,326.67,350.0,1.2683563143917542
210142,0,unclassified,21,206.93,165.0,3.0747460706579823
210142,0,unclassified,22,156.35,135.0,1.7689084884279536
210142,0,unclassified,23,141.8,185.0,3.3795410087200537
210143,0,unclassified,0,113.27,0.0,15.051245795614395
210143,0,unclassified,1,13.64,0.0,5.223025942880239
210143,0,unclassified,2,0.0,0.0,
210143,0,unclassified,3,0.0,5.0,3.1622776601683795
210143,0,unclassified,4,3.7,15.0,3.6954951619476666
210143,0,unclassified,5,10.95,10.0,0.2935260088982937
210143,0,unclassified,6,139.04,110.0,2.6024180112542163
210143,0,unclassified,7,297.17,320.0,1.2996263427174835
210143,0,unclassified,8,423.43,665.0,10.355182214759964
210143,0,unclassified,9,392.29,600.0,9.325091378007787
210143,0,unclassified,10,370.54,380.0,0.48833652988369003
210143,0,unclassified,11,359.32,400.0,2.0877741813957678
210143,0,unclassified,12,363.43,460.0,4.759308824553532
210143,0,unclassified,13,314.57,390.0,4.0188059064892245
210143,0,unclassified,14,363.34,420.0,2.8629674880432856
210143,0,unclassified,15,360.69,385.0,1.2589856996355078
210143,0,unclassified,16,410.64,365.0,2.3175575889885844
210143,0,unclassified,17,445.0,350.0,4.764913694467432
210143,0,unclassified,18,420.86,330.0,4.689302461345593
210143,0,unclassified,19,376.43,230.0,8.409200769764105
210143,0,unclassified,20,326.67,200.0,7.805836995199512
210143,0,unclassified,21,206.93,120.0,6.799191764929659
210143,0,unclassified,22,156.35,295.0,9.229499451796883
210143,0,unclassified,23,141.8,235.0,6.790088943130739
211464,0,unclassified,0,273.23,0.0,23.376483910117877
211464,0,unclassified,1,179.8,0.0,18.963122105813696
211464,0,unclassified,2,120.57,0.0,15.528683137986942
211464,0,unclassified,3,75.29,0.0,12.271104269787623
211464,0,unclassified,4,131.32,10.0,14.432633557557557
211464,0,unclassified,5,187.8,0.0,19.380402472601027
211464,0,unclassified,6,309.19,105.0,14.18893052824058
211464,0,unclassified,7,781.94,800.0,0.6421518529427103
211464,0,unclassified,8,1292.52,905.0,11.69075881990922
211464,0,unclassified,9,870.43,820.0,1.734624077089562
211464,0,unclassified,10,701.75,720.0,0.684488645244472
211464,0,unclassified,11,669.54,885.0,7.728241815829479
211464,0,unclassified,12,699.98,745.0,1.6749026529534612
211464,0,unclassified,13,685.02,665.0,0.7705644514147347
211464,0,unclassified,14,745.62,750.0,0.16016900449588697
211464,0,unclassified,15,728.96,590.0,5.411142746366648
211464,0,unclassified,16,774.21,735.0,1.4273714408404785
211464,0,unclassified,17,850.29,685.0,5.965768091097061
211464,0,unclassified,18,852.43,525.0,12.476670251011612
211464,0,unclassified,19,808.86,485.0,12.732939219895842
211464,0,unclassified,20,721.05,345.0,16.288151629179588
211464,0,unclassified,21,554.16,360.0,9.081626861010964
211464,0,unclassified,22,443.57,250.0,10.394602785113163
211464,0,unclassified,23,426.0,170.0,14.829681826905402
211480,0,unclassified,0,453.79,0.0,30.126068445782966
211480,0,unclassified,1,313.01,0.0,25.020391683584812
211480,0,unclassified,2,229.44,0.0,21.42148454239341
211480,0,unclassified,3,172.69,5.0,17.790603017974075
211480,0,unclassified,4,177.29,10.0,17.28732051798199
211480,0,unclassified,5,199.76,10.0,18.529270966026104
211480,0,unclassified,6,308.3,295.0,0.7657728702720464
211480,0,unclassified,7,803.68,970.0,5.584982796364397
211480,0,unclassified,8,1421.43,1215.0,5.685644322257982
211480,0,unclassified,9,1022.57,995.0,0.8680354426071962
211480,0,unclassified,10,890.43,925.0,1.1474258333225935
211480,0,unclassified,11,985.86,1115.0,3.984531126151426
211480,0,unclassified,12,1181.64,1285.0,2.943165022272464
211480,0,unclassified,13,1035.91,1245.0,6.191475886177196
211480,0,unclassified,14,1139.14,1240.0,2.9243137229276477
211480,0,unclassified,15,1111.74,1290.0,5.144058565915251
211480,0,unclassified,16,1318.79,1290.0,0.7971445884770622
211480,0,unclassified,17,1571.0,1285.0,7.568362573556973
211480,0,unclassified,18,1434.0,1365.0,1.8444319614586386
211480,0,unclassified,19,1236.14,1385.0,4.111950741605987
211480,0,unclassified,20,1065.95,1355.0,8.307972714442952
211480,0,unclassified,21,652.26,1190.0,17.717885034907262
211480,0,unclassified,22,522.43,1245.0,24.306577552056197
211480,0,unclassified,23,573.0,890.0,11.72066078634759
212905,0,unclassified,0,309.63,0.0,24.88493520184451
212905,0,unclassified,1,211.55,0.0,20.569394740730704
212905,0,unclassified,2,151.49,0.0,17.406320691059324
212905,0,unclassified,3,83.85,15.0,9.79333488624961
212905,0,unclassified,4,102.5,20.0,10.541463322499009
212905,0,unclassified,5,144.44,45.0,10.217397061027956
212905,0,unclassified,6,206.26,260.0,3.5196427192404007
212905,0,unclassified,7,562.34,1045.0,17.025600165856925
212905,0,unclassified,8,1029.86,1480.0,12.706848612361094
212905,0,unclassified,9,1015.57,1485.0,13.275972077136679
212905,0,unclassified,10,840.64,1550.0,20.517507572548688
212905,0,unclassified,11,755.07,1455.0,21.05555006063781
212905,0,unclassified,12,801.71,1270.0,14.55008064642129
212905,0,unclassified,13,688.19,1155.0,15.376946239184536
212905,0,unclassified,14,810.34,1260.0,13.975856007290869
212905,0,unclassified,15,746.74,1190.0,14.24419396316674
212905,0,unclassified,16,731.0,970.0,8.195222364653326
212905,0,unclassified,17,708.57,965.0,8.86465604020609
212905,0,unclassified,18,694.71,795.0,3.6746989274966624
212905,0,unclassified,19,699.29,770.0,2.6088077362899313
212905,0,unclassified,20,763.71,540.0,8.76213413457907
212905,0,unclassified,21,641.29,455.0,7.956861785422135
212905,0,unclassified,22,503.43,515.0,0.5127229588543453
212905,0,unclassified,23,469.86,430.0,1.879164582802717
212906,0,unclassified,0,304.57,0.0,24.680761738649803
212906,0,unclassified,1,207.74,0.0,20.38332651948646
212906,0,unclassified,2,169.31,0.0,18.40163036255212
212906,0,unclassified,3,118.78,0.0,15.412981541544777
212906,0,unclassified,4,117.1,0.0,15.303594349041012
212906,0,unclassified,5,110.13,15.0,12.026846617416336
212906,0,unclassified,6,114.26,110.0,0.40229875450980396
212906,0,unclassified,7,220.98,345.0,7.372354029996271
212906,0,unclassified,8,349.57,565.0,10.074249526158919
212906,0,unclassified,9,309.21,470.0,8.146044427177568
212906,0,unclassified,10,342.74,590.0,11.449553794520407
212906,0,unclassified,11,435.77,770.0,13.6121958696728
212906,0,unclassified,12,444.59,1110.0,23.866920487173505
212906,0,unclassified,13,390.32,925.0,20.849383863052285
212906,0,unclassified,14,483.76,950.0,17.413509129113265
212906,0,unclassified,15,522.81,865.0,12.990243901327002
212906,0,unclassified,16,581.29,1040.0,16.111013211900623
212906,0,unclassified,17,596.43,1395.0,25.307279766568172
212906,0,unclassified,18,601.86,1445.0,26.355461281280046
212906,0,unclassified,19,547.14,1250.0,23.447301650372328
212906,0,unclassified,20,347.19,870.0,21.19237820523082
212906,0,unclassified,21,298.81,705.0,18.130862578554293
212906,0,unclassified,22,305.55,775.0,20.196769423957377
212906,0,unclassified,23,363.43,495.0,6.350668290299873
212928,0,unclassified,0,180.78,0.0,19.014731131414926
212928,0,unclassified,1,67.5,0.0,11.61895003862225
212928,0,unclassified,2,0.0,0.0,
212928,0,unclassified,3,0.0,20.0,6.324555320336759
212928,0,unclassified,4,1.95,20.0,5.448474740068663
212928,0,unclassified,5,29.41,10.0,4.372575487259052
212928,0,unclassified,6,211.74,215.0,0.22317776366833073
212928,0,unclassified,7,394.25,1025.0,23.67787947422623
212928,0,unclassified,8,513.67,945.0,15.97151588252192
212928,0,unclassified,9,419.33,910.0,19.032160895519187
212928,0,unclassified,10,367.43,825.0,18.739417785928623
212928,0,unclassified,11,383.26,890.0,20.083603421695763
212928,0,unclassified,12,462.17,810.0,13.791435086337021
212928,0,unclassified,13,416.83,870.0,17.865515867500395
212928,0,unclassified,14,433.62,870.0,17.09245040415027
212928,0,unclassified,15,434.7,470.0,1.6597298625185575
212928,0,unclassified,16,463.07,705.0,10.010834653770196
212928,0,unclassified,17,528.57,805.0,10.705137825095285
212928,0,unclassified,18,489.57,765.0,10.997115613041226
212928,0,unclassified,19,494.64,550.0,2.4222990209917454
212928,0,unclassified,20,391.08,410.0,0.9453620958053855
212928,0,unclassified,21,300.4,315.0,0.8323176564166909
212928,0,unclassified,22,239.62,320.0,4.805254411762166
212928,0,unclassified,23,239.82,425.0,10.15680324741069
213488,0,unclassified,0,324.07,0.0,25.458593833909994
213488,0,unclassified,1,275.0,0.0,23.45207879911715
213488,0,unclassified,2,46.67,0.0,9.66126285741155
213488,0,unclassified,3,0.0,5.0,3.1622776601683795
213488,0,unclassified,4,0.0,0.0,
213488,0,unclassified,5,53.04,5.0,8.917729496892026
213488,0,unclassified,6,230.65,210.0,1.3911955076224596
213488,0,unclassified,7,631.46,610.0,0.8613474055338148
213488,0,unclassified,8,1009.86,875.0,4.392973709332524
213488,0,unclassified,9,755.71,790.0,1.233441267578514
213488,0,unclassified,10,682.39,615.0,2.645910691154636
213488,0,unclassified,11,697.84,675.0,0.8717684251322071
213488,0,unclassified,12,891.07,800.0,3.131911935343573
213488,0,unclassified,13,775.23,640.0,5.083637009863269
213488,0,unclassified,14,844.4,725.0,4.262383289156775
213488,0,unclassified,15,825.3,645.0,6.649787173678057
213488,0,unclassified,16,1007.21,675.0,11.454802189838944
213488,0,unclassified,17,1211.0,805.0,12.787798003478855
213488,0,unclassified,18,1173.14,745.0,13.824857119785172
213488,0,unclassified,19,899.14,655.0,8.758079213512513
213488,0,unclassified,20,770.91,670.0,3.759505948321785
213488,0,unclassified,21,455.24,540.0,3.799636357005823
213488,0,unclassified,22,307.84,425.0,6.120540525155428
213488,0,unclassified,23,340.17,320.0,1.1101789887386062
213490,0,unclassified,0,253.37,0.0,22.510886255321
213490,0,unclassified,1,223.14,0.0,21.125340233946527
213490,0,unclassified,2,87.69,0.0,13.243111416883874
213490,0,unclassified,3,20.0,5.0,4.242640687119285
213490,0,unclassified,4,8.57,0.0,4.1400483088968905
213490,0,unclassified,5,45.56,5.0,8.066950861541903
213490,0,unclassified,6,240.47,220.0,1.3490628098645796
213490,0,unclassified,7,706.33,635.0,2.754351755779678
213490,0,unclassified,8,1156.57,945.0,6.526752643830956
213490,0,unclassified,9,758.14,915.0,5.423268013769319
213490,0,unclassified,10,620.24,675.0,2.1518069867954246
213490,0,unclassified,11,682.99,690.0,0.2675465337359331
213490,0,unclassified,12,719.93,805.0,3.0808210745151605
213490,0,unclassified,13,679.79,695.0,0.5801309418969285
213490,0,unclassified,14,726.65,785.0,2.122414646605877
213490,0,unclassified,15,763.07,675.0,3.2843768395980977
213490,0,unclassified,16,883.5,700.0,6.521417920637427
213490,0,unclassified,17,919.43,820.0,3.371544989301689
213490,0,unclassified,18,888.0,820.0,2.3269120968191266
213490,0,unclassified,19,778.43,680.0,3.6450180925124314
213490,0,unclassified,20,577.81,685.0,4.265797767183589
213490,0,unclassified,21,334.32,540.0,9.8372080156254
213490,0,unclassified,22,288.16,420.0,7.006425299769288
213490,0,unclassified,23,314.29,315.0,0.04002652904685691
213502,0,unclassified,0,176.58,0.0,18.79255171603899
213502,0,unclassified,1,115.38,0.0,15.190786681406594
213502,0,unclassified,2,15.38,0.0,5.546169849544819
213502,0,unclassified,3,0.0,5.0,3.1622776601683795
213502,0,unclassified,4,0.0,0.0,
213502,0,unclassified,5,17.5,5.0,3.7267799624996494
213502,0,unclassified,6,132.22,195.0,4.908133750062433
213502,0,unclassified,7,339.33,620.0,12.815246952339995
213502,0,unclassified,8,498.5,870.0,14.202062353130506
213502,0,unclassified,9,350.5,740.0,16.68052152235295
213502,0,unclassified,10,291.91,465.0,8.897435620678378
213502,0,unclassified,11,319.35,585.0,12.492706779307019
213502,0,unclassified,12,340.05,635.0,13.358261933692342
213502,0,unclassified,13,316.86,570.0,12.021211548575113
213502,0,unclassified,14,338.37,680.0,15.139732447148669
213502,0,unclassified,15,353.43,560.0,9.665951501957501
213502,0,unclassified,16,378.83,580.0,9.187712710455695
213502,0,unclassified,17,418.17,745.0,13.552372043363988
213502,0,unclassified,18,381.5,760.0,15.843200696904109
213502,0,unclassified,19,355.0,595.0,11.011955225786965
213502,0,unclassified,20,264.13,565.0,14.776873967298155
213502,0,unclassified,21,169.21,400.0,13.68030324703491
213502,0,unclassified,22,162.76,330.0,10.654606956775115
213502,0,unclassified,23,203.3,275.0,4.636432730827551
213503,0,unclassified,0,176.58,0.0,18.79255171603899
213503,0,unclassified,1,115.38,0.0,15.190786681406594
213503,0,unclassified,2,15.38,0.0,5.546169849544819
213503,0,unclassified,3,0.0,0.0,
213503,0,unclassified,4,0.0,15.0,5.477225575051661
213503,0,unclassified,5,17.5,10.0,2.0225995873897262
213503,0,unclassified,6,132.22,200.0,5.25900611001601
213503,0,unclassified,7,339.33,620.0,12.815246952339995
213503,0,unclassified,8,498.5,820.0,12.521487030972732
213503,0,unclassified,9,350.5,780.0,18.06520451946068
213503,0,unclassified,10,291.91,645.0,16.313662697619183
213503,0,unclassified,11,319.35,725.0,17.751842768393605
213503,0,unclassified,12,340.05,690.0,15.420265186387793
213503,0,unclassified,13,316.86,750.0,18.753812682489762
213503,0,unclassified,14,338.37,705.0,16.051803107119625
213503,0,unclassified,15,353.43,700.0,15.100910134035113
213503,0,unclassified,16,378.83,680.0,13.089214594404611
213503,0,unclassified,17,418.17,735.0,13.194551342295915
213503,0,unclassified,18,381.5,755.0,15.668264124015806
213503,0,unclassified,19,355.0,620.0,12.002136561932714
213503,0,unclassified,20,264.13,675.0,18.960796314391228
213503,0,unclassified,21,169.21,390.0,13.204043085866365
213503,0,unclassified,22,162.76,240.0,5.442946892170653
213503,0,unclassified,23,203.3,235.0,2.1413542745504053
213544,0,unclassified,0,429.32,0.0,29.3025596151599
213544,0,unclassified,1,320.08,0.0,25.30138336138955
213544,0,unclassified,2,206.0,0.0,20.29778313018444
213544,0,unclassified,3,0.0,5.0,3.1622776601683795
213544,0,unclassified,4,0.0,5.0,3.1622776601683795
213544,0,unclassified,5,0.0,30.0,7.745966692414834
213544,0,unclassified,6,480.0,270.0,10.844353369380768
213544,0,unclassified,7,701.69,915.0,7.502618049591439
213544,0,unclassified,8,953.43,1300.0,10.32485421649999
213544,0,unclassified,9,764.32,1210.0,14.185001001545032
213544,0,unclassified,10,637.0,935.0,10.629307987595684
213544,0,unclassified,11,682.01,1015.0,11.431520210943495
213544,0,unclassified,12,707.96,1110.0,13.334971765233757
213544,0,unclassified,13,676.36,990.0,10.86580800604294
213544,0,unclassified,14,779.76,1020.0,8.008533920059266
213544,0,unclassified,15,764.06,885.0,4.211790235241625
213544,0,unclassified,16,796.07,1060.0,8.663763328549498
213544,0,unclassified,17,794.0,1370.0,17.51091552894187
213544,0,unclassified,18,771.14,1155.0,12.369266073047891
213544,0,unclassified,19,752.52,1095.0,11.268228325805888
213544,0,unclassified,20,675.46,640.0,1.3826584295410533
213544,0,unclassified,21,518.24,455.0,2.866796622025397
213544,0,unclassified,22,502.12,320.0,8.982661469430596
213544,0,unclassified,23,526.25,335.0,9.21619858730163
21423,0,unclassified,0,158.42,0.0,17.8
21423,0,unclassified,1,117.56,0.0,15.333623185666198
21423,0,unclassified,2,31.85,0.0,7.981227975693966
21423,0,unclassified,3,8.11,5.0,1.2147140114743082
21423,0,unclassified,4,17.62,15.0,0.648745428896735
21423,0,unclassified,5,68.57,5.0,10.481340533936374
21423,0,unclassified,6,178.33,110.0,5.690907184530702
21423,0,unclassified,7,542.83,675.0,5.356172479322972
21423,0,unclassified,8,820.43,830.0,0.3331412270156224
21423,0,unclassified,9,688.86,890.0,7.158823128891742
21423,0,unclassified,10,664.36,785.0,4.481446237516837
21423,0,unclassified,11,701.79,820.0,4.285404804708393
21423,0,unclassified,12,866.11,905.0,1.3068633341268616
21423,0,unclassified,13,673.0,625.0,1.884164812749263
21423,0,unclassified,14,775.08,755.0,0.7259749526772072
21423,0,unclassified,15,773.98,565.0,8.076676303716333
21423,0,unclassified,16,927.86,790.0,4.703914164927399
21423,0,unclassified,17,1091.71,715.0,12.533660380674679
21423,0,unclassified,18,1072.57,1040.0,1.0021372428341078
21423,0,unclassified,19,874.29,795.0,2.744527077102297
21423,0,unclassified,20,612.0,745.0,5.105951849447124
21423,0,unclassified,21,313.36,485.0,8.590810097841834
21423,0,unclassified,22,180.87,595.0,21.026026642792374
21423,0,unclassified,23,210.07,780.0,25.61554292358354
21470,0,unclassified,0,83.33,0.0,12.909686285886268
21470,0,unclassified,1,0.0,0.0,
21470,0,unclassified,2,0.0,0.0,
21470,0,unclassified,3,0.0,5.0,3.1622776601683795
21470,0,unclassified,4,0.0,10.0,4.47213595499958
21470,0,unclassified,5,2.93,0.0,2.420743687382041
21470,0,unclassified,6,166.9,145.0,1.7536843458464657
21470,0,unclassified,7,362.24,915.0,21.87335242702678
21470,0,unclassified,8,438.8,1125.0,24.540031008183217
21470,0,unclassified,9,392.23,305.0,4.671892462118837
21470,0,unclassified,10,356.53,240.0,6.7474022168120085
21470,0,unclassified,11,372.54,485.0,5.431076042679323
21470,0,unclassified,12,412.6,700.0,12.185187991960762
21470,0,unclassified,13,396.08,555.0,7.287608431939373
21470,0,unclassified,14,441.33,545.0,4.6682808404044005
21470,0,unclassified,15,436.41,715.0,11.610890322322453
21470,0,unclassified,16,499.0,580.0,3.4872998761679024
21470,0,unclassified,17,520.86,355.0,7.925730711816909
21470,0,unclassified,18,497.29,260.0,12.194481050411417
21470,0,unclassified,19,410.07,290.0,6.417690586777333
21470,0,unclassified,20,288.85,370.0,4.471057414684288
21470,0,unclassified,21,204.57,635.0,21.00821120995777
21470,0,unclassified,22,149.41,950.0,34.14643098163318
21470,0,unclassified,23,178.75,1270.0,40.54548782862814
21472,0,unclassified,0,194.17,0.0,19.706344156134083
21472,0,unclassified,1,96.47,0.0,13.890284374338778
21472,0,unclassified,2,26.09,0.0,7.22357252334328
21472,0,unclassified,3,0.0,0.0,
21472,0,unclassified,4,0.0,5.0,3.1622776601683795
21472,0,unclassified,5,76.25,10.0,10.088377586056174
21472,0,unclassified,6,249.75,245.0,0.3020060937245991
21472,0,unclassified,7,638.07,805.0,6.214492841651683
21472,0,unclassified,8,1000.57,1320.0,9.377635812674075
21472,0,unclassified,9,748.0,905.0,5.461076037023625
21472,0,unclassified,10,636.17,800.0,6.11371942362016
21472,0,unclassified,11,714.49,850.0,4.845068788038837
21472,0,unclassified,12,1020.88,1125.0,3.178677305463562
21472,0,unclassified,13,790.36,830.0,1.3926528965968739
21472,0,unclassified,14,841.64,875.0,1.1386793003209477
21472,0,unclassified,15,905.4,680.0,8.005703151940025
21472,0,unclassified,16,1109.43,970.0,4.324133290957391
21472,0,unclassified,17,1296.29,1505.0,5.576724889470914
21472,0,unclassified,18,1218.43,1745.0,13.67961182419775
21472,0,unclassified,19,926.29,1085.0,5.004744861178898
21472,0,unclassified,20,569.0,640.0,2.887754013476399
21472,0,unclassified,21,316.32,370.0,2.8977717723969123
21472,0,unclassified,22,242.55,265.0,1.409262602096156
21472,0,unclassified,23,248.72,315.0,3.9478966589208238
214790,0,unclassified,0,109.72,0.0,14.813507349712964
214790,0,unclassified,1,51.89,0.0,10.187246929372037
214790,0,unclassified,2,12.31,0.0,4.961854492022111
214790,0,unclassified,3,0.0,5.0,3.1622776601683795
214790,0,unclassified,4,0.0,5.0,3.1622776601683795
214790,0,unclassified,5,22.22,10.0,3.0445522778095517
214790,0,unclassified,6,101.92,70.0,3.4428228702564576
214790,0,unclassified,7,208.95,220.0,0.7545255312093597
214790,0,unclassified,8,411.29,335.0,3.949378900133574
214790,0,unclassified,9,391.86,335.0,2.9826099910378043
214790,0,unclassified,10,372.14,280.0,5.102614821238556
214790,0,unclassified,11,433.24,360.0,3.6775706990872847
214790,0,unclassified,12,588.04,510.0,3.3306053704424206
214790,0,unclassified,13,422.24,390.0,1.599807927011573
214790,0,unclassified,14,422.8,420.0,0.13639886789409525
214790,0,unclassified,15,473.58,300.0,8.825962245306332
214790,0,unclassified,16,576.79,470.0,4.667838285521968
214790,0,unclassified,17,679.43,625.0,2.1312919419443204
214790,0,unclassified,18,654.14,640.0,0.5558706922458724
214790,0,unclassified,19,493.43,460.0,1.5311120269597946
214790,0,unclassified,20,354.19,270.0,4.765594699207739
214790,0,unclassified,21,234.7,270.0,2.222148359734984
214790,0,unclassified,22,157.21,285.0,8.594044305304664
214790,0,unclassified,23,142.54,370.0,14.208759074332797
214791,0,unclassified,0,93.9,0.0,13.70401401050072
214791,0,unclassified,1,29.36,0.0,7.662897624267207
214791,0,unclassified,2,5.4,0.0,3.286335345030997
214791,0,unclassified,3,0.72,5.0,2.530817054833274
214791,0,unclassified,4,0.0,5.0,3.1622776601683795
214791,0,unclassified,5,12.0,5.0,2.400980191995124
214791,0,unclassified,6,123.95,190.0,5.271783616613845
214791,0,unclassified,7,333.55,575.0,11.328379546474139
214791,0,unclassified,8,546.86,680.0,5.375588879916172
214791,0,unclassified,9,441.71,465.0,1.0938311414181756
214791,0,unclassified,10,352.74,405.0,2.6848763934158026
214791,0,unclassified,11,352.63,275.0,4.382205472820311
214791,0,unclassified,12,394.83,430.0,1.7318295352119066
214791,0,unclassified,13,413.82,420.0,0.30266856588636226
214791,0,unclassified,14,411.59,380.0,1.5878682836674403
214791,0,unclassified,15,387.3,285.0,5.5796772180923755
214791,0,unclassified,16,407.29,415.0,0.3802391859397462
214791,0,unclassified,17,417.14,505.0,4.091737518136122
214791,0,unclassified,18,402.57,450.0,2.2972227000079597
214791,0,unclassified,19,390.43,335.0,2.910463254409022
214791,0,unclassified,20,276.18,195.0,5.288964121129553
214791,0,unclassified,21,170.21,90.0,7.032043082511653
214791,0,unclassified,22,134.46,75.0,5.810176869629145
214791,0,unclassified,23,147.01,60.0,8.55240982590578
214991,0,unclassified,0,320.22,0.0,25.30691605075577
214991,0,unclassified,1,180.83,0.0,19.01736048982613
214991,0,unclassified,2,135.09,0.0,16.43715303816327
214991,0,unclassified,3,73.33,30.0,6.028239136434041
214991,0,unclassified,4,86.05,30.0,7.358139926616232
214991,0,unclassified,5,137.26,40.0,10.331036372758492
214991,0,unclassified,6,277.38,540.0,12.99064728867038
214991,0,unclassified,7,988.39,1385.0,11.513148435179735
214991,0,unclassified,8,1546.57,1415.0,3.419092666229543
214991,0,unclassified,9,1219.57,1425.0,5.649387055326759
214991,0,unclassified,10,911.1,1375.0,13.721189380383008
214991,0,unclassified,11,867.27,1340.0,14.229853584992684
214991,0,unclassified,12,958.29,1440.0,13.910726487926075
214991,0,unclassified,13,914.54,1390.0,14.006733273066395
214991,0,unclassified,14,1009.85,1335.0,9.496011307966597
214991,0,unclassified,15,951.83,1380.0,12.539574212158504
214991,0,unclassified,16,1025.14,1395.0,10.632419867748121
214991,0,unclassified,17,1059.14,1460.0,11.29487861685927
214991,0,unclassified,18,1027.14,1305.0,8.136988838479148
214991,0,unclassified,19,1060.29,1265.0,6.003651773585616
214991,0,unclassified,20,1052.05,685.0,12.45472281180643
214991,0,unclassified,21,688.09,515.0,7.0572892415015325
214991,0,unclassified,22,538.86,445.0,4.231836651493182
214991,0,unclassified,23,513.57,420.0,4.330900275305349
216814,0,unclassified,0,184.63,0.0,19.21613905028791
216814,0,unclassified,1,123.64,0.0,15.725139109082628
216814,0,unclassified,2,38.33,0.0,8.755569655939013
216814,0,unclassified,3,9.7,0.0,4.404543109109048
216814,0,unclassified,4,2.35,20.0,5.279842211729496
216814,0,unclassified,5,34.67,5.0,6.661951151384505
216814,0,unclassified,6,161.4,270.0,7.39443086306142
216814,0,unclassified,7,468.12,1095.0,22.423492320120275
216814,0,unclassified,8,656.71,1395.0,23.05069351111623
216814,0,unclassified,9,514.43,1110.0,20.89764322892731
216814,0,unclassified,10,473.46,810.0,13.284968199675266
216814,0,unclassified,11,506.1,745.0,9.55179813302892
216814,0,unclassified,12,704.29,985.0,9.65874669014498
216814,0,unclassified,13,533.84,980.0,16.21681794210613
216814,0,unclassified,14,562.15,1010.0,15.973518400166666
216814,0,unclassified,15,605.94,910.0,11.04417507941732
216814,0,unclassified,16,761.14,920.0,5.479331994056043
216814,0,unclassified,17,837.14,855.0,0.6140140466591324
216814,0,unclassified,18,843.71,890.0,1.572222298596399
216814,0,unclassified,19,768.49,640.0,4.841806654518759
216814,0,unclassified,20,649.76,420.0,9.934505234618165
216814,0,unclassified,21,367.18,325.0,2.267315985382785
216814,0,unclassified,22,251.52,460.0,11.05314430831866
216814,0,unclassified,23,252.18,655.0,18.913821647378594
216815,0,unclassified,0,184.63,0.0,19.21613905028791
216815,0,unclassified,1,123.64,0.0,15.725139109082628
216815,0,unclassified,2,38.33,0.0,8.755569655939013
216815,0,unclassified,3,9.7,15.0,1.5081425420448515
216815,0,unclassified,4,2.35,15.0,4.294926971966403
216815,0,unclassified,5,34.67,0.0,8.32706430862642
216815,0,unclassified,6,161.4,135.0,2.168601855596635
216815,0,unclassified,7,468.12,485.0,0.773238818827501
216815,0,unclassified,8,656.71,670.0,0.5160027040064965
216815,0,unclassified,9,514.43,570.0,2.3864626013392525
216815,0,unclassified,10,473.46,505.0,1.4259527948632318
216815,0,unclassified,11,506.1,480.0,1.1754252769467866
216815,0,unclassified,12,704.29,585.0,4.698332292915145
216815,0,unclassified,13,533.84,625.0,3.7871069988581123
216815,0,unclassified,14,562.15,660.0,3.958344345332363
216815,0,unclassified,15,605.94,700.0,3.6809367937714237
216815,0,unclassified,16,761.14,725.0,1.3257855592969447
216815,0,unclassified,17,837.14,670.0,6.088616180843117
216815,0,unclassified,18,843.71,665.0,6.5067027673692435
216815,0,unclassified,19,768.49,720.0,1.77743701997442
216815,0,unclassified,20,649.76,675.0,0.9806990286834462
216815,0,unclassified,21,367.18,605.0,10.786735545327168
216815,0,unclassified,22,251.52,390.0,7.732090925394204
216815,0,unclassified,23,252.18,380.0,7.18941303888679
216827,0,unclassified,0,193.12,0.0,19.652989594461197
216827,0,unclassified,1,142.6,0.0,16.88786546606764
216827,0,unclassified,2,7.59,0.0,3.8961519477556315
216827,0,unclassified,3,1.05,0.0,1.449137674618944
216827,0,unclassified,4,3.08,5.0,0.9552357026015895
216827,0,unclassified,5,27.0,5.0,5.5
216827,0,unclassified,6,191.58,145.0,3.590627303525708
216827,0,unclassified,7,510.85,530.0,0.8394400831316563
216827,0,unclassified,8,834.86,705.0,4.680042290255797
216827,0,unclassified,9,609.78,565.0,1.8476547163269563
216827,0,unclassified,10,508.67,615.0,4.485918908767897
216827,0,unclassified,11,530.33,610.0,3.336526204036538
216827,0,unclassified,12,612.66,760.0,5.624114764152995
216827,0,unclassified,13,563.09,620.0,2.3398859607703315
216827,0,unclassified,14,590.52,595.0,0.18400878991553318
216827,0,unclassified,15,597.54,690.0,3.644085195653813
216827,0,unclassified,16,710.0,775.0,2.3854214911071145
216827,0,unclassified,17,845.18,795.0,1.752265453815236
216827,0,unclassified,18,834.64,810.0,0.8592514564859894
216827,0,unclassified,19,649.49,715.0,2.508057094111735
216827,0,unclassified,20,510.92,420.0,4.214230097609974
216827,0,unclassified,21,311.0,365.0,2.937212783390274
216827,0,unclassified,22,259.63,295.0,2.1239700045279606
216827,0,unclassified,23,261.79,140.0,8.592648897316261
217487,0,unclassified,0,148.02,0.0,17.205812971202494
217487,0,unclassified,1,78.75,0.0,12.549900398011133
217487,0,unclassified,2,3.53,0.0,2.6570660511172846
217487,0,unclassified,3,2.71,0.0,2.328089345364563
217487,0,unclassified,4,1.23,5.0,2.136054477756177
217487,0,unclassified,5,0.0,15.0,5.477225575051661
217487,0,unclassified,6,105.78,90.0,1.594916072581249
217487,0,unclassified,7,304.19,405.0,5.353493885646512
217487,0,unclassified,8,620.14,795.0,6.573637757825969
217487,0,unclassified,9,453.71,605.0,6.575620081636383
217487,0,unclassified,10,403.67,555.0,6.912027564198794
217487,0,unclassified,11,453.13,510.0,2.591527195871167
217487,0,unclassified,12,500.34,750.0,9.985042126599897
217487,0,unclassified,13,452.39,475.0,1.04998804882907
217487,0,unclassified,14,491.13,565.0,3.214581250234031
217487,0,unclassified,15,545.74,500.0,2.0003191743330344
217487,0,unclassified,16,636.71,705.0,2.636591102838433
217487,0,unclassified,17,743.86,665.0,2.9712408075037184
217487,0,unclassified,18,653.29,815.0,5.968235539491454
217487,0,unclassified,19,500.14,675.0,7.213743022729471
217487,0,unclassified,20,351.0,420.0,3.514284358518699
217487,0,unclassified,21,192.27,230.0,2.596609782388543
217487,0,unclassified,22,158.41,215.0,4.141538659168423
217487,0,unclassified,23,164.56,320.0,9.986286122315816
217977,0,unclassified,0,308.71,0.0,24.847937540166185
217977,0,unclassified,1,197.57,0.0,19.878128684561833
217977,0,unclassified,2,148.05,0.0,17.207556479639983
217977,0,unclassified,3,61.62,5.0,9.81030588060483
217977,0,unclassified,4,82.88,5.0,11.748865080432132
217977,0,unclassified,5,86.84,5.0,12.077156136625545
217977,0,unclassified,6,188.84,105.0,6.9168890555198885
217977,0,unclassified,7,477.74,390.0,4.212285694640513
217977,0,unclassified,8,819.86,525.0,11.370834034184039
217977,0,unclassified,9,644.71,685.0,1.5625495487402101
217977,0,unclassified,10,591.18,725.0,5.216490007203985
217977,0,unclassified,11,695.25,945.0,8.720983634634086
217977,0,unclassified,12,782.36,1125.0,11.0952405890037
217977,0,unclassified,13,686.47,1045.0,12.185209862995599
217977,0,unclassified,14,788.16,845.0,1.9890912175558526
217977,0,unclassified,15,839.77,890.0,1.7079847772398746
217977,0,unclassified,16,911.29,1015.0,3.341756466073764
217977,0,unclassified,17,1037.0,1240.0,6.016300504553372
217977,0,unclassified,18,970.43,1245.0,8.249717278988268
217977,0,unclassified,19,902.86,1275.0,11.277332151486096
217977,0,unclassified,20,658.81,1190.0,17.471039581325098
217977,0,unclassified,21,408.34,400.0,0.41484323612352375
217977,0,unclassified,22,318.99,435.0,5.9748585978576445
217977,0,unclassified,23,385.86,620.0,10.440513106185266
218265,0,unclassified,0,406.86,0.0,28.52577781586332
218265,0,unclassified,1,247.85,0.0,22.264321233758732
218265,0,unclassified,2,186.44,0.0,19.31010098368209
218265,0,unclassified,3,96.32,10.0,11.839106996604533
218265,0,unclassified,4,85.67,5.0,11.981060105738003
218265,0,unclassified,5,113.57,0.0,15.071164520368027
218265,0,unclassified,6,197.85,210.0,0.8508265673673687
218265,0,unclassified,7,471.71,505.0,1.506419663207281
218265,0,unclassified,8,686.71,500.0,7.664966758889863
218265,0,unclassified,9,599.64,430.0,7.476538235378868
218265,0,unclassified,10,509.23,475.0,1.543027256799806
218265,0,unclassified,11,599.64,505.0,4.0269788324253515
218265,0,unclassified,12,642.17,555.0,3.562904085624428
218265,0,unclassified,13,598.47,445.0,6.718905102706772
218265,0,unclassified,14,671.32,490.0,7.524623169675939
218265,0,unclassified,15,646.68,510.0,5.683467158504474
218265,0,unclassified,16,731.36,450.0,11.576738468560364
218265,0,unclassified,17,715.71,470.0,10.091334183173108
218265,0,unclassified,18,673.43,510.0,6.7185490368223775
218265,0,unclassified,19,646.0,460.0,7.909524553463658
218265,0,unclassified,20,566.29,415.0,6.830091694427737
218265,0,unclassified,21,416.57,480.0,2.9958330512287237
218265,0,unclassified,22,398.43,425.0,1.3094629332959236
218265,0,unclassified,23,473.57,445.0,1.3331195872523063
218355,0,unclassified,0,530.5,0.0,32.57299494980466
218355,0,unclassified,1,371.39,0.0,27.253990533498026
218355,0,unclassified,2,139.94,0.0,16.729614460590536
218355,0,unclassified,3,10.78,15.0,1.1754008279237944
218355,0,unclassified,4,70.36,10.0,9.522352734111053
218355,0,unclassified,5,217.59,5.0,20.151389851845195
218355,0,unclassified,6,606.49,135.0,24.486957908948746
218355,0,unclassified,7,1903.3,635.0,35.60127201770536
218355,0,unclassified,8,2672.65,860.0,43.129919489060406
218355,0,unclassified,9,2376.94,885.0,36.94267774069811
218355,0,unclassified,10,2414.89,910.0,36.90890095212438
218355,0,unclassified,11,2494.77,910.0,38.409384638503646
218355,0,unclassified,12,2666.63,905.0,41.686598967691175
218355,0,unclassified,13,2418.49,940.0,36.079570547802156
218355,0,unclassified,14,2678.26,840.0,43.828637467881876
218355,0,unclassified,15,2793.74,635.0,52.13724270365244
218355,0,unclassified,16,2698.21,790.0,45.69196693882663
218355,0,unclassified,17,2675.86,900.0,41.9984700011868
218355,0,unclassified,18,2610.86,935.0,39.800812762044465
218355,0,unclassified,19,2610.14,910.0,40.5246912812659
218355,0,unclassified,20,1996.33,790.0,32.31951617215974
218355,0,unclassified,21,1043.62,545.0,17.691908284248928
218355,0,unclassified,22,704.26,310.0,17.507456915850547
218355,0,unclassified,23,715.02,360.0,15.312974011466542
218356,0,unclassified,0,178.99,0.0,18.9203594046202
218356,0,unclassified,1,123.0,0.0,15.684387141358123
218356,0,unclassified,2,34.55,0.0,8.312640976248161
218356,0,unclassified,3,2.35,0.0,2.16794833886788
218356,0,unclassified,4,21.48,10.0,2.893606851303586
218356,0,unclassified,5,76.92,15.0,9.133577909604176
218356,0,unclassified,6,206.47,155.0,3.8285386568351103
218356,0,unclassified,7,602.16,565.0,1.538244976545891
218356,0,unclassified,8,897.14,800.0,3.334680747897283
218356,0,unclassified,9,791.51,835.0,1.525021746346133
218356,0,unclassified,10,824.32,835.0,0.37078416334659575
218356,0,unclassified,11,839.11,880.0,1.3946983113821032
218356,0,unclassified,12,881.03,760.0,4.225224319621064
218356,0,unclassified,13,824.14,530.0,11.304134141246607
218356,0,unclassified,14,921.49,630.0,10.465600865440619
218356,0,unclassified,15,966.81,490.0,17.666840820339687
218356,0,unclassified,16,911.71,605.0,11.137601085240446
218356,0,unclassified,17,871.57,725.0,5.18759548308835
218356,0,unclassified,18,864.29,730.0,4.756363203526357
218356,0,unclassified,19,866.0,715.0,5.370639604923319
218356,0,unclassified,20,642.66,450.0,8.242596330477499
218356,0,unclassified,21,318.11,430.0,5.785268791581216
218356,0,unclassified,22,220.16,345.0,7.426480577843775
218356,0,unclassified,23,234.93,410.0,9.749232776633978
218983,0,unclassified,0,0.0,0.0,
218983,0,unclassified,1,0.0,0.0,
218983,0,unclassified,2,0.0,0.0,
218983,0,unclassified,3,0.0,0.0,
218983,0,unclassified,4,1.43,0.0,1.6911534525287764
218983,0,unclassified,5,0.0,0.0,
218983,0,unclassified,6,9.09,15.0,1.7028801329506453
218983,0,unclassified,7,102.0,85.0,1.7580981459830651
218983,0,unclassified,8,162.22,190.0,2.093342220830605
218983,0,unclassified,9,127.14,255.0,9.249930045183657
218983,0,unclassified,10,132.0,205.0,5.623709875130821
218983,0,unclassified,11,126.67,140.0,1.154404648238152
218983,0,unclassified,12,163.16,135.0,2.30633802012051
218983,0,unclassified,13,127.78,155.0,2.2891738365819925
218983,0,unclassified,14,130.31,160.0,2.4643035209166286
218983,0,unclassified,15,139.38,130.0,0.8082303634728946
218983,0,unclassified,16,182.22,140.0,3.3262660271051194
218983,0,unclassified,17,235.0,200.0,2.373222262672836
218983,0,unclassified,18,240.0,145.0,6.847124716486248
218983,0,unclassified,19,225.56,160.0,4.721804012897767
218983,0,unclassified,20,113.91,105.0,0.8516475499899381
218983,0,unclassified,21,69.57,75.0,0.6386688532639497
218983,0,unclassified,22,28.57,75.0,6.452034684422206
218983,0,unclassified,23,16.67,50.0,5.772781023905419
219134,0,unclassified,0,42.5,0.0,9.219544457292887
219134,0,unclassified,1,10.61,0.0,4.606517122512408
219134,0,unclassified,2,6.9,0.0,3.714835124201342
219134,0,unclassified,3,0.0,0.0,
219134,0,unclassified,4,6.44,0.0,3.588871688985272
219134,0,unclassified,5,9.51,0.0,4.361192497471305
219134,0,unclassified,6,79.08,15.0,9.343053733187265
219134,0,unclassified,7,233.09,110.0,9.397963188223683
219134,0,unclassified,8,331.86,200.0,8.085919337208706
219134,0,unclassified,9,233.67,145.0,6.4440849431871206
219134,0,unclassified,10,205.78,250.0,2.929247743499509
219134,0,unclassified,11,228.57,190.0,2.666125493581669
219134,0,unclassified,12,269.93,245.0,1.5536857373355337
219134,0,unclassified,13,217.7,225.0,0.4906627594675894
219134,0,unclassified,14,243.72,140.0,7.48807676587393
219134,0,unclassified,15,258.21,255.0,0.20038835271516772
219134,0,unclassified,16,392.64,325.0,3.570797960044286
219134,0,unclassified,17,434.64,275.0,8.474960316733988
219134,0,unclassified,18,383.29,260.0,6.87447362809821
219134,0,unclassified,19,295.71,245.0,3.0840854865971212
219134,0,unclassified,20,194.02,175.0,1.400233804427657
219134,0,unclassified,21,141.8,120.0,1.9054022351242546
219134,0,unclassified,22,113.95,90.0,2.3716940320191133
219134,0,unclassified,23,114.43,55.0,6.45692248372317
220297,0,unclassified,0,74.0,0.0,12.165525060596439
220297,0,unclassified,1,57.46,0.0,10.720074626605918
220297,0,unclassified,2,10.77,0.0,4.641120554348917
220297,0,unclassified,3,5.16,25.0,5.1090599300360795
220297,0,unclassified,4,44.86,25.0,3.360314696317594
220297,0,unclassified,5,63.94,10.0,8.871278568844366
220297,0,unclassified,6,124.56,200.0,5.9220105972903765
220297,0,unclassified,7,289.32,525.0,11.679928296959034
220297,0,unclassified,8,373.14,765.0,16.42661538075662
220297,0,unclassified,9,310.57,1075.0,29.04280003341695
220297,0,unclassified,10,286.17,690.0,18.27893331619012
220297,0,unclassified,11,322.63,670.0,15.592423004086625
220297,0,unclassified,12,425.84,745.0,13.190907615827214
220297,0,unclassified,13,308.86,585.0,13.061996611829162
220297,0,unclassified,14,338.3,675.0,14.958536066188495
220297,0,unclassified,15,352.05,665.0,13.877741755708662
220297,0,unclassified,16,417.14,720.0,12.70135186928483
220297,0,unclassified,17,500.29,670.0,7.015775513130178
220297,0,unclassified,18,419.57,550.0,5.923834374001785
220297,0,unclassified,19,298.0,505.0,10.330648160073157
220297,0,unclassified,20,173.72,395.0,13.122237988827207
220297,0,unclassified,21,122.7,520.0,22.16304421820713
220297,0,unclassified,22,93.83,355.0,17.43401230024649
220297,0,unclassified,23,88.06,405.0,20.18562336772189
222673,0,unclassified,0,12.27,0.0,4.953786430600334
222673,0,unclassified,1,0.0,0.0,
222673,0,unclassified,2,0.0,0.0,
222673,0,unclassified,3,0.0,5.0,3.1622776601683795
222673,0,unclassified,4,0.0,5.0,3.1622776601683795
222673,0,unclassified,5,0.0,0.0,
222673,0,unclassified,6,69.67,85.0,1.7432276665300088
222673,0,unclassified,7,468.36,730.0,10.688714723982606
222673,0,unclassified,8,548.17,1020.0,16.85015802001729
222673,0,unclassified,9,474.46,695.0,9.120311718992374
222673,0,unclassified,10,432.83,770.0,13.748705141836439
222673,0,unclassified,11,467.39,545.0,3.449520719795414
222673,0,unclassified,12,638.84,360.0,12.477342855684316
222673,0,unclassified,13,477.64,305.0,8.727209568627766
222673,0,unclassified,14,497.96,495.0,0.1328436598534575
222673,0,unclassified,15,516.68,445.0,3.2688703988359102
222673,0,unclassified,16,621.79,465.0,6.726056964361696
222673,0,unclassified,17,704.6,330.0,16.470111293365676
222673,0,unclassified,18,750.84,255.0,22.110171205193726
222673,0,unclassified,19,634.41,245.0,18.570619765931514
222673,0,unclassified,20,499.52,310.0,9.42011607236764
222673,0,unclassified,21,285.9,285.0,0.05326936082723894
222673,0,unclassified,22,92.93,335.0,16.548917890184228
222673,0,unclassified,23,107.33,350.0,16.047827312856903
222731,0,unclassified,0,253.17,0.0,22.50199991111901
222731,0,unclassified,1,171.94,0.0,18.54400172562546
222731,0,unclassified,2,103.0,0.0,14.352700094407323
222731,0,unclassified,3,55.62,5.0,9.19452234618688
222731,0,unclassified,4,80.34,5.0,11.533584304492479
222731,0,unclassified,5,160.38,15.0,15.524929242510156
222731,0,unclassified,6,355.69,270.0,4.844684878027631
222731,0,unclassified,7,985.31,1060.0,2.3355968798891538
222731,0,unclassified,8,1440.86,1130.0,8.67042981212403
222731,0,unclassified,9,1083.43,1230.0,4.309549804585689
222731,0,unclassified,10,926.85,1110.0,5.739081565957086
222731,0,unclassified,11,955.24,1160.0,6.296225782664982
222731,0,unclassified,12,1143.04,1725.0,15.367935567475756
222731,0,unclassified,13,1158.02,1285.0,3.6331791180118103
222731,0,unclassified,14,1222.11,1205.0,0.4911569316357364
222731,0,unclassified,15,1181.61,1060.0,3.6324885884268214
222731,0,unclassified,16,1332.0,1335.0,0.08215324920814494
222731,0,unclassified,17,1502.57,1900.0,9.635452399505086
222731,0,unclassified,18,1387.14,1985.0,14.56001080377879
222731,0,unclassified,19,1248.0,1880.0,15.980806902603886
222731,0,unclassified,20,950.34,1240.0,8.75281515567272
222731,0,unclassified,21,502.54,590.0,3.742017357782289
222731,0,unclassified,22,385.61,485.0,4.763716007726737
222731,0,unclassified,23,385.55,610.0,10.060117870755892
223311,0,unclassified,0,148.55,0.0,17.23658898970443
223311,0,unclassified,1,103.33,0.0,14.37567389724739
223311,0,unclassified,2,84.29,0.0,12.983836104942176
223311,0,unclassified,3,0.0,0.0,
223311,0,unclassified,4,18.67,0.0,6.110646446980876
223311,0,unclassified,5,25.0,5.0,5.163977794943222
223311,0,unclassified,6,128.61,30.0,11.073137023138232
223311,0,unclassified,7,235.32,280.0,2.7834899860368574
223311,0,unclassified,8,323.02,460.0,6.922862919930449
223311,0,unclassified,9,321.43,395.0,3.8871282718559734
223311,0,unclassified,10,337.56,420.0,4.235887948604358
223311,0,unclassified,11,354.48,435.0,4.052734913946104
223311,0,unclassified,12,377.79,445.0,3.3136328795615215
223311,0,unclassified,13,315.69,440.0,6.395127782747825
223311,0,unclassified,14,379.54,445.0,3.2239265167588695
223311,0,unclassified,15,411.33,380.0,1.5750580963168959
223311,0,unclassified,16,451.29,380.0,3.4967721490990207
223311,0,unclassified,17,470.71,580.0,4.76819481324789
223311,0,unclassified,18,470.0,440.0,1.4064216928154862
223311,0,unclassified,19,399.36,595.0,8.774064630786523
223311,0,unclassified,20,294.87,425.0,6.859072448400287
223311,0,unclassified,21,201.48,275.0,4.763192770897834
223311,0,unclassified,22,150.93,155.0,0.3290776397181097
223311,0,unclassified,23,183.3,260.0,5.151829672418046
223312,0,unclassified,0,148.55,0.0,17.23658898970443
223312,0,unclassified,1,103.33,0.0,14.37567389724739
223312,0,unclassified,2,84.29,0.0,12.983836104942176
223312,0,unclassified,3,0.0,0.0,
223312,0,unclassified,4,18.67,0.0,6.110646446980876
223312,0,unclassified,5,25.0,10.0,3.585685828003181
223312,0,unclassified,6,128.61,80.0,4.7596285110907095
223312,0,unclassified,7,235.32,380.0,8.248462080794415
223312,0,unclassified,8,323.02,415.0,4.788222658878392
223312,0,unclassified,9,321.43,355.0,1.8253868132188433
223312,0,unclassified,10,337.56,400.0,3.2514659803241144
223312,0,unclassified,11,354.48,465.0,5.459925221432477
223312,0,unclassified,12,377.79,375.0,0.1438077463676946
223312,0,unclassified,13,315.69,370.0,2.9331271690079426
223312,0,unclassified,14,379.54,470.0,4.389142339162934
223312,0,unclassified,15,411.33,405.0,0.31331834894297433
223312,0,unclassified,16,451.29,400.0,2.4860446876245637
223312,0,unclassified,17,470.71,515.0,1.995014685300927
223312,0,unclassified,18,470.0,475.0,0.23002185311411807
223312,0,unclassified,19,399.36,395.0,0.21877253719875026
223312,0,unclassified,20,294.87,230.0,4.0043591333086255
223312,0,unclassified,21,201.48,210.0,0.5939914955307908
223312,0,unclassified,22,150.93,180.0,2.259914246473568
223312,0,unclassified,23,183.3,370.0,11.224809538591792
22350,0,unclassified,0,224.04,0.0,21.16790022652223
22350,0,unclassified,1,222.67,0.0,21.103080343873973
22350,0,unclassified,2,10.77,0.0,4.641120554348917
22350,0,unclassified,3,0.0,0.0,
22350,0,unclassified,4,0.0,5.0,3.1622776601683795
22350,0,unclassified,5,11.67,10.0,0.5073433979945872
22350,0,unclassified,6,83.08,80.0,0.34108715368168213
22350,0,unclassified,7,373.33,280.0,5.163806540157501
22350,0,unclassified,8,552.71,280.0,13.365006402554135
22350,0,unclassified,9,453.08,260.0,10.225467202186953
22350,0,unclassified,10,381.54,255.0,7.093000297403424
22350,0,unclassified,11,436.17,310.0,6.532090736455003
22350,0,unclassified,12,479.03,365.0,5.550794898487143
22350,0,unclassified,13,445.57,300.0,7.539502116923277
22350,0,unclassified,14,515.11,270.0,12.371169955173512
22350,0,unclassified,15,505.96,290.0,10.825368652504924
22350,0,unclassified,16,629.57,315.0,14.47488847012715
22350,0,unclassified,17,647.0,355.0,13.045597906976091
22350,0,unclassified,18,576.43,445.0,5.815742926419777
22350,0,unclassified,19,495.83,430.0,3.0596604186848126
22350,0,unclassified,20,384.3,430.0,2.264847581973002
22350,0,unclassified,21,258.78,420.0,8.751236000137245
22350,0,unclassified,22,235.59,360.0,7.20935795264438
22350,0,unclassified,23,234.0,110.0,9.45491136062149
223582,0,unclassified,0,216.75,0.0,20.820662813657012
223582,0,unclassified,1,137.46,0.0,16.580711685570073
223582,0,unclassified,2,63.08,0.0,11.232096865679177
223582,0,unclassified,3,14.05,5.0,2.932351899762714
223582,0,unclassified,4,36.0,10.0,5.421374765483944
223582,0,unclassified,5,132.0,15.0,13.64715713836342
223582,0,unclassified,6,296.06,115.0,12.629463581739229
223582,0,unclassified,7,755.81,410.0,14.323153873898631
223582,0,unclassified,8,1008.86,545.0,16.64163444538691
223582,0,unclassified,9,850.71,625.0,8.309316251502453
223582,0,unclassified,10,663.0,455.0,8.797462636306522
223582,0,unclassified,11,658.43,565.0,3.7775635900408204
223582,0,unclassified,12,840.14,675.0,5.999856953207658
223582,0,unclassified,13,819.45,615.0,7.634127435698599
223582,0,unclassified,14,806.79,745.0,2.2182818131822084
223582,0,unclassified,15,740.76,745.0,0.1555630765098424
223582,0,unclassified,16,810.07,670.0,5.1489538414734435
223582,0,unclassified,17,937.71,855.0,2.7625999405719575
223582,0,unclassified,18,865.14,935.0,2.328576112689689
223582,0,unclassified,19,795.5,565.0,8.837647078277742
223582,0,unclassified,20,691.95,400.0,12.494592630496625
223582,0,unclassified,21,469.76,275.0,10.092682054553158
223582,0,unclassified,22,343.6,450.0,5.341408537201616
223582,0,unclassified,23,332.57,630.0,13.55762470698464
223623,0,unclassified,0,102.55,0.0,14.321312788986909
223623,0,unclassified,1,35.62,0.0,8.440379138403676
223623,0,unclassified,2,2.91,0.0,2.412467616362964
223623,0,unclassified,3,0.0,0.0,
223623,0,unclassified,4,6.78,5.0,0.733436222652993
223623,0,unclassified,5,40.0,10.0,6.0
223623,0,unclassified,6,134.35,60.0,7.542298184150271
223623,0,unclassified,7,372.25,395.0,1.1615233646190168
223623,0,unclassified,8,496.29,605.0,4.6326943274568695
223623,0,unclassified,9,436.14,505.0,3.174350660285807
223623,0,unclassified,10,402.89,595.0,8.60049870062008
223623,0,unclassified,11,407.63,570.0,7.344014547661102
223623,0,unclassified,12,434.36,560.0,5.634703947107027
223623,0,unclassified,13,390.11,465.0,3.6218281157805436
223623,0,unclassified,14,417.74,525.0,4.940339825528278
223623,0,unclassified,15,440.27,470.0,1.3935571764085313
223623,0,unclassified,16,495.21,445.0,2.315755937336827
223623,0,unclassified,17,505.43,505.0,0.0191306769196034
223623,0,unclassified,18,483.43,495.0,0.5230985023599307
223623,0,unclassified,19,454.0,540.0,3.8576272145398067
223623,0,unclassified,20,340.81,400.0,3.0754588446597144
223623,0,unclassified,21,226.74,420.0,10.747120340005527
223623,0,unclassified,22,186.51,220.0,2.349062265635906
223623,0,unclassified,23,181.69,140.0,3.2872150196966383
223624,0,unclassified,0,261.49,0.0,22.868755978408622
223624,0,unclassified,1,148.32,0.0,17.22324011328879
223624,0,unclassified,2,57.03,0.0,10.67988763985839
223624,0,unclassified,3,14.12,0.0,5.314132102234569
223624,0,unclassified,4,28.54,5.0,5.748306639249786
223624,0,unclassified,5,107.06,10.0,12.686768783651235
223624,0,unclassified,6,286.07,45.0,18.736922105227052
223624,0,unclassified,7,753.57,565.0,7.3440564035460945
223624,0,unclassified,8,1063.26,740.0,10.765588904556916
223624,0,unclassified,9,915.74,740.0,6.107866688841832
223624,0,unclassified,10,822.44,705.0,4.249608877779156
223624,0,unclassified,11,862.74,720.0,5.074063537037303
223624,0,unclassified,12,889.14,765.0,4.316588078764903
223624,0,unclassified,13,814.25,770.0,1.5722312167411563
223624,0,unclassified,14,857.89,830.0,0.9600446725866497
223624,0,unclassified,15,904.51,805.0,3.403657887392274
223624,0,unclassified,16,1022.29,850.0,5.631038672529271
223624,0,unclassified,17,1037.34,745.0,9.792824321600119
223624,0,unclassified,18,985.44,720.0,9.08998452939953
223624,0,unclassified,19,912.71,545.0,13.6202435072176
223624,0,unclassified,20,708.47,555.0,6.105989086547325
223624,0,unclassified,21,448.12,495.0,2.158833374862227
223624,0,unclassified,22,375.77,500.0,5.936718423819615
223624,0,unclassified,23,376.13,580.0,9.324162811332792
224207,0,unclassified,0,249.26,0.0,22.32756144320288
224207,0,unclassified,1,199.31,0.0,19.96547019230952
224207,0,unclassified,2,36.19,0.0,8.50764362206128
224207,0,unclassified,3,0.0,0.0,
224207,0,unclassified,4,1.5,5.0,1.941450686788302
224207,0,unclassified,5,32.94,15.0,3.664278055372416
224207,0,unclassified,6,154.83,145.0,0.8028436436520425
224207,0,unclassified,7,472.32,625.0,6.518242321245864
224207,0,unclassified,8,867.86,880.0,0.41065807098203555
224207,0,unclassified,9,607.86,790.0,6.889512481091719
224207,0,unclassified,10,456.49,585.0,5.6315036409577655
224207,0,unclassified,11,530.16,615.0,3.5455414971505212
224207,0,unclassified,12,688.24,880.0,6.848047363366776
224207,0,unclassified,13,576.44,550.0,1.1140954913710641
224207,0,unclassified,14,588.67,580.0,0.3586642971323267
224207,0,unclassified,15,674.99,590.0,3.3793975190146637
224207,0,unclassified,16,853.29,835.0,0.6295136902042944
224207,0,unclassified,17,913.86,935.0,0.6952931768048095
224207,0,unclassified,18,846.0,965.0,3.9546015665961307
224207,0,unclassified,19,735.0,860.0,4.426338948728194
224207,0,unclassified,20,567.09,645.0,3.164759907072048
224207,0,unclassified,21,284.54,305.0,1.19169190337255
224207,0,unclassified,22,237.7,305.0,4.085546438317634
224207,0,unclassified,23,302.5,265.0,2.226195664483218
224281,0,unclassified,0,93.75,0.0,13.693063937629153
224281,0,unclassified,1,76.75,0.0,12.389511693363866
224281,0,unclassified,2,22.58,0.0,6.720119046564577
224281,0,unclassified,3,0.0,0.0,
224281,0,unclassified,4,0.0,0.0,
224281,0,unclassified,5,2.79,0.0,2.3622023622035435
224281,0,unclassified,6,4.62,25.0,5.29573994641103
224281,0,unclassified,7,132.22,155.0,1.9009092265210923
224281,0,unclassified,8,231.75,205.0,1.810182355530723
224281,0,unclassified,9,204.38,195.0,0.6637807903618199
224281,0,unclassified,10,154.99,135.0,1.6601077650706866
224281,0,unclassified,11,146.71,140.0,0.560423189725174
224281,0,unclassified,12,177.81,105.0,6.122920886163035
224281,0,unclassified,13,158.87,155.0,0.30892358005801934
224281,0,unclassified,14,172.96,150.0,1.8068101156884406
224281,0,unclassified,15,153.01,170.0,1.336904523688224
224281,0,unclassified,16,192.99,175.0,1.3262584155511479
224281,0,unclassified,17,230.13,155.0,5.414080537388466
224281,0,unclassified,18,206.58,160.0,3.4405676264580087
224281,0,unclassified,19,162.39,180.0,1.345903175538707
224281,0,unclassified,20,163.08,160.0,0.24233195012166975
224281,0,unclassified,21,109.12,160.0,4.386206896551723
224281,0,unclassified,22,108.89,130.0,1.9315423998789245
224281,0,unclassified,23,112.89,140.0,2.410897170161254
224282,0,unclassified,0,93.75,0.0,13.693063937629153
224282,0,unclassified,1,76.75,0.0,12.389511693363866
224282,0,unclassified,2,22.58,0.0,6.720119046564577
224282,0,unclassified,3,0.0,0.0,
224282,0,unclassified,4,0.0,0.0,
224282,0,unclassified,5,2.79,0.0,2.3622023622035435
224282,0,unclassified,6,4.62,0.0,3.0397368307141326
224282,0,unclassified,7,132.22,0.0,16.261611236282832
224282,0,unclassified,8,231.75,0.0,21.529050141610984
224282,0,unclassified,9,204.38,0.0,20.217813927326564
224282,0,unclassified,10,154.99,0.0,17.606248890663792
224282,0,unclassified,11,146.71,0.0,17.129506706265655
224282,0,unclassified,12,177.81,0.0,18.857889595604277
224282,0,unclassified,13,158.87,0.0,17.825262971412233
224282,0,unclassified,14,172.96,0.0,18.598924700100273
224282,0,unclassified,15,153.01,0.0,17.4934273371458
224282,0,unclassified,16,192.99,0.0,19.64637371119668
224282,0,unclassified,17,230.13,0.0,21.45367101453735
224282,0,unclassified,18,206.58,0.0,20.32633759436264
224282,0,unclassified,19,162.39,0.0,18.021653642216076
224282,0,unclassified,20,163.08,0.0,18.059900331950896
224282,0,unclassified,21,109.12,0.0,14.77294825009551
224282,0,unclassified,22,108.89,0.0,14.757371039585609
224282,0,unclassified,23,112.89,0.0,15.025977505640023
224283,0,unclassified,0,199.85,0.0,19.992498593222408
224283,0,unclassified,1,140.24,0.0,16.74753713236666
224283,0,unclassified,2,128.8,0.0,16.049922118191105
224283,0,unclassified,3,78.36,0.0,12.51878588362306
224283,0,unclassified,4,66.9,10.0,9.176225854689982
224283,0,unclassified,5,69.18,5.0,10.538317916695526
224283,0,unclassified,6,118.17,85.0,3.2910211933610882
224283,0,unclassified,7,202.96,490.0,15.420673287087917
224283,0,unclassified,8,288.2,550.0,12.788240989735396
224283,0,unclassified,9,330.43,560.0,10.880033691947931
224283,0,unclassified,10,354.31,555.0,9.4120613033271
224283,0,unclassified,11,344.31,555.0,9.935831314170922
224283,0,unclassified,12,331.99,550.0,10.381487423564908
224283,0,unclassified,13,254.78,555.0,14.920078058927743
224283,0,unclassified,14,144.27,515.0,20.419310453987524
224283,0,unclassified,15,128.92,535.0,22.28787803200517
224283,0,unclassified,16,120.99,525.0,22.479891725143588
224283,0,unclassified,17,122.26,510.0,21.807593857264926
224283,0,unclassified,18,123.14,515.0,21.937541126094853
224283,0,unclassified,19,282.66,520.0,11.84732017548664
224283,0,unclassified,20,296.48,510.0,10.63302310909031
224283,0,unclassified,21,269.59,485.0,11.089841415503923
224283,0,unclassified,22,235.83,480.0,12.906317755727946
224283,0,unclassified,23,248.41,280.0,1.943475677290302
224284,0,unclassified,0,401.07,0.0,28.32207619508146
224284,0,unclassified,1,227.56,0.0,21.333541665649424
224284,0,unclassified,2,163.37,0.0,18.07595087402043
224284,0,unclassified,3,88.33,5.0,12.19848079377931
224284,0,unclassified,4,92.89,5.0,12.562766797677602
224284,0,unclassified,5,157.09,0.0,17.72512341282847
224284,0,unclassified,6,250.58,130.0,8.741124309319236
224284,0,unclassified,7,614.86,455.0,6.911802679656318
224284,0,unclassified,8,881.15,490.0,14.938804658418867
224284,0,unclassified,9,828.86,460.0,14.53027008753739
224284,0,unclassified,10,752.03,460.0,11.862761021309643
224284,0,unclassified,11,761.34,455.0,12.421991031639324
224284,0,unclassified,12,784.43,450.0,13.461299681457358
224284,0,unclassified,13,704.7,430.0,11.532756693621048
224284,0,unclassified,14,884.54,345.0,21.760422052960347
224284,0,unclassified,15,827.32,350.0,19.673306989834842
224284,0,unclassified,16,815.71,415.0,16.153525210480527
224284,0,unclassified,17,872.57,445.0,16.658480114838945
224284,0,unclassified,18,863.86,425.0,17.287736080400855
224284,0,unclassified,19,758.0,420.0,13.927047373972563
224284,0,unclassified,20,789.76,410.0,15.50518767495685
224284,0,unclassified,21,581.16,410.0,7.688566803108037
224284,0,unclassified,22,484.14,430.0,2.532368442650572
224284,0,unclassified,23,497.0,280.0,11.00941448067095
224768,0,unclassified,0,146.7,0.0,17.128922908344236
224768,0,unclassified,1,118.3,0.0,15.381807436059
224768,0,unclassified,2,68.72,0.0,11.723480711802276
224768,0,unclassified,3,5.29,10.0,1.7034608714273354
224768,0,unclassified,4,14.59,15.0,0.10659243220596056
224768,0,unclassified,5,25.14,15.0,2.2634154120165966
224768,0,unclassified,6,120.47,260.0,10.116315908322012
224768,0,unclassified,7,387.44,770.0,15.902496661068488
224768,0,unclassified,8,646.0,675.0,1.1283961271793959
224768,0,unclassified,9,482.0,655.0,7.2557259104273735
224768,0,unclassified,10,386.21,785.0,16.479418062504323
224768,0,unclassified,11,415.16,620.0,9.003803825397855
224768,0,unclassified,12,460.9,720.0,10.662912601168001
224768,0,unclassified,13,432.3,770.0,13.773351625678282
224768,0,unclassified,14,442.51,685.0,10.212889433019503
224768,0,unclassified,15,424.15,640.0,9.357624762326232
224768,0,unclassified,16,509.57,690.0,7.367344005576768
224768,0,unclassified,17,536.0,870.0,12.597048582958728
224768,0,unclassified,18,535.0,730.0,7.7536170317535555
224768,0,unclassified,19,457.71,770.0,12.604487121686175
224768,0,unclassified,20,378.57,475.0,4.667750060155828
224768,0,unclassified,21,229.56,290.0,3.7499165181766814
224768,0,unclassified,22,182.75,435.0,14.352904516842836
224768,0,unclassified,23,197.1,365.0,10.015183278597357
224769,0,unclassified,0,146.7,0.0,17.128922908344236
224769,0,unclassified,1,118.3,0.0,15.381807436059
224769,0,unclassified,2,68.72,0.0,11.723480711802276
224769,0,unclassified,3,5.29,0.0,3.2526911934581184
224769,0,unclassified,4,14.59,0.0,5.401851534427802
224769,0,unclassified,5,25.14,0.0,7.090839160494335
224769,0,unclassified,6,120.47,45.0,8.297164764646144
224769,0,unclassified,7,387.44,140.0,15.236961614495847
224769,0,unclassified,8,646.0,325.0,14.56835162971443
224769,0,unclassified,9,482.0,255.0,11.825162326303149
224769,0,unclassified,10,386.21,265.0,6.7172717555676895
224769,0,unclassified,11,415.16,205.0,11.934746040645171
224769,0,unclassified,12,460.9,190.0,15.016435917768687
224769,0,unclassified,13,432.3,220.0,11.755505330053836
224769,0,unclassified,14,442.51,205.0,13.199991681417531
224769,0,unclassified,15,424.15,210.0,12.026439702256365
224769,0,unclassified,16,509.57,175.0,18.08394021661556
224769,0,unclassified,17,536.0,260.0,13.834629916431561
224769,0,unclassified,18,535.0,165.0,19.777331901519403
224769,0,unclassified,19,457.71,130.0,19.11715016861819
224769,0,unclassified,20,378.57,110.0,17.183399963220513
224769,0,unclassified,21,229.56,140.0,6.588500807790239
224769,0,unclassified,22,182.75,80.0,8.96448750102547
224769,0,unclassified,23,197.1,120.0,6.12309862751455
24074,0,unclassified,0,509.43,0.0,31.91958646348665
24074,0,unclassified,1,302.64,0.0,24.60243890349085
24074,0,unclassified,2,190.86,0.0,19.53765594947357
24074,0,unclassified,3,117.78,30.0,10.211810410675524
24074,0,unclassified,4,139.72,20.0,13.396830272768831
24074,0,unclassified,5,169.62,20.0,15.36606185647813
24074,0,unclassified,6,317.76,470.0,7.670908645231368
24074,0,unclassified,7,1156.43,2410.0,29.68566183487572
24074,0,unclassified,8,1706.86,2755.0,22.190971895859224
24074,0,unclassified,9,1270.36,2795.0,33.81682285954946
24074,0,unclassified,10,1148.97,2530.0,32.199934439286615
24074,0,unclassified,11,1205.07,2140.0,22.860803372565794
24074,0,unclassified,12,1374.26,2365.0,22.912995163622668
24074,0,unclassified,13,1259.96,1940.0,17.00110625724616
24074,0,unclassified,14,1421.13,2315.0,20.68132550041658
24074,0,unclassified,15,1491.88,1865.0,9.107425309989152
24074,0,unclassified,16,1696.0,2320.0,13.925241491536495
24074,0,unclassified,17,1748.14,2715.0,20.467195419971844
24074,0,unclassified,18,1676.64,2620.0,20.352978401162023
24074,0,unclassified,19,1507.71,2865.0,29.027678835434028
24074,0,unclassified,20,1239.48,2550.0,30.10709419508075
24074,0,unclassified,21,731.16,1670.0,27.095429065308306
24074,0,unclassified,22,622.86,1595.0,29.192866874016055
24074,0,unclassified,23,709.0,1180.0,15.325686096043206
2445,0,unclassified,0,133.08,0.0,16.31441080762649
2445,0,unclassified,1,0.0,0.0,
2445,0,unclassified,2,0.0,0.0,
2445,0,unclassified,3,0.0,0.0,
2445,0,unclassified,4,0.0,15.0,5.477225575051661
2445,0,unclassified,5,0.0,5.0,3.1622776601683795
2445,0,unclassified,6,108.57,155.0,4.044507948100343
2445,0,unclassified,7,444.21,880.0,16.936116271005158
2445,0,unclassified,8,521.44,1375.0,27.71912386200403
2445,0,unclassified,9,365.14,775.0,17.16609225930626
2445,0,unclassified,10,305.59,435.0,6.725025156350157
2445,0,unclassified,11,316.56,495.0,8.858228843642525
2445,0,unclassified,12,462.83,625.0,6.953524653475849
2445,0,unclassified,13,349.71,410.0,3.0934019872093557
2445,0,unclassified,14,362.47,460.0,4.809425360737957
2445,0,unclassified,15,362.56,625.0,11.810363958343839
2445,0,unclassified,16,454.14,565.0,4.9110340850261585
2445,0,unclassified,17,508.43,310.0,9.809154163049676
2445,0,unclassified,18,551.43,355.0,9.226897136701345
2445,0,unclassified,19,528.0,285.0,12.052468320635661
2445,0,unclassified,20,425.29,325.0,5.177952356511105
2445,0,unclassified,21,258.33,510.0,12.840222562338724
2445,0,unclassified,22,189.45,1090.0,35.6050146725808
2445,0,unclassified,23,180.43,1345.0,42.16814090992289
24691,0,unclassified,0,145.98,0.0,17.08683703907777
24691,0,unclassified,1,100.13,0.0,14.15132502630054
24691,0,unclassified,2,70.88,0.0,11.906300852909773
24691,0,unclassified,3,6.52,15.0,2.5851736260026956
24691,0,unclassified,4,11.37,15.0,0.9996927855741536
24691,0,unclassified,5,29.29,0.0,7.653757247260981
24691,0,unclassified,6,98.52,140.0,3.7983182064413548
24691,0,unclassified,7,310.2,580.0,12.788309787491436
24691,0,unclassified,8,667.86,790.0,4.523920906766641
24691,0,unclassified,9,493.38,650.0,6.550386438231011
24691,0,unclassified,10,333.07,565.0,10.945026850005256
24691,0,unclassified,11,343.79,575.0,10.787318003802838
24691,0,unclassified,12,427.93,675.0,10.521097327719907
24691,0,unclassified,13,416.48,755.0,13.987235619273072
24691,0,unclassified,14,448.25,735.0,11.789086868583746
24691,0,unclassified,15,431.67,675.0,10.344311389267927
24691,0,unclassified,16,561.0,805.0,9.336400527879247
24691,0,unclassified,17,656.0,790.0,4.983513622147532
24691,0,unclassified,18,529.57,705.0,7.060915293494735
24691,0,unclassified,19,445.71,800.0,14.195981240893518
24691,0,unclassified,20,323.81,625.0,13.828208516134547
24691,0,unclassified,21,206.1,665.0,21.98867441022553
24691,0,unclassified,22,176.54,485.0,16.96038855859886
24691,0,unclassified,23,219.54,505.0,14.99785242399139
24705,0,unclassified,0,150.96,0.0,17.375845303178778
24705,0,unclassified,1,97.37,0.0,13.954927445171473
24705,0,unclassified,2,64.0,0.0,11.313708498984761
24705,0,unclassified,3,10.18,0.0,4.512205669071391
24705,0,unclassified,4,8.0,10.0,0.6666666666666666
24705,0,unclassified,5,13.33,0.0,5.163332257370234
24705,0,unclassified,6,104.76,240.0,10.300581054781958
24705,0,unclassified,7,327.19,905.0,23.278833371467076
24705,0,unclassified,8,730.58,1075.0,11.462912900193523
24705,0,unclassified,9,540.44,800.0,10.026031707912308
24705,0,unclassified,10,337.66,610.0,12.5112342653292
24705,0,unclassified,11,338.59,625.0,13.048393131344625
24705,0,unclassified,12,405.19,795.0,15.912666907636257
24705,0,unclassified,13,413.18,760.0,14.319795187298409
24705,0,unclassified,14,457.31,785.0,13.14810596824796
24705,0,unclassified,15,419.19,810.0,15.764171700838462
24705,0,unclassified,16,536.0,760.0,8.799551054765924
24705,0,unclassified,17,653.43,685.0,1.220370633705761
24705,0,unclassified,18,520.43,650.0,5.356076041127667
24705,0,unclassified,19,430.0,475.0,2.115452226250208
24705,0,unclassified,20,314.34,280.0,1.992038871263043
24705,0,unclassified,21,199.28,265.0,4.313428114673597
24705,0,unclassified,22,174.16,375.0,12.120366778451816
24705,0,unclassified,23,197.56,605.0,20.33948282045315
24706,0,unclassified,0,150.96,0.0,17.375845303178778
24706,0,unclassified,1,97.37,0.0,13.954927445171473
24706,0,unclassified,2,64.0,0.0,11.313708498984761
24706,0,unclassified,3,10.18,15.0,1.3584203319490553
24706,0,unclassified,4,8.0,15.0,2.06418738616856
24706,0,unclassified,5,13.33,0.0,5.163332257370234
24706,0,unclassified,6,104.76,135.0,2.7619029867300022
24706,0,unclassified,7,327.19,515.0,9.152266767654313
24706,0,unclassified,8,730.58,735.0,0.16327981599674413
24706,0,unclassified,9,540.44,570.0,1.254503504395938
24706,0,unclassified,10,337.66,520.0,8.805202950638643
24706,0,unclassified,11,338.59,525.0,8.970784043847676
24706,0,unclassified,12,405.19,655.0,10.85008062714904
24706,0,unclassified,13,413.18,675.0,11.224511430714495
24706,0,unclassified,14,457.31,710.0,10.459476541756105
24706,0,unclassified,15,419.19,745.0,13.504156906516979
24706,0,unclassified,16,536.0,790.0,9.864542594733841
24706,0,unclassified,17,653.43,825.0,6.3103865869089475
24706,0,unclassified,18,520.43,755.0,9.288790153277422
24706,0,unclassified,19,430.0,815.0,15.430892709081895
24706,0,unclassified,20,314.34,685.0,16.5818920583628
24706,0,unclassified,21,199.28,650.0,21.872396949224523
24706,0,unclassified,22,174.16,450.0,15.614363141800549
24706,0,unclassified,23,197.56,415.0,12.424534323425435
24792,0,unclassified,0,213.44,0.0,20.661074512231934
24792,0,unclassified,1,123.82,0.0,15.736581585592214
24792,0,unclassified,2,50.37,0.0,10.036931802099684
24792,0,unclassified,3,0.0,20.0,6.324555320336759
24792,0,unclassified,4,18.59,20.0,0.32099385700069794
24792,0,unclassified,5,69.71,15.0,8.40648363253632
24792,0,unclassified,6,180.21,335.0,9.644189962410284
24792,0,unclassified,7,599.14,1125.0,17.910135482694052
24792,0,unclassified,8,1029.57,1180.0,4.525802218374767
24792,0,unclassified,9,787.43,1185.0,12.659827960857907
24792,0,unclassified,10,645.89,1165.0,17.251559392910373
24792,0,unclassified,11,637.72,920.0,10.114639502224964
24792,0,unclassified,12,710.58,920.0,7.33435787951404
24792,0,unclassified,13,641.23,860.0,7.9850777160341915
24792,0,unclassified,14,720.73,920.0,6.957262009149903
24792,0,unclassified,15,705.69,745.0,1.4595895084110364
24792,0,unclassified,16,803.67,870.0,2.2929262134602584
24792,0,unclassified,17,838.17,895.0,1.9305100743806125
24792,0,unclassified,18,806.67,860.0,1.8474035439503456
24792,0,unclassified,19,819.0,820.0,0.03493216646320839
24792,0,unclassified,20,701.11,595.0,4.168217586897971
24792,0,unclassified,21,485.56,540.0,2.404100271650743
24792,0,unclassified,22,362.2,460.0,4.823531470837328
24792,0,unclassified,23,310.0,475.0,8.328448674563635
2564,0,unclassified,0,161.04,0.0,17.946587419339643
2564,0,unclassified,1,85.83,0.0,13.101908257959982
2564,0,unclassified,2,11.43,0.0,4.7812132351527685
2564,0,unclassified,3,8.24,0.0,4.059556626036888
2564,0,unclassified,4,22.76,10.0,3.152780426865217
2564,0,unclassified,5,112.41,15.0,12.204409838091921
2564,0,unclassified,6,319.12,310.0,0.5142130452946232
2564,0,unclassified,7,743.8,825.0,2.8992604870465013
2564,0,unclassified,8,1113.83,1115.0,0.03504793116627912
2564,0,unclassified,9,824.17,945.0,4.062608661735652
2564,0,unclassified,10,690.74,1125.0,14.412456030382039
2564,0,unclassified,11,710.19,1150.0,14.42120149387326
2564,0,unclassified,12,1093.55,1050.0,1.3302594355411927
2564,0,unclassified,13,827.12,1030.0,6.657853742429849
2564,0,unclassified,14,818.89,865.0,1.5891074405972347
2564,0,unclassified,15,824.96,815.0,0.347822529057275
2564,0,unclassified,16,965.25,700.0,9.19243715048685
2564,0,unclassified,17,1089.5,630.0,15.671097890750444
2564,0,unclassified,18,989.33,535.0,16.456857709961156
2564,0,unclassified,19,743.67,600.0,5.542871100446913
2564,0,unclassified,20,604.11,585.0,0.7837267480516897
2564,0,unclassified,21,312.56,325.0,0.6967465825093144
2564,0,unclassified,22,214.44,190.0,1.718656751815433
2564,0,unclassified,23,198.75,200.0,0.08852677897456387
28110,0,unclassified,0,276.3,0.0,23.50744562899168
28110,0,unclassified,1,180.44,0.0,18.996841842790605
28110,0,unclassified,2,145.55,0.0,17.061652909375457
28110,0,unclassified,3,112.8,5.0,14.046273273337308
28110,0,unclassified,4,97.98,0.0,13.998571355677694
28110,0,unclassified,5,132.18,5.0,15.356364754556866
28110,0,unclassified,6,159.32,90.0,6.208618759076442
28110,0,unclassified,7,268.31,620.0,16.687556225057726
28110,0,unclassified,8,475.97,750.0,11.068102873253261
28110,0,unclassified,9,556.29,765.0,8.120058944643908
28110,0,unclassified,10,469.89,880.0,15.785784397474576
28110,0,unclassified,11,464.95,1065.0,21.69520803544036
28110,0,unclassified,12,450.71,1130.0,24.162625275900183
28110,0,unclassified,13,434.54,950.0,19.59102747261597
28110,0,unclassified,14,525.74,1050.0,18.677529936073647
28110,0,unclassified,15,543.94,965.0,15.32932381575228
28110,0,unclassified,16,532.21,865.0,12.590831818601103
28110,0,unclassified,17,570.43,860.0,10.82767618090357
28110,0,unclassified,18,496.0,850.0,13.645697197503084
28110,0,unclassified,19,518.71,555.0,1.5662405622510431
28110,0,unclassified,20,534.95,555.0,0.8588673374586796
28110,0,unclassified,21,403.76,530.0,5.842441207215265
28110,0,unclassified,22,346.0,355.0,0.48072698157387017
28110,0,unclassified,23,375.71,280.0,5.285869179940865
28215,0,unclassified,0,246.9,0.0,22.221611102708103
28215,0,unclassified,1,197.33,0.0,19.866051444612744
28215,0,unclassified,2,91.76,0.0,13.546955377500879
28215,0,unclassified,3,27.89,10.0,4.110200765157628
28215,0,unclassified,4,24.29,20.0,0.9116317660421219
28215,0,unclassified,5,94.67,10.0,11.703976618742875
28215,0,unclassified,6,196.24,170.0,1.9390809549267722
28215,0,unclassified,7,548.96,820.0,10.35983902431069
28215,0,unclassified,8,945.57,895.0,1.6669853454402546
28215,0,unclassified,9,733.29,700.0,1.2435457213590697
28215,0,unclassified,10,583.5,835.0,9.443615953118991
28215,0,unclassified,11,585.07,1000.0,14.738918273106265
28215,0,unclassified,12,727.6,1125.0,13.057259361102645
28215,0,unclassified,13,655.74,1015.0,12.429951331416877
28215,0,unclassified,14,703.89,1075.0,12.44351592824188
28215,0,unclassified,15,656.01,995.0,11.798506412893301
28215,0,unclassified,16,788.71,950.0,5.47027127389886
28215,0,unclassified,17,923.14,1075.0,4.8044694526920795
28215,0,unclassified,18,953.43,1130.0,5.470694436880054
28215,0,unclassified,19,767.71,1155.0,12.490918903863957
28215,0,unclassified,20,636.34,1030.0,13.638119019311842
28215,0,unclassified,21,393.02,975.0,22.252398803192175
28215,0,unclassified,22,322.46,885.0,22.894545710247623
28215,0,unclassified,23,319.71,835.0,21.445207303311623
28216,0,unclassified,0,246.9,0.0,22.221611102708103
28216,0,unclassified,1,197.33,0.0,19.866051444612744
28216,0,unclassified,2,91.76,0.0,13.546955377500879
28216,0,unclassified,3,27.89,10.0,4.110200765157628
28216,0,unclassified,4,24.29,15.0,2.0959923702840935
28216,0,unclassified,5,94.67,30.0,8.19099911558966
28216,0,unclassified,6,196.24,270.0,4.830934407313908
28216,0,unclassified,7,548.96,475.0,3.268664937770344
28216,0,unclassified,8,945.57,450.0,18.760490682876874
28216,0,unclassified,9,733.29,460.0,11.188342120484442
28216,0,unclassified,10,583.5,425.0,7.058400762126665
28216,0,unclassified,11,585.07,405.0,8.093258495340987
28216,0,unclassified,12,727.6,440.0,11.903011039456059
28216,0,unclassified,13,655.74,370.0,12.617327978333895
28216,0,unclassified,14,703.89,410.0,12.453133796201397
28216,0,unclassified,15,656.01,480.0,7.38518303855451
28216,0,unclassified,16,788.71,495.0,11.593118336661496
28216,0,unclassified,17,923.14,405.0,20.106671857773957
28216,0,unclassified,18,953.43,295.0,26.353755358380912
28216,0,unclassified,19,767.71,255.0,22.673080745887372
28216,0,unclassified,20,636.34,225.0,19.821140206602404
28216,0,unclassified,21,393.02,100.0,18.662937135032802
28216,0,unclassified,22,322.46,165.0,10.085925429303856
28216,0,unclassified,23,319.71,125.0,13.057643488510852
28677,0,unclassified,0,226.78,0.0,21.296948138172286
28677,0,unclassified,1,137.53,0.0,16.58493292117879
28677,0,unclassified,2,32.3,0.0,8.037412518964047
28677,0,unclassified,3,4.21,0.0,2.9017236257093817
28677,0,unclassified,4,8.16,0.0,4.039801975344831
28677,0,unclassified,5,21.25,0.0,6.519202405202649
28677,0,unclassified,6,140.59,15.0,14.238991077100907
28677,0,unclassified,7,603.32,300.0,14.272341615833177
28677,0,unclassified,8,1321.86,510.0,26.825634464806644
28677,0,unclassified,9,742.43,445.0,12.206629430070686
28677,0,unclassified,10,424.4,250.0,9.497355566265586
28677,0,unclassified,11,476.36,285.0,9.807789404554828
28677,0,unclassified,12,577.93,370.0,9.550893830644773
28677,0,unclassified,13,537.94,310.0,11.070136612404921
28677,0,unclassified,14,556.66,330.0,10.764932822597064
28677,0,unclassified,15,539.56,355.0,8.726655703298157
28677,0,unclassified,16,728.29,315.0,18.095366043132394
28677,0,unclassified,17,877.0,460.0,16.128179532070526
28677,0,unclassified,18,752.84,490.0,10.543840927616055
28677,0,unclassified,19,619.43,465.0,6.632021225928024
28677,0,unclassified,20,457.27,400.0,2.766198668720409
28677,0,unclassified,21,287.4,250.0,2.281590863058875
28677,0,unclassified,22,241.05,195.0,3.1187207295056245
28677,0,unclassified,23,255.88,195.0,4.054704003552293
28678,0,unclassified,0,226.78,0.0,21.296948138172286
28678,0,unclassified,1,137.53,0.0,16.58493292117879
28678,0,unclassified,2,32.3,0.0,8.037412518964047
28678,0,unclassified,3,4.21,0.0,2.9017236257093817
28678,0,unclassified,4,8.16,0.0,4.039801975344831
28678,0,unclassified,5,21.25,0.0,6.519202405202649
28678,0,unclassified,6,140.59,55.0,8.654952741843609
28678,0,unclassified,7,603.32,295.0,14.54792859406892
28678,0,unclassified,8,1321.86,555.0,25.033129367591915
28678,0,unclassified,9,742.43,365.0,16.039590369626456
28678,0,unclassified,10,424.4,195.0,13.035353433438097
28678,0,unclassified,11,476.36,300.0,8.951246404860361
28678,0,unclassified,12,577.93,320.0,12.172943748703231
28678,0,unclassified,13,537.94,280.0,12.754779930735673
28678,0,unclassified,14,556.66,330.0,10.764932822597064
28678,0,unclassified,15,539.56,165.0,19.95617954045314
28678,0,unclassified,16,728.29,260.0,21.066271700933488
28678,0,unclassified,17,877.0,500.0,14.367770355272407
28678,0,unclassified,18,752.84,590.0,6.284401981104126
28678,0,unclassified,19,619.43,465.0,6.632021225928024
28678,0,unclassified,20,457.27,260.0,10.416809189985148
28678,0,unclassified,21,287.4,135.0,10.486679862828584
28678,0,unclassified,22,241.05,95.0,11.267163831525112
28678,0,unclassified,23,255.88,60.0,15.586335794293202
29416,0,unclassified,0,674.58,0.0,36.73091341091316
29416,0,unclassified,1,399.3,0.0,28.259511673063283
29416,0,unclassified,2,255.59,0.0,22.609290125963707
29416,0,unclassified,3,173.85,0.0,18.646715528478467
29416,0,unclassified,4,169.52,20.0,15.359842496026571
29416,0,unclassified,5,208.45,30.0,16.343041621312125
29416,0,unclassified,6,408.7,270.0,7.529264158679796
29416,0,unclassified,7,1416.99,1885.0,11.518137369120597
29416,0,unclassified,8,2469.71,2490.0,0.40744491595200144
29416,0,unclassified,9,2087.0,2215.0,2.759877236706777
29416,0,unclassified,10,1911.03,2005.0,2.123641577729698
29416,0,unclassified,11,1891.34,2050.0,3.5740489584880106
29416,0,unclassified,12,2126.24,2180.0,1.1585776398589762
29416,0,unclassified,13,1790.42,1760.0,0.7219952525299898
29416,0,unclassified,14,2117.48,1775.0,7.763132840728358
29416,0,unclassified,15,2126.33,1900.0,5.044317773899129
29416,0,unclassified,16,2410.43,2125.0,5.993843249738233
29416,0,unclassified,17,2583.33,2225.0,7.308041995948208
29416,0,unclassified,18,2572.71,2255.0,6.466589538078945
29416,0,unclassified,19,2279.64,1885.0,8.648232709766006
29416,0,unclassified,20,1931.32,1135.0,20.337327550824376
29416,0,unclassified,21,1182.86,820.0,11.466445138286042
29416,0,unclassified,22,896.0,910.0,0.46589082794780523
29416,0,unclassified,23,972.62,960.0,0.4059767083024304
29445,0,unclassified,0,128.41,0.0,16.025604512778916
29445,0,unclassified,1,98.46,0.0,14.0328186762318
29445,0,unclassified,2,60.84,0.0,11.030865786510141
29445,0,unclassified,3,72.75,5.0,10.866110033810674
29445,0,unclassified,4,109.44,0.0,14.794593607125543
29445,0,unclassified,5,147.12,0.0,17.153425313913253
29445,0,unclassified,6,257.71,35.0,18.409243232992097
29445,0,unclassified,7,494.04,400.0,4.447839868444524
29445,0,unclassified,8,658.86,600.0,2.34610010268454
29445,0,unclassified,9,560.0,410.0,6.811149137797497
29445,0,unclassified,10,580.21,405.0,7.894224661141751
29445,0,unclassified,11,613.59,580.0,1.3749832760956198
29445,0,unclassified,12,687.71,775.0,3.2277536140612453
29445,0,unclassified,13,625.17,510.0,4.8341921865568205
29445,0,unclassified,14,718.01,590.0,5.0055679733828855
29445,0,unclassified,15,677.51,520.0,6.437000679313973
29445,0,unclassified,16,794.36,635.0,5.961060185933853
29445,0,unclassified,17,882.57,660.0,8.014181672411148
29445,0,unclassified,18,764.71,625.0,5.300055277974619
29445,0,unclassified,19,502.21,375.0,6.074135327984743
29445,0,unclassified,20,320.14,235.0,5.110311614082372
29445,0,unclassified,21,196.74,190.0,0.48469143786164826
29445,0,unclassified,22,154.96,180.0,1.9348747112093279
29445,0,unclassified,23,178.17,205.0,1.93838446714241
30369,0,unclassified,0,155.59,0.0,17.640294782117447
30369,0,unclassified,1,92.36,0.0,13.591173606425606
30369,0,unclassified,2,35.45,0.0,8.420213774008355
30369,0,unclassified,3,3.33,0.0,2.5806975801127883
30369,0,unclassified,4,2.69,0.0,2.3194827009486403
30369,0,unclassified,5,34.12,5.0,6.584259596767719
30369,0,unclassified,6,102.27,100.0,0.22572263831474162
30369,0,unclassified,7,283.32,395.0,6.0641940781274
30369,0,unclassified,8,522.14,625.0,4.294902468440666
30369,0,unclassified,9,402.86,655.0,10.963334082018056
30369,0,unclassified,10,314.35,495.0,8.980174549274752
30369,0,unclassified,11,357.88,560.0,9.434770357935426
30369,0,unclassified,12,457.0,710.0,10.473699054954016
30369,0,unclassified,13,366.21,540.0,8.164420338255981
30369,0,unclassified,14,385.41,490.0,4.999187309011878
30369,0,unclassified,15,410.46,415.0,0.22347185505602501
30369,0,unclassified,16,583.86,560.0,0.9976977677466337
30369,0,unclassified,17,604.29,660.0,2.215770647098627
30369,0,unclassified,18,564.57,795.0,8.83798441082047
30369,0,unclassified,19,468.29,530.0,2.7621177189326014
30369,0,unclassified,20,362.57,475.0,5.49397465744824
30369,0,unclassified,21,182.76,220.0,2.624227631595484
30369,0,unclassified,22,154.71,255.0,7.007035972716324
30369,0,unclassified,23,183.58,225.0,2.8979209887565465
30374,0,unclassified,0,240.79,0.0,21.944931077586002
30374,0,unclassified,1,170.76,0.0,18.480259738434412
30374,0,unclassified,2,61.67,0.0,11.10585431202841
30374,0,unclassified,3,6.29,0.0,3.54682957019364
30374,0,unclassified,4,24.33,0.0,6.975672010638114
30374,0,unclassified,5,76.36,5.0,11.188306861308918
30374,0,unclassified,6,150.27,70.0,7.648752090639333
30374,0,unclassified,7,560.42,605.0,1.846774327001515
30374,0,unclassified,8,862.57,615.0,9.108334721866068
30374,0,unclassified,9,633.43,600.0,1.3461520619741185
30374,0,unclassified,10,465.64,320.0,7.348249175741158
30374,0,unclassified,11,522.21,320.0,9.85388365298214
30374,0,unclassified,12,681.64,530.0,6.160868972286132
30374,0,unclassified,13,584.14,405.0,8.055243726493712
30374,0,unclassified,14,600.01,520.0,3.381024502215737
30374,0,unclassified,15,649.84,480.0,7.145728412093747
30374,0,unclassified,16,836.0,615.0,8.204905157423555
30374,0,unclassified,17,893.43,835.0,1.9875816855431045
30374,0,unclassified,18,818.14,705.0,4.099786683501632
30374,0,unclassified,19,658.86,405.0,11.006951008505384
30374,0,unclassified,20,512.09,310.0,9.96781890210544
30374,0,unclassified,21,279.18,170.0,7.285307417813393
30374,0,unclassified,22,247.05,270.0,1.4273530798724638
30374,0,unclassified,23,313.14,250.0,3.7628021815037873
30406,0,unclassified,0,315.48,0.0,25.118917174114017
30406,0,unclassified,1,136.78,0.0,16.539649331228276
30406,0,unclassified,2,44.6,0.0,9.444575162494075
30406,0,unclassified,3,1.69,0.0,1.8384776310850235
30406,0,unclassified,4,4.66,0.0,3.0528675044947495
30406,0,unclassified,5,72.82,5.0,10.872443764418113
30406,0,unclassified,6,280.76,75.0,15.427565212410533
30406,0,unclassified,7,910.64,670.0,8.559853516025337
30406,0,unclassified,8,1406.72,830.0,17.24543683823285
30406,0,unclassified,9,1092.0,860.0,7.426139036107966
30406,0,unclassified,10,895.89,700.0,6.934669812011631
30406,0,unclassified,11,1008.11,575.0,15.394219082618607
30406,0,unclassified,12,1227.09,585.0,21.331481664303972
30406,0,unclassified,13,986.96,435.0,20.700408406869695
30406,0,unclassified,14,1062.54,600.0,16.042728818074416
30406,0,unclassified,15,997.23,570.0,15.261962102648516
30406,0,unclassified,16,1313.85,655.0,20.99883654991895
30406,0,unclassified,17,1440.86,955.0,14.037682816721274
30406,0,unclassified,18,1379.57,740.0,19.64622891887492
30406,0,unclassified,19,1200.95,510.0,23.62343025962493
30406,0,unclassified,20,856.1,290.0,23.648135025865216
30406,0,unclassified,21,461.16,170.0,16.389925322258364
30406,0,unclassified,22,367.17,205.0,9.587888457966415
30406,0,unclassified,23,393.01,130.0,16.26418339474405
30407,0,unclassified,0,111.67,0.0,14.944564229177109
30407,0,unclassified,1,26.21,0.0,7.240165743959181
30407,0,unclassified,2,3.71,0.0,2.723967694375247
30407,0,unclassified,3,0.0,0.0,
30407,0,unclassified,4,3.12,0.0,2.4979991993593593
30407,0,unclassified,5,57.41,5.0,9.382143392908091
30407,0,unclassified,6,143.53,80.0,6.009328482488746
30407,0,unclassified,7,506.41,355.0,7.295660275124176
30407,0,unclassified,8,681.29,550.0,5.291349766077595
30407,0,unclassified,9,464.14,450.0,0.6613906497798128
30407,0,unclassified,10,393.75,355.0,2.002711017354156
30407,0,unclassified,11,411.54,355.0,2.888041242121076
30407,0,unclassified,12,517.91,605.0,3.675452493098342
30407,0,unclassified,13,432.61,450.0,0.8278090270820576
30407,0,unclassified,14,419.64,430.0,0.5026402678164218
30407,0,unclassified,15,402.29,390.0,0.6174826985920309
30407,0,unclassified,16,539.06,500.0,1.7136689333180584
30407,0,unclassified,17,576.43,550.0,1.1136790673068375
30407,0,unclassified,18,577.57,605.0,1.1280474723577028
30407,0,unclassified,19,507.71,455.0,2.4024827193452825
30407,0,unclassified,20,395.91,400.0,0.20502476613460432
30407,0,unclassified,21,200.53,190.0,0.7535571038140892
30407,0,unclassified,22,145.35,190.0,3.4481591755191228
30407,0,unclassified,23,139.33,195.0,4.305747369895734
30595,0,unclassified,0,726.43,0.0,38.116400669528076
30595,0,unclassified,1,474.9,0.0,30.8188254156449
30595,0,unclassified,2,322.43,0.0,25.394093801512195
30595,0,unclassified,3,231.74,40.0,16.449433098671893
30595,0,unclassified,4,293.59,125.0,11.653392762016193
30595,0,unclassified,5,306.03,5.0,24.139242423667845
30595,0,unclassified,6,458.69,715.0,10.58044286408805
30595,0,unclassified,7,1224.91,2370.0,27.0091308445882
30595,0,unclassified,8,1514.57,1690.0,4.382621650747469
30595,0,unclassified,9,1307.14,1725.0,10.731765465341667
30595,0,unclassified,10,1287.67,1810.0,13.272183977138397
30595,0,unclassified,11,1310.56,1515.0,5.439119532732724
30595,0,unclassified,12,1611.24,1755.0,3.5041325341329284
30595,0,unclassified,13,1349.54,1950.0,14.783333724161384
30595,0,unclassified,14,1486.59,2310.0,18.898802440072696
30595,0,unclassified,15,1516.13,2040.0,12.423664425133943
30595,0,unclassified,16,1706.79,2280.0,12.838582495143317
30595,0,unclassified,17,1648.71,2120.0,10.85692562347162
30595,0,unclassified,18,1774.14,1830.0,1.3158764150365325
30595,0,unclassified,19,1503.29,1905.0,9.731042530229628
30595,0,unclassified,20,1360.62,1725.0,9.276802461831444
30595,0,unclassified,21,941.88,1800.0,23.176016962914638
30595,0,unclassified,22,885.43,1625.0,20.874699186529938
30595,0,unclassified,23,986.14,1555.0,15.959015574559656
30596,0,unclassified,0,726.14,0.0,38.10879163657646
30596,0,unclassified,1,470.41,0.0,30.672789243888467
30596,0,unclassified,2,322.51,0.0,25.39724394496379
30596,0,unclassified,3,235.0,45.0,16.057930839841813
30596,0,unclassified,4,281.53,165.0,7.798793538731108
30596,0,unclassified,5,337.97,5.0,25.426819332795603
30596,0,unclassified,6,479.42,815.0,13.190870607413672
30596,0,unclassified,7,1234.86,2450.0,28.30941004298224
30596,0,unclassified,8,1544.86,1955.0,9.80441732695563
30596,0,unclassified,9,1376.43,1870.0,12.250695097685039
30596,0,unclassified,10,1318.17,2010.0,16.95944506820923
30596,0,unclassified,11,1306.77,1860.0,13.903126022426186
30596,0,unclassified,12,1567.36,1905.0,8.103199234121979
30596,0,unclassified,13,1357.64,2030.0,16.336846943075283
30596,0,unclassified,14,1482.92,2435.0,21.51100286296239
30596,0,unclassified,15,1493.49,2210.0,16.650668163052526
30596,0,unclassified,16,1631.0,2305.0,15.193133344146235
30596,0,unclassified,17,1444.29,2595.0,25.605211525092187
30596,0,unclassified,18,1666.0,2645.0,21.086702856215418
30596,0,unclassified,19,1483.0,2165.0,15.968788087467882
30596,0,unclassified,20,1334.91,1580.0,6.419896323262401
30596,0,unclassified,21,966.59,1655.0,19.014275506426838
30596,0,unclassified,22,888.29,1490.0,17.448971052351965
30596,0,unclassified,23,1002.29,1350.0,10.13880447093249
30597,0,unclassified,0,762.57,0.0,39.0530408547145
30597,0,unclassified,1,508.72,0.0,31.897335311903408
30597,0,unclassified,2,349.03,0.0,26.420825119590795
30597,0,unclassified,3,271.14,45.0,17.986748459258784
30597,0,unclassified,4,320.91,160.0,10.376864092513793
30597,0,unclassified,5,377.76,10.0,26.411799102562554
30597,0,unclassified,6,524.51,825.0,11.56796505455497
30597,0,unclassified,7,1365.3,2420.0,24.243414756644533
30597,0,unclassified,8,1811.57,2245.0,9.623974828108881
30597,0,unclassified,9,1604.86,2215.0,13.961136475687953
30597,0,unclassified,10,1464.42,2360.0,20.480313198896116
30597,0,unclassified,11,1423.09,2195.0,18.14855208439103
30597,0,unclassified,12,1700.74,2205.0,11.410846219752461
30597,0,unclassified,13,1466.07,2030.0,13.48808011371793
30597,0,unclassified,14,1597.33,2340.0,16.738246947064482
30597,0,unclassified,15,1612.26,2165.0,12.71883848245206
30597,0,unclassified,16,1750.57,2255.0,11.271552610518418
30597,0,unclassified,17,1619.0,2515.0,19.70778298561335
30597,0,unclassified,18,1849.71,2515.0,14.241256106990766
30597,0,unclassified,19,1613.0,2390.0,17.367736504695355
30597,0,unclassified,20,1475.57,2205.0,17.003607752365028
30597,0,unclassified,21,1053.93,2415.0,32.68117716679081
30597,0,unclassified,22,946.57,1505.0,15.950033154779785
30597,0,unclassified,23,1065.43,1360.0,8.458807468477541
30604,0,unclassified,0,133.75,0.0,16.355427233796124
30604,0,unclassified,1,76.53,0.0,12.371741995369932
30604,0,unclassified,2,38.14,0.0,8.73384222435922
30604,0,unclassified,3,11.94,0.0,4.886716689148247
30604,0,unclassified,4,15.0,0.0,5.477225575051661
30604,0,unclassified,5,55.15,10.0,7.910711430323126
30604,0,unclassified,6,125.57,160.0,2.881348103628164
30604,0,unclassified,7,459.91,700.0,9.969581387546244
30604,0,unclassified,8,759.43,765.0,0.20175135005725156
30604,0,unclassified,9,590.43,850.0,9.672158749415349
30604,0,unclassified,10,513.53,880.0,13.88338172120767
30604,0,unclassified,11,548.27,815.0,10.216353787124367
30604,0,unclassified,12,616.46,745.0,4.926640246061486
30604,0,unclassified,13,535.36,745.0,8.285583530201109
30604,0,unclassified,14,565.55,605.0,1.630673526915132
30604,0,unclassified,15,538.56,435.0,4.6938118665462865
30604,0,unclassified,16,628.2,605.0,0.9342997329112004
30604,0,unclassified,17,723.43,775.0,1.8840564003546474
30604,0,unclassified,18,703.71,785.0,2.9795252387609876
30604,0,unclassified,19,615.57,760.0,5.507202695942864
30604,0,unclassified,20,515.86,360.0,7.447874042829998
30604,0,unclassified,21,286.93,275.0,0.7117284597288134
30604,0,unclassified,22,198.53,260.0,4.059703660985313
30604,0,unclassified,23,185.04,215.0,2.118385999782758
30607,0,unclassified,0,131.32,0.0,16.206171663906314
30607,0,unclassified,1,24.44,0.0,6.9914233171794145
30607,0,unclassified,2,8.24,0.0,4.059556626036888
30607,0,unclassified,3,0.0,25.0,7.0710678118654755
30607,0,unclassified,4,42.86,20.0,4.077594507143081
30607,0,unclassified,5,115.88,5.0,14.26234670107185
30607,0,unclassified,6,247.89,245.0,0.1840932382122012
30607,0,unclassified,7,844.14,485.0,13.931356699542789
30607,0,unclassified,8,1125.14,525.0,20.893306525150695
30607,0,unclassified,9,626.43,465.0,6.91036999664694
30607,0,unclassified,10,394.68,520.0,5.8600428608389725
30607,0,unclassified,11,405.04,500.0,4.463975647577181
30607,0,unclassified,12,470.54,490.0,0.887973706592744
30607,0,unclassified,13,500.95,545.0,1.9262180511788938
30607,0,unclassified,14,476.22,510.0,1.5212049862955184
30607,0,unclassified,15,429.94,530.0,4.56723598701867
30607,0,unclassified,16,516.43,495.0,0.952948110622714
30607,0,unclassified,17,546.0,525.0,0.9074852129730301
30607,0,unclassified,18,549.14,505.0,1.9226409146254826
30607,0,unclassified,19,492.14,510.0,0.7978702166838193
30607,0,unclassified,20,404.71,480.0,3.5797428216203424
30607,0,unclassified,21,233.18,305.0,4.378210331305978
30607,0,unclassified,22,189.28,195.0,0.4126550227421406
30607,0,unclassified,23,182.72,210.0,1.9467843855647164
30614,0,unclassified,0,110.66,0.0,14.876827618817124
30614,0,unclassified,1,46.15,0.0,9.60728889958036
30614,0,unclassified,2,16.73,0.0,5.784461945591828
30614,0,unclassified,3,9.74,10.0,0.08275891183029986
30614,0,unclassified,4,57.08,35.0,3.254103871567482
30614,0,unclassified,5,112.81,10.0,13.119989615622647
30614,0,unclassified,6,211.38,160.0,3.770507785015645
30614,0,unclassified,7,640.7,805.0,6.111016702933241
30614,0,unclassified,8,716.86,870.0,5.436687043675056
30614,0,unclassified,9,498.14,820.0,12.537219663351554
30614,0,unclassified,10,385.68,825.0,17.855881238301087
30614,0,unclassified,11,378.61,830.0,18.36216306319839
30614,0,unclassified,12,413.52,725.0,13.054938546028165
30614,0,unclassified,13,438.92,625.0,8.067894466457084
30614,0,unclassified,14,418.56,580.0,7.225020174351661
30614,0,unclassified,15,394.21,675.0,12.144094239074967
30614,0,unclassified,16,475.86,625.0,6.356866496058495
30614,0,unclassified,17,480.29,615.0,5.756390830015638
30614,0,unclassified,18,429.43,615.0,8.120506094309192
30614,0,unclassified,19,415.0,525.0,5.073921644158868
30614,0,unclassified,20,329.19,355.0,1.3954511605911442
30614,0,unclassified,21,203.9,245.0,2.7433550410519802
30614,0,unclassified,22,154.5,180.0,1.9717739162190007
30614,0,unclassified,23,151.59,285.0,9.02955795841333
30615,0,unclassified,0,110.66,0.0,14.876827618817124
30615,0,unclassified,1,46.15,0.0,9.60728889958036
30615,0,unclassified,2,16.73,0.0,5.784461945591828
30615,0,unclassified,3,9.74,25.0,3.661462785475026
30615,0,unclassified,4,57.08,15.0,7.0094402809471354
30615,0,unclassified,5,112.81,5.0,14.04698005823573
30615,0,unclassified,6,211.38,245.0,2.225611747113383
30615,0,unclassified,7,640.7,635.0,0.2256916937173311
30615,0,unclassified,8,716.86,630.0,3.3471378222159873
30615,0,unclassified,9,498.14,695.0,8.059846593451933
30615,0,unclassified,10,385.68,600.0,9.654054054054054
30615,0,unclassified,11,378.61,560.0,8.373089823454327
30615,0,unclassified,12,413.52,640.0,9.867870964068452
30615,0,unclassified,13,438.92,615.0,7.670456376067528
30615,0,unclassified,14,418.56,690.0,11.529467315694864
30615,0,unclassified,15,394.21,645.0,11.00204848959363
30615,0,unclassified,16,475.86,610.0,5.756869466616465
30615,0,unclassified,17,480.29,655.0,7.332960663774812
30615,0,unclassified,18,429.43,665.0,10.070266993148921
30615,0,unclassified,19,415.0,775.0,14.75856111043418
30615,0,unclassified,20,329.19,730.0,17.416729639126444
30615,0,unclassified,21,203.9,690.0,22.99302705138653
30615,0,unclassified,22,154.5,710.0,26.718776202047632
30615,0,unclassified,23,151.59,350.0,12.528645476476248
30637,0,unclassified,0,412.84,0.0,28.73464807510264
30637,0,unclassified,1,286.41,0.0,23.933658307914403
30637,0,unclassified,2,183.53,0.0,19.158809983921234
30637,0,unclassified,3,133.33,0.0,16.329727493133497
30637,0,unclassified,4,95.0,35.0,7.442084075352508
30637,0,unclassified,5,147.5,0.0,17.175564037317667
30637,0,unclassified,6,231.2,145.0,6.285109784032561
30637,0,unclassified,7,547.64,395.0,7.030891934785027
30637,0,unclassified,8,769.43,475.0,11.803527621255705
30637,0,unclassified,9,714.96,470.0,10.0637149248196
30637,0,unclassified,10,631.72,475.0,6.662244111601839
30637,0,unclassified,11,629.36,340.0,13.143497478040976
30637,0,unclassified,12,644.53,565.0,3.2339824439679594
30637,0,unclassified,13,590.36,465.0,5.45724769971402
30637,0,unclassified,14,667.82,475.0,8.06637039539898
30637,0,unclassified,15,663.2,545.0,4.809091704196092
30637,0,unclassified,16,651.0,615.0,1.4308715403308956
30637,0,unclassified,17,657.27,560.0,3.9427610202879215
30637,0,unclassified,18,656.79,510.0,6.077362183839957
30637,0,unclassified,19,635.47,585.0,2.043077063569218
30637,0,unclassified,20,559.85,415.0,6.560917841234069
30637,0,unclassified,21,455.26,390.0,3.1744384332270195
30637,0,unclassified,22,432.69,245.0,10.196252775365611
30637,0,unclassified,23,506.33,245.0,13.483073475062767
31600,0,unclassified,0,37.33,0.0,8.640601830891178
31600,0,unclassified,1,1.92,0.0,1.9595917942265424
31600,0,unclassified,2,0.0,0.0,
31600,0,unclassified,3,0.0,0.0,
31600,0,unclassified,4,19.02,0.0,6.16765757804371
31600,0,unclassified,5,68.75,0.0,11.726039399558575
31600,0,unclassified,6,174.84,35.0,13.652188444818107
31600,0,unclassified,7,420.57,325.0,4.9498537975843755
31600,0,unclassified,8,452.43,500.0,2.17987512702865
31600,0,unclassified,9,295.0,505.0,10.5
31600,0,unclassified,10,234.46,330.0,5.687005510485495
31600,0,unclassified,11,244.02,325.0,4.800970137337268
31600,0,unclassified,12,297.42,415.0,6.22989033979596
31600,0,unclassified,13,273.48,315.0,2.420507813464104
31600,0,unclassified,14,298.29,285.0,0.7782116237091551
31600,0,unclassified,15,241.62,330.0,5.2277557365408995
31600,0,unclassified,16,280.67,405.0,6.714804260997387
31600,0,unclassified,17,319.83,465.0,7.328314124906633
31600,0,unclassified,18,332.67,470.0,6.855070130572894
31600,0,unclassified,19,312.17,485.0,8.656825325135728
31600,0,unclassified,20,243.5,380.0,7.7308886899143765
31600,0,unclassified,21,151.52,310.0,10.432639423077298
31600,0,unclassified,22,122.4,275.0,10.82569033424122
31600,0,unclassified,23,101.71,230.0,9.961586737780694
31601,0,unclassified,0,37.33,0.0,8.640601830891178
31601,0,unclassified,1,1.92,0.0,1.9595917942265424
31601,0,unclassified,2,0.0,0.0,
31601,0,unclassified,3,0.0,0.0,
31601,0,unclassified,4,19.02,0.0,6.16765757804371
31601,0,unclassified,5,68.75,0.0,11.726039399558575
31601,0,unclassified,6,174.84,15.0,16.40614728611517
31601,0,unclassified,7,420.57,340.0,4.131604729995864
31601,0,unclassified,8,452.43,415.0,1.797287715423063
31601,0,unclassified,9,295.0,485.0,9.621023987294834
31601,0,unclassified,10,234.46,450.0,11.651151243870354
31601,0,unclassified,11,244.02,345.0,5.8841717888609555
31601,0,unclassified,12,297.42,395.0,5.24434205003232
31601,0,unclassified,13,273.48,360.0,4.86144139392793
31601,0,unclassified,14,298.29,310.0,0.671454446945659
31601,0,unclassified,15,241.62,265.0,1.4689883087141709
31601,0,unclassified,16,280.67,245.0,2.2001967098522424
31601,0,unclassified,17,319.83,250.0,4.13698917883593
31601,0,unclassified,18,332.67,365.0,1.7309944608513952
31601,0,unclassified,19,312.17,365.0,2.87108965040722
31601,0,unclassified,20,243.5,245.0,0.09597850322264759
31601,0,unclassified,21,151.52,150.0,0.12379426440339515
31601,0,unclassified,22,122.4,135.0,1.1106603592306843
31601,0,unclassified,23,101.71,195.0,7.659210387362268
31606,0,unclassified,0,167.92,0.0,18.32593790232849
31606,0,unclassified,1,132.38,0.0,16.27144738491324
31606,0,unclassified,2,89.47,0.0,13.37684566704722
31606,0,unclassified,3,0.0,0.0,
31606,0,unclassified,4,7.62,5.0,1.0430055315420232
31606,0,unclassified,5,36.15,10.0,5.443783417638708
31606,0,unclassified,6,107.88,40.0,7.894090673934435
31606,0,unclassified,7,223.94,165.0,4.226528719859525
31606,0,unclassified,8,308.29,315.0,0.38009524658532573
31606,0,unclassified,9,321.86,390.0,3.611767884177803
31606,0,unclassified,10,322.39,335.0,0.6955342771973768
31606,0,unclassified,11,367.18,500.0,6.378577655852196
31606,0,unclassified,12,409.96,600.0,8.456836470714077
31606,0,unclassified,13,323.95,560.0,11.22807105995327
31606,0,unclassified,14,372.8,480.0,5.1914202563146
31606,0,unclassified,15,415.61,475.0,2.8143916882493225
31606,0,unclassified,16,461.14,555.0,4.164077213488731
31606,0,unclassified,17,501.14,640.0,5.813299447114255
31606,0,unclassified,18,490.71,635.0,6.081881712287173
31606,0,unclassified,19,436.29,700.0,11.06361372092984
31606,0,unclassified,20,330.52,515.0,8.97227022987322
31606,0,unclassified,21,224.1,485.0,13.855918948839008
31606,0,unclassified,22,184.43,340.0,9.607205617995005
31606,0,unclassified,23,206.62,295.0,5.580608717027712
31607,0,unclassified,0,167.92,0.0,18.32593790232849
31607,0,unclassified,1,132.38,0.0,16.27144738491324
31607,0,unclassified,2,89.47,0.0,13.37684566704722
31607,0,unclassified,3,0.0,10.0,4.47213595499958
31607,0,unclassified,4,7.62,15.0,2.194446813430694
31607,0,unclassified,5,36.15,15.0,4.182178360110568
31607,0,unclassified,6,107.88,215.0,8.43072628477528
31607,0,unclassified,7,223.94,600.0,18.527820986192502
31607,0,unclassified,8,308.29,710.0,17.802947101881156
31607,0,unclassified,9,321.86,665.0,15.447513080666367
31607,0,unclassified,10,322.39,430.0,5.548123526329055
31607,0,unclassified,11,367.18,455.0,4.331366931747257
31607,0,unclassified,12,409.96,430.0,0.9778751561134256
31607,0,unclassified,13,323.95,400.0,3.9972372875187387
31607,0,unclassified,14,372.8,630.0,11.486264147259988
31607,0,unclassified,15,415.61,475.0,2.8143916882493225
31607,0,unclassified,16,461.14,445.0,0.7582647676611813
31607,0,unclassified,17,501.14,580.0,3.3918044273835415
31607,0,unclassified,18,490.71,535.0,1.9557276836105166
31607,0,unclassified,19,436.29,390.0,2.2773822435978914
31607,0,unclassified,20,330.52,235.0,5.680483821760749
31607,0,unclassified,21,224.1,135.0,6.649438893168727
31607,0,unclassified,22,184.43,220.0,2.5013656483148834
31607,0,unclassified,23,206.62,255.0,3.184480204339421
3166,0,unclassified,0,102.44,0.0,14.313629868066311
3166,0,unclassified,1,3.43,0.0,2.619160170741759
3166,0,unclassified,2,0.0,0.0,
3166,0,unclassified,3,0.0,0.0,
3166,0,unclassified,4,0.0,10.0,4.47213595499958
3166,0,unclassified,5,2.07,5.0,1.5583783686987858
3166,0,unclassified,6,103.18,70.0,3.565681205261992
3166,0,unclassified,7,348.25,325.0,1.267213450625708
3166,0,unclassified,8,605.57,570.0,1.4671503303292637
3166,0,unclassified,9,428.06,640.0,9.171283164417915
3166,0,unclassified,10,399.42,460.0,2.922412647648366
3166,0,unclassified,11,380.81,515.0,6.340553883329439
3166,0,unclassified,12,461.69,625.0,7.006077568521071
3166,0,unclassified,13,385.42,490.0,4.998680779108114
3166,0,unclassified,14,408.18,465.0,2.719345174429925
3166,0,unclassified,15,424.16,465.0,1.936915937457952
3166,0,unclassified,16,463.64,590.0,5.5052683128009585
3166,0,unclassified,17,523.86,670.0,5.981462717073436
3166,0,unclassified,18,534.14,645.0,4.565698047029399
3166,0,unclassified,19,471.14,660.0,7.941395089215168
3166,0,unclassified,20,377.41,490.0,5.406330663886214
3166,0,unclassified,21,221.56,245.0,1.5346836065752474
3166,0,unclassified,22,172.04,330.0,9.969949590098102
3166,0,unclassified,23,158.83,370.0,12.986411960188237
32208,0,unclassified,0,393.31,0.0,28.046746691907067
32208,0,unclassified,1,253.88,0.0,22.533530571128885
32208,0,unclassified,2,192.71,0.0,19.63211654407135
32208,0,unclassified,3,126.86,5.0,15.007889931639701
32208,0,unclassified,4,101.05,5.0,13.190371597343338
32208,0,unclassified,5,144.1,30.0,12.229290363365289
32208,0,unclassified,6,184.55,310.0,7.977752530396964
32208,0,unclassified,7,437.58,925.0,18.673999298244553
32208,0,unclassified,8,672.71,1235.0,18.206194565190593
32208,0,unclassified,9,523.43,880.0,13.460600066312105
32208,0,unclassified,10,459.49,630.0,7.3055552244548645
32208,0,unclassified,11,518.02,820.0,11.675134060259545
32208,0,unclassified,12,528.19,845.0,12.090619762627476
32208,0,unclassified,13,548.21,705.0,6.263562742050388
32208,0,unclassified,14,613.42,875.0,9.588634947527462
32208,0,unclassified,15,606.84,850.0,9.009510669390059
32208,0,unclassified,16,633.36,960.0,11.572505865274275
32208,0,unclassified,17,623.29,1240.0,20.204856105692983
32208,0,unclassified,18,591.43,1130.0,18.357455004543944
32208,0,unclassified,19,580.29,945.0,13.206461139053113
32208,0,unclassified,20,506.38,575.0,2.9510498446792
32208,0,unclassified,21,373.55,350.0,1.2381453625937098
32208,0,unclassified,22,374.93,295.0,4.367270556070683
32208,0,unclassified,23,458.57,365.0,4.611066315061535
3445,0,unclassified,0,0.56,0.0,1.0583005244258363
3445,0,unclassified,1,0.71,0.0,1.1916375287812986
3445,0,unclassified,2,0.0,0.0,
3445,0,unclassified,3,0.0,0.0,
3445,0,unclassified,4,0.0,0.0,
3445,0,unclassified,5,0.0,0.0,
3445,0,unclassified,6,0.0,0.0,
3445,0,unclassified,7,3.81,15.0,3.6488052708121077
3445,0,unclassified,8,52.76,30.0,3.538156302958684
3445,0,unclassified,9,146.88,65.0,7.955140414507875
3445,0,unclassified,10,235.88,35.0,17.26089167949256
3445,0,unclassified,11,291.27,30.0,20.614341030482144
3445,0,unclassified,12,306.77,45.0,19.738105750123655
3445,0,unclassified,13,273.45,25.0,20.338466633348045
3445,0,unclassified,14,281.46,60.0,16.948855435688362
3445,0,unclassified,15,323.33,55.0,19.50962124902387
3445,0,unclassified,16,364.02,65.0,20.416273064997156
3445,0,unclassified,17,354.67,105.0,16.468660576048666
3445,0,unclassified,18,346.22,85.0,17.789837264894082
3445,0,unclassified,19,301.71,50.0,18.98117569723433
3445,0,unclassified,20,182.97,15.0,16.882899238878007
3445,0,unclassified,21,4.69,25.0,5.271325355196434
3445,0,unclassified,22,1.13,5.0,2.210526499773079
3445,0,unclassified,23,7.2,20.0,3.470887325098499
34622,0,unclassified,0,160.48,0.0,17.915356541246954
34622,0,unclassified,1,57.06,0.0,10.682696288858914
34622,0,unclassified,2,14.84,0.0,5.447935388750494
34622,0,unclassified,3,0.0,0.0,
34622,0,unclassified,4,0.0,20.0,6.324555320336759
34622,0,unclassified,5,2.17,5.0,1.494658084446165
34622,0,unclassified,6,82.0,275.0,14.445686939306812
34622,0,unclassified,7,331.23,1125.0,29.416750157682564
34622,0,unclassified,8,682.69,1430.0,22.99311985927888
34622,0,unclassified,9,526.67,1115.0,20.534922175287623
34622,0,unclassified,10,332.24,815.0,20.1566862598061
34622,0,unclassified,11,325.22,770.0,19.006824531071814
34622,0,unclassified,12,389.59,1015.0,23.59962124176325
34622,0,unclassified,13,390.84,1005.0,23.247631107965596
34622,0,unclassified,14,435.29,1000.0,21.080001949106506
34622,0,unclassified,15,401.55,940.0,20.79011766641079
34622,0,unclassified,16,517.12,930.0,15.349229194398703
34622,0,unclassified,17,622.29,895.0,9.901061621292836
34622,0,unclassified,18,493.14,900.0,15.415677338334728
34622,0,unclassified,19,415.14,645.0,9.983821084980537
34622,0,unclassified,20,307.36,405.0,5.173601882417721
34622,0,unclassified,21,225.31,320.0,5.734524115380158
34622,0,unclassified,22,199.44,465.0,14.56967193992575
34622,0,unclassified,23,217.47,680.0,21.834584620286773
34623,0,unclassified,0,328.2,0.0,25.620304447839803
34623,0,unclassified,1,164.82,0.0,18.155990746858183
34623,0,unclassified,2,74.38,0.0,12.19672087079146
34623,0,unclassified,3,26.67,15.0,2.5566666338140145
34623,0,unclassified,4,25.2,15.0,2.2751086574018995
34623,0,unclassified,5,59.62,0.0,10.919706955774958
34623,0,unclassified,6,215.12,135.0,6.0554647247957565
34623,0,unclassified,7,792.75,505.0,11.296263423277088
34623,0,unclassified,8,1325.54,730.0,18.576460490666328
34623,0,unclassified,9,1033.38,565.0,16.56812344529186
34623,0,unclassified,10,804.27,520.0,11.047340932735699
34623,0,unclassified,11,852.84,515.0,12.918390738675946
34623,0,unclassified,12,1107.19,620.0,16.57842641006081
34623,0,unclassified,13,928.02,675.0,8.937177403875761
34623,0,unclassified,14,1003.64,705.0,10.217336344735791
34623,0,unclassified,15,1018.86,735.0,9.585653686318263
34623,0,unclassified,16,1283.84,780.0,15.684462074607834
34623,0,unclassified,17,1460.29,790.0,19.982898983180437
34623,0,unclassified,18,1339.14,725.0,19.11669483851552
34623,0,unclassified,19,1197.57,785.0,13.103833850160235
34623,0,unclassified,20,967.98,675.0,10.222022536275935
34623,0,unclassified,21,595.76,660.0,2.5637000241048007
34623,0,unclassified,22,448.21,445.0,0.1518949173591674
34623,0,unclassified,23,469.42,420.0,2.3434964144781216
34912,0,unclassified,0,570.07,0.0,33.76595918969281
34912,0,unclassified,1,338.94,0.0,26.03612874449656
34912,0,unclassified,2,239.23,0.0,21.873728534477152
34912,0,unclassified,3,150.96,10.0,15.712739383266094
34912,0,unclassified,4,144.8,40.0,10.902479959351876
34912,0,unclassified,5,171.76,15.0,16.22214653255836
34912,0,unclassified,6,268.87,260.0,0.5454615615117931
34912,0,unclassified,7,660.95,490.0,7.126165008258153
34912,0,unclassified,8,1003.57,620.0,13.46245056060948
34912,0,unclassified,9,863.29,755.0,3.806932498415015
34912,0,unclassified,10,846.53,785.0,2.1542910689471486
34912,0,unclassified,11,972.7,1060.0,2.7383729614710086
34912,0,unclassified,12,1116.03,1385.0,7.606053751708989
34912,0,unclassified,13,976.09,1220.0,7.36070710646028
34912,0,unclassified,14,1119.99,1230.0,3.209328371302177
34912,0,unclassified,15,1160.44,1160.0,0.01291761994068043
34912,0,unclassified,16,1333.64,1225.0,3.0373872266091766
34912,0,unclassified,17,1497.14,1910.0,10.002828353755554
34912,0,unclassified,18,1414.43,1820.0,10.085140254392766
34912,0,unclassified,19,1266.04,1805.0,13.75399289358651
34912,0,unclassified,20,982.38,1360.0,11.034211652472226
34912,0,unclassified,21,687.26,830.0,5.182397080262691
34912,0,unclassified,22,579.57,1035.0,16.029065127265596
34912,0,unclassified,23,679.43,990.0,10.74955269765468
35020,0,unclassified,0,253.53,0.0,22.517992805754247
35020,0,unclassified,1,178.76,0.0,18.908199279677586
35020,0,unclassified,2,102.95,0.0,14.349216006458333
35020,0,unclassified,3,75.38,15.0,8.981976987261223
35020,0,unclassified,4,115.28,30.0,10.005971785171031
35020,0,unclassified,5,158.45,0.0,17.80168531347524
35020,0,unclassified,6,291.16,150.0,9.504484866034696
35020,0,unclassified,7,918.94,770.0,5.125299357117118
35020,0,unclassified,8,1076.0,935.0,4.446600118139866
35020,0,unclassified,9,819.43,730.0,3.213011265865302
35020,0,unclassified,10,709.53,545.0,6.569307180538889
35020,0,unclassified,11,892.41,640.0,9.118723895484706
35020,0,unclassified,12,1145.53,485.0,23.133596067967293
35020,0,unclassified,13,930.08,505.0,15.868928880369985
35020,0,unclassified,14,1018.89,505.0,18.61694239310369
35020,0,unclassified,15,1071.99,740.0,11.029659410810007
35020,0,unclassified,16,1263.21,550.0,23.6869077620817
35020,0,unclassified,17,1250.57,470.0,26.612806763109326
35020,0,unclassified,18,1252.57,385.0,30.3193290976934
35020,0,unclassified,19,1047.71,435.0,22.503074500739302
35020,0,unclassified,20,807.05,305.0,21.29118394396829
35020,0,unclassified,21,424.66,365.0,3.00246654590331
35020,0,unclassified,22,275.36,415.0,7.516004439206363
35020,0,unclassified,23,289.5,1210.0,33.61751099772103
35692,0,unclassified,0,522.94,0.0,32.34006802713934
35692,0,unclassified,1,364.91,0.0,27.01518091740272
35692,0,unclassified,2,235.33,0.0,21.69469981354893
35692,0,unclassified,3,137.0,5.0,15.665517888158863
35692,0,unclassified,4,88.0,60.0,3.25493388482694
35692,0,unclassified,5,181.82,15.0,16.816224667017885
35692,0,unclassified,6,309.69,370.0,3.2715147756963208
35692,0,unclassified,7,1094.86,1300.0,5.928233263413971
35692,0,unclassified,8,1944.29,1165.0,19.764393236163265
35692,0,unclassified,9,1489.0,1125.0,10.068472538085967
35692,0,unclassified,10,1231.99,1170.0,1.7887557247037567
35692,0,unclassified,11,1267.38,1255.0,0.348602410162921
35692,0,unclassified,12,1467.17,1305.0,4.355876770264433
35692,0,unclassified,13,1286.95,1215.0,2.0342601094573722
35692,0,unclassified,14,1450.5,1090.0,10.114878427214208
35692,0,unclassified,15,1513.61,1240.0,7.3738746189233835
35692,0,unclassified,16,1762.57,1205.0,14.47484461559801
35692,0,unclassified,17,2103.29,1155.0,23.49423459097186
35692,0,unclassified,18,1961.14,1130.0,21.14121019982444
35692,0,unclassified,19,1679.43,1065.0,16.586751229515777
35692,0,unclassified,20,1347.05,1090.0,7.363772899131627
35692,0,unclassified,21,811.45,1125.0,10.076707655848722
35692,0,unclassified,22,636.29,925.0,10.333204764325115
35692,0,unclassified,23,713.57,875.0,5.727908427522054
39278,0,unclassified,0,209.23,0.0,20.45629487468344
39278,0,unclassified,1,139.04,0.0,16.675730868540665
39278,0,unclassified,2,43.53,0.0,9.3305948363435
39278,0,unclassified,3,1.78,15.0,4.564050853211785
39278,0,unclassified,4,3.33,5.0,0.8182932491085422
39278,0,unclassified,5,21.7,5.0,4.570627605058177
39278,0,unclassified,6,96.44,135.0,3.5845348966308292
39278,0,unclassified,7,346.93,595.0,11.430886956202489
39278,0,unclassified,8,566.14,770.0,7.887166970279638
39278,0,unclassified,9,439.43,615.0,7.646389734312981
39278,0,unclassified,10,386.61,375.0,0.5949505888515904
39278,0,unclassified,11,447.25,455.0,0.36488268496566517
39278,0,unclassified,12,463.74,590.0,5.500650475634239
39278,0,unclassified,13,422.18,450.0,1.332198872247496
39278,0,unclassified,14,470.76,470.0,0.035042022843137295
39278,0,unclassified,15,476.66,410.0,3.165933212540019
39278,0,unclassified,16,525.29,665.0,5.726853823529776
39278,0,unclassified,17,550.71,865.0,11.812951228545819
39278,0,unclassified,18,551.43,690.0,5.561898981665809
39278,0,unclassified,19,529.71,490.0,1.758638375526342
39278,0,unclassified,20,441.48,290.0,7.920800340469123
39278,0,unclassified,21,237.72,120.0,8.802248805402172
39278,0,unclassified,22,223.97,235.0,0.7281122881768815
39278,0,unclassified,23,237.1,185.0,3.5862870258254405
39279,0,unclassified,0,209.23,0.0,20.45629487468344
39279,0,unclassified,1,139.04,0.0,16.675730868540665
39279,0,unclassified,2,43.53,0.0,9.3305948363435
39279,0,unclassified,3,1.78,0.0,1.8867962264113207
39279,0,unclassified,4,3.33,5.0,0.8182932491085422
39279,0,unclassified,5,21.7,0.0,6.587867636800241
39279,0,unclassified,6,96.44,115.0,1.8050922210786249
39279,0,unclassified,7,346.93,405.0,2.9948709806982365
39279,0,unclassified,8,566.14,550.0,0.6832178304399409
39279,0,unclassified,9,439.43,540.0,4.54461132916551
39279,0,unclassified,10,386.61,550.0,7.550245539485192
39279,0,unclassified,11,447.25,465.0,0.8311060030289512
39279,0,unclassified,12,463.74,475.0,0.5197335189661572
39279,0,unclassified,13,422.18,375.0,2.363168761907479
39279,0,unclassified,14,470.76,550.0,3.5074997042509284
39279,0,unclassified,15,476.66,575.0,4.288520830341391
39279,0,unclassified,16,525.29,620.0,3.957793218991994
39279,0,unclassified,17,550.71,635.0,3.4617986988712746
39279,0,unclassified,18,551.43,490.0,2.69203356898909
39279,0,unclassified,19,529.71,570.0,1.7181978770433626
39279,0,unclassified,20,441.48,490.0,2.2482728850775415
39279,0,unclassified,21,237.72,350.0,6.549862255751545
39279,0,unclassified,22,223.97,275.0,3.2307499679536003
39279,0,unclassified,23,237.1,250.0,0.8266004613634934
39281,0,unclassified,0,198.54,0.0,19.926866286498736
39281,0,unclassified,1,179.64,0.0,18.954682798717577
39281,0,unclassified,2,10.27,0.0,4.532107677449864
39281,0,unclassified,3,2.18,0.0,2.08806130178211
39281,0,unclassified,4,6.25,5.0,0.5270462766947299
39281,0,unclassified,5,6.25,0.0,3.5355339059327378
39281,0,unclassified,6,184.68,115.0,5.69238492454652
39281,0,unclassified,7,457.14,410.0,2.263914212772345
39281,0,unclassified,8,623.0,575.0,1.9612268314690486
39281,0,unclassified,9,537.29,550.0,0.5451146470116471
39281,0,unclassified,10,507.96,555.0,2.0404400996859517
39281,0,unclassified,11,501.27,445.0,2.586928212329202
39281,0,unclassified,12,558.85,480.0,3.459714593167904
39281,0,unclassified,13,473.09,410.0,3.0024310434501946
39281,0,unclassified,14,526.67,560.0,1.4298861933192508
39281,0,unclassified,15,554.64,590.0,1.478062487448278
39281,0,unclassified,16,610.0,635.0,1.002006020070253
39281,0,unclassified,17,684.14,635.0,1.9133953103785617
39281,0,unclassified,18,652.0,485.0,7.004082237233361
39281,0,unclassified,19,549.71,555.0,0.2250849861473364
39281,0,unclassified,20,480.0,495.0,0.6793662204867574
39281,0,unclassified,21,308.07,370.0,3.3634022682745086
39281,0,unclassified,22,249.29,275.0,1.5879297572619453
39281,0,unclassified,23,279.1,270.0,0.5492001767044074
39756,0,unclassified,0,127.41,0.0,15.963082409108837
39756,0,unclassified,1,65.88,0.0,11.478675881825394
39756,0,unclassified,2,18.95,0.0,6.156297588648554
39756,0,unclassified,3,0.98,5.0,2.3248260265042853
39756,0,unclassified,4,2.39,5.0,1.3577921264788695
39756,0,unclassified,5,24.12,20.0,0.87719159548808
39756,0,unclassified,6,107.5,70.0,3.9805866932570644
39756,0,unclassified,7,294.48,300.0,0.320173550031361
39756,0,unclassified,8,592.71,295.0,14.130998960824583
39756,0,unclassified,9,488.86,390.0,4.716021264178675
39756,0,unclassified,10,366.74,215.0,8.897143889383074
39756,0,unclassified,11,420.63,330.0,4.678148665557014
39756,0,unclassified,12,589.74,430.0,7.07430777573433
39756,0,unclassified,13,496.86,390.0,5.074609568147021
39756,0,unclassified,14,464.12,405.0,2.8360217110950776
39756,0,unclassified,15,461.17,305.0,7.979028874756585
39756,0,unclassified,16,538.79,405.0,6.158868988223797
39756,0,unclassified,17,599.86,520.0,3.374911877715361
39756,0,unclassified,18,555.86,500.0,2.4311556269125356
39756,0,unclassified,19,522.71,395.0,5.961934091920041
39756,0,unclassified,20,424.86,180.0,14.080089338571844
39756,0,unclassified,21,283.7,125.0,11.101703028350174
39756,0,unclassified,22,203.93,195.0,0.6322926132836565
39756,0,unclassified,23,165.42,180.0,1.1094271298917595
41652,0,unclassified,0,290.12,0.0,24.08817137102773
41652,0,unclassified,1,199.15,0.0,19.957454747537323
41652,0,unclassified,2,101.24,0.0,14.229546725036606
41652,0,unclassified,3,9.5,0.0,4.358898943540674
41652,0,unclassified,4,7.07,0.0,3.760319135392633
41652,0,unclassified,5,21.62,0.0,6.575712889109439
41652,0,unclassified,6,58.61,20.0,6.158513550278446
41652,0,unclassified,7,390.76,40.0,23.900521384744394
41652,0,unclassified,8,694.18,60.0,32.65803377687605
41652,0,unclassified,9,545.77,30.0,30.398108383800828
41652,0,unclassified,10,476.59,40.0,27.16537999485043
41652,0,unclassified,11,488.06,85.0,23.81138464850376
41652,0,unclassified,12,530.16,60.0,27.370062574563146
41652,0,unclassified,13,458.71,80.0,23.075135086416537
41652,0,unclassified,14,542.32,20.0,31.15013178007538
41652,0,unclassified,15,549.92,35.0,30.109706540515464
41652,0,unclassified,16,606.36,30.0,32.31152039703047
41652,0,unclassified,17,721.43,30.0,35.671301221475105
41652,0,unclassified,18,668.28,40.0,33.38610412951389
41652,0,unclassified,19,554.92,55.0,28.627213184877494
41652,0,unclassified,20,552.95,25.0,31.057225687602486
41652,0,unclassified,21,415.27,20.0,26.79350217270078
41652,0,unclassified,22,356.19,15.0,25.044545685012086
41652,0,unclassified,23,401.88,0.0,28.350661367946955
43401,0,unclassified,0,372.77,0.0,27.3045783706689
43401,0,unclassified,1,252.97,0.0,22.493110056192762
43401,0,unclassified,2,181.25,0.0,19.03943276465977
43401,0,unclassified,3,85.71,30.0,7.324242406851864
43401,0,unclassified,4,124.12,45.0,8.604067155583236
43401,0,unclassified,5,178.95,20.0,15.93688938681163
43401,0,unclassified,6,351.34,745.0,16.813714012478297
43401,0,unclassified,7,1246.15,1690.0,11.584094791994934
43401,0,unclassified,8,1750.29,1580.0,4.173141557130093
43401,0,unclassified,9,1412.14,1600.0,4.84073980129273
43401,0,unclassified,10,1069.99,1750.0,18.109502224800064
43401,0,unclassified,11,1240.81,1675.0,11.37143319021835
43401,0,unclassified,12,1488.9,1715.0,5.649058653099368
43401,0,unclassified,13,1421.85,1750.0,8.240073508118925
43401,0,unclassified,14,1498.02,1670.0,4.32114644674604
43401,0,unclassified,15,1524.75,1455.0,1.8070463640405292
43401,0,unclassified,16,1909.14,1490.0,10.16692408596185
43401,0,unclassified,17,1991.0,1790.0,4.622827802871455
43401,0,unclassified,18,1799.71,1860.0,1.4094086914143162
43401,0,unclassified,19,1581.29,1905.0,7.753349451393405
43401,0,unclassified,20,1063.29,1835.0,20.272075108724756
43401,0,unclassified,21,542.79,1355.0,26.366910993353237
43401,0,unclassified,22,444.0,1055.0,22.31800608470803
43401,0,unclassified,23,507.0,1095.0,20.775958448124655
44486,0,unclassified,0,1061.93,0.0,46.08535559155425
44486,0,unclassified,1,757.16,0.0,38.91426473672604
44486,0,unclassified,2,580.56,0.0,34.0752109311153
44486,0,unclassified,3,386.29,75.0,20.4971343307056
44486,0,unclassified,4,363.5,65.0,20.39313152270188
44486,0,unclassified,5,405.71,40.0,24.497718768381805
44486,0,unclassified,6,566.0,935.0,13.469485834071167
44486,0,unclassified,7,1281.2,2170.0,21.396068512646604
44486,0,unclassified,8,1584.04,1650.0,1.6402987397791358
44486,0,unclassified,9,1417.43,1595.0,4.57536884412092
44486,0,unclassified,10,1337.17,2155.0,19.57178096427309
44486,0,unclassified,11,1464.34,2175.0,16.659637757182203
44486,0,unclassified,12,1495.5,1840.0,8.435750990184605
44486,0,unclassified,13,1446.46,2090.0,15.304042704515453
44486,0,unclassified,14,1602.6,1905.0,7.220907038626507
44486,0,unclassified,15,1620.91,1900.0,6.651687100231424
44486,0,unclassified,16,1738.79,2090.0,8.026959974323665
44486,0,unclassified,17,1629.71,2000.0,8.692026016755584
44486,0,unclassified,18,1626.57,1735.0,2.6448032869987843
44486,0,unclassified,19,1604.43,1625.0,0.5119014407116032
44486,0,unclassified,20,1529.14,2020.0,11.652284383770983
44486,0,unclassified,21,1200.29,1320.0,3.3722531616574583
44486,0,unclassified,22,1096.71,915.0,5.729426320452638
44486,0,unclassified,23,1287.0,700.0,18.623193920125864
44487,0,unclassified,0,953.86,0.0,43.67745413826223
44487,0,unclassified,1,639.09,0.0,35.75164331887417
44487,0,unclassified,2,498.19,0.0,31.56548748237543
44487,0,unclassified,3,323.88,75.0,17.62316329370338
44487,0,unclassified,4,291.29,65.0,16.954248473483748
44487,0,unclassified,5,319.85,40.0,20.863134389294984
44487,0,unclassified,6,478.84,950.0,17.627536033008134
44487,0,unclassified,7,1182.6,2140.0,23.489263003213146
44487,0,unclassified,8,1567.86,1670.0,2.5385271817070225
44487,0,unclassified,9,1307.57,1540.0,6.159847715394383
44487,0,unclassified,10,1235.25,2180.0,22.86233838347342
44487,0,unclassified,11,1378.32,2260.0,20.671668904380528
44487,0,unclassified,12,1431.74,1895.0,11.358745542373342
44487,0,unclassified,13,1359.46,2100.0,17.80571275021637
44487,0,unclassified,14,1529.95,1865.0,8.132197713776982
44487,0,unclassified,15,1546.71,1865.0,7.7064069302177005
44487,0,unclassified,16,1654.21,2080.0,9.853966613707053
44487,0,unclassified,17,1639.57,2050.0,9.555781665831395
44487,0,unclassified,18,1548.29,1890.0,8.241408366114184
44487,0,unclassified,19,1493.81,1835.0,8.363090336528042
44487,0,unclassified,20,1368.95,2085.0,17.2305969497017
44487,0,unclassified,21,1041.12,1435.0,11.194200545016301
44487,0,unclassified,22,973.29,940.0,1.0763125200530157
44487,0,unclassified,23,1192.29,690.0,16.372924617667934
44509,0,unclassified,0,240.42,0.0,21.928064210048273
44509,0,unclassified,1,56.0,0.0,10.583005244258363
44509,0,unclassified,2,2.64,0.0,2.2978250586152114
44509,0,unclassified,3,6.94,25.0,4.519238774208476
44509,0,unclassified,4,74.21,25.0,6.986998307445851
44509,0,unclassified,5,179.38,20.0,15.9627614853489
44509,0,unclassified,6,479.37,375.0,5.049724515923272
44509,0,unclassified,7,1562.91,1560.0,0.07364245408421849
44509,0,unclassified,8,2082.0,1925.0,3.5075589521553336
44509,0,unclassified,9,1547.0,1870.0,7.814389075091886
44509,0,unclassified,10,1246.29,1635.0,10.241114584522602
44509,0,unclassified,11,1291.71,1275.0,0.4664477971430343
44509,0,unclassified,12,1517.24,1465.0,1.352841354583843
44509,0,unclassified,13,1442.68,1060.0,10.818028011120468
44509,0,unclassified,14,1485.87,1150.0,9.251757023609956
44509,0,unclassified,15,1440.62,890.0,16.129884048461335
44509,0,unclassified,16,1692.57,1320.0,9.59962584165155
44509,0,unclassified,17,1768.86,1545.0,5.499515352918054
44509,0,unclassified,18,1673.86,1330.0,8.872720740766676
44509,0,unclassified,19,1412.14,875.0,15.883862466103208
44509,0,unclassified,20,925.86,550.0,13.836254003299443
44509,0,unclassified,21,484.12,340.0,7.099765824032754
44509,0,unclassified,22,339.35,385.0,2.398730998346784
44509,0,unclassified,23,351.11,375.0,1.2538048302868867
44752,0,unclassified,0,530.86,0.0,32.584045175514966
44752,0,unclassified,1,347.81,0.0,26.374609001841147
44752,0,unclassified,2,258.1,0.0,22.720035211240322
44752,0,unclassified,3,169.0,5.0,17.582645571339835
44752,0,unclassified,4,142.0,0.0,16.852299546352718
44752,0,unclassified,5,188.1,10.0,17.895205069023174
44752,0,unclassified,6,283.65,240.0,2.697607074817602
44752,0,unclassified,7,675.71,710.0,1.3027056820113347
44752,0,unclassified,8,1042.43,1105.0,1.9095087149095091
44752,0,unclassified,9,902.1,1025.0,3.95926667980238
44752,0,unclassified,10,725.84,880.0,5.44045927477728
44752,0,unclassified,11,823.72,740.0,2.9940891129096006
44752,0,unclassified,12,910.86,935.0,0.7946079105082291
44752,0,unclassified,13,807.57,885.0,2.6616499467837107
44752,0,unclassified,14,911.4,1045.0,4.271620173681028
44752,0,unclassified,15,946.09,1055.0,3.443098483153689
44752,0,unclassified,16,1067.86,1025.0,1.324942636160285
44752,0,unclassified,17,1073.43,1150.0,2.2964760174143826
44752,0,unclassified,18,1026.14,1085.0,1.8116601785847246
44752,0,unclassified,19,927.86,1205.0,8.486586374341078
44752,0,unclassified,20,777.43,1190.0,13.154156309798251
44752,0,unclassified,21,558.79,945.0,14.084612926696343
44752,0,unclassified,22,530.94,770.0,9.373316451189574
44752,0,unclassified,23,623.0,660.0,1.4608424949362924
4488,0,unclassified,0,490.62,0.0,31.324750597570606
4488,0,unclassified,1,460.0,0.0,30.331501776206203
4488,0,unclassified,2,0.0,0.0,
4488,0,unclassified,3,0.0,0.0,
4488,0,unclassified,4,0.0,30.0,7.745966692414834
4488,0,unclassified,5,0.0,0.0,
4488,0,unclassified,6,507.5,215.0,15.3894090216162
4488,0,unclassified,7,808.87,880.0,2.4477648607289924
4488,0,unclassified,8,1213.29,1000.0,6.411598685074488
4488,0,unclassified,9,1097.0,1110.0,0.3913426518248304
4488,0,unclassified,10,1069.5,1185.0,3.440106297387531
4488,0,unclassified,11,1350.0,1305.0,1.2350804543889273
4488,0,unclassified,12,1762.26,1230.0,13.760656817325035
4488,0,unclassified,13,1322.38,1210.0,3.158199701289494
4488,0,unclassified,14,1462.89,1050.0,11.64830204103139
4488,0,unclassified,15,1552.62,1190.0,9.792282454929811
4488,0,unclassified,16,1986.14,1380.0,14.774808315380513
4488,0,unclassified,17,2148.86,1220.0,22.632043916723884
4488,0,unclassified,18,2126.57,1100.0,25.5583622074206
4488,0,unclassified,19,1823.29,1200.0,16.031171242991768
4488,0,unclassified,20,1251.52,885.0,11.21396495185356
4488,0,unclassified,21,656.46,680.0,0.9106331875013605
4488,0,unclassified,22,487.76,840.0,13.670798427668252
4488,0,unclassified,23,517.87,1250.0,24.625101984700596
44912,0,unclassified,0,136.33,0.0,16.512419568312815
44912,0,unclassified,1,92.97,0.0,13.635981812836214
44912,0,unclassified,2,22.24,0.0,6.669332800213226
44912,0,unclassified,3,7.23,0.0,3.8026306683663087
44912,0,unclassified,4,3.92,5.0,0.5113948217152087
44912,0,unclassified,5,23.9,15.0,2.0180420147422056
44912,0,unclassified,6,119.74,155.0,3.008405395061988
44912,0,unclassified,7,338.66,500.0,7.878872735698838
44912,0,unclassified,8,597.14,1025.0,15.023548310383967
44912,0,unclassified,9,495.86,635.0,5.85143756510038
44912,0,unclassified,10,360.89,500.0,6.705011342825014
44912,0,unclassified,11,408.82,530.0,5.593128272375186
44912,0,unclassified,12,444.69,625.0,7.796610587111939
44912,0,unclassified,13,458.92,530.0,3.196552464777265
44912,0,unclassified,14,504.01,540.0,1.5752319620108268
44912,0,unclassified,15,509.18,515.0,0.2571874882807879
44912,0,unclassified,16,561.5,665.0,4.179473455992233
44912,0,unclassified,17,594.57,740.0,5.629869433550343
44912,0,unclassified,18,534.0,820.0,10.991872920944457
44912,0,unclassified,19,464.0,535.0,3.176805328013048
44912,0,unclassified,20,323.05,360.0,1.9994161361358227
44912,0,unclassified,21,175.1,210.0,2.515090781886844
44912,0,unclassified,22,144.03,165.0,1.686992327285217
44912,0,unclassified,23,153.98,260.0,7.36907739196525
44913,0,unclassified,0,136.33,0.0,16.512419568312815
44913,0,unclassified,1,92.97,0.0,13.635981812836214
44913,0,unclassified,2,22.24,0.0,6.669332800213226
44913,0,unclassified,3,7.23,0.0,3.8026306683663087
44913,0,unclassified,4,3.92,15.0,3.6024187317434473
44913,0,unclassified,5,23.9,20.0,0.8324292742228273
44913,0,unclassified,6,119.74,170.0,4.175738119802478
44913,0,unclassified,7,338.66,535.0,9.394043315496717
44913,0,unclassified,8,597.14,715.0,4.601414398304059
44913,0,unclassified,9,495.86,450.0,2.1088010946895954
44913,0,unclassified,10,360.89,325.0,1.9380332359458154
44913,0,unclassified,11,408.82,585.0,7.903468692375202
44913,0,unclassified,12,444.69,865.0,16.42481417979545
44913,0,unclassified,13,458.92,700.0,10.01496536627814
44913,0,unclassified,14,504.01,650.0,6.077616889759588
44913,0,unclassified,15,509.18,770.0,10.313119691948362
44913,0,unclassified,16,561.5,685.0,4.946930557571636
44913,0,unclassified,17,594.57,650.0,2.2220315051544595
44913,0,unclassified,18,534.0,450.0,3.787012465603216
44913,0,unclassified,19,464.0,460.0,0.18609684207969418
44913,0,unclassified,20,323.05,335.0,0.658799796559941
44913,0,unclassified,21,175.1,185.0,0.7377999674723645
44913,0,unclassified,22,144.03,410.0,15.980155837007947
44913,0,unclassified,23,153.98,455.0,17.250783880282643
44929,0,unclassified,0,77.32,0.0,12.43543324536785
44929,0,unclassified,1,22.45,0.0,6.700746227100382
44929,0,unclassified,2,2.32,0.0,2.1540659228538015
44929,0,unclassified,3,0.0,5.0,3.1622776601683795
44929,0,unclassified,4,0.0,0.0,
44929,0,unclassified,5,12.58,5.0,2.5566705453750136
44929,0,unclassified,6,76.98,60.0,2.051748397072191
44929,0,unclassified,7,257.7,265.0,0.4515559902389109
44929,0,unclassified,8,476.14,450.0,1.2147370005566234
44929,0,unclassified,9,273.29,380.0,5.904282278152131
44929,0,unclassified,10,225.82,305.0,4.860230387364219
44929,0,unclassified,11,241.74,295.0,3.2511288278976935
44929,0,unclassified,12,316.5,400.0,4.411572044012374
44929,0,unclassified,13,273.79,335.0,3.5083557303035344
44929,0,unclassified,14,273.17,265.0,0.49805500884096965
44929,0,unclassified,15,285.25,270.0,0.9152517288429083
44929,0,unclassified,16,410.57,310.0,5.298407533327315
44929,0,unclassified,17,549.43,385.0,7.607162054631976
44929,0,unclassified,18,482.57,485.0,0.11047908640704882
44929,0,unclassified,19,360.29,405.0,2.285633793101309
44929,0,unclassified,20,237.66,320.0,4.931069382332822
44929,0,unclassified,21,152.7,200.0,3.5618318144854957
44929,0,unclassified,22,109.32,125.0,1.448626337472734
44929,0,unclassified,23,118.79,135.0,1.4389998869261473
44930,0,unclassified,0,77.32,0.0,12.43543324536785
44930,0,unclassified,1,22.45,0.0,6.700746227100382
44930,0,unclassified,2,2.32,0.0,2.1540659228538015
44930,0,unclassified,3,0.0,10.0,4.47213595499958
44930,0,unclassified,4,0.0,5.0,3.1622776601683795
44930,0,unclassified,5,12.58,15.0,0.6516782595918446
44930,0,unclassified,6,76.98,75.0,0.22713652021556074
44930,0,unclassified,7,257.7,290.0,1.9518486997517661
44930,0,unclassified,8,476.14,425.0,2.4092373518826364
44930,0,unclassified,9,273.29,465.0,9.978063696773553
44930,0,unclassified,10,225.82,400.0,9.846651445713022
44930,0,unclassified,11,241.74,275.0,2.0691939611912793
44930,0,unclassified,12,316.5,320.0,0.19619314913492367
44930,0,unclassified,13,273.79,280.0,0.3731934763260386
44930,0,unclassified,14,273.17,290.0,1.002950173514675
44930,0,unclassified,15,285.25,260.0,1.5292501901162725
44930,0,unclassified,16,410.57,310.0,5.298407533327315
44930,0,unclassified,17,549.43,350.0,9.404198826095925
44930,0,unclassified,18,482.57,335.0,7.298785516761847
44930,0,unclassified,19,360.29,305.0,3.0314896510505607
44930,0,unclassified,20,237.66,205.0,2.195310923549324
44930,0,unclassified,21,152.7,75.0,7.282064164646155
44930,0,unclassified,22,109.32,85.0,2.467287835472631
44930,0,unclassified,23,118.79,180.0,5.007885010613505
44931,0,unclassified,0,68.57,0.0,11.71067888723792
44931,0,unclassified,1,3.4,0.0,2.6076809620810595
44931,0,unclassified,2,0.0,0.0,
44931,0,unclassified,3,0.0,5.0,3.1622776601683795
44931,0,unclassified,4,0.0,0.0,
44931,0,unclassified,5,6.47,5.0,0.6138335526346026
44931,0,unclassified,6,78.53,60.0,2.226478470879351
44931,0,unclassified,7,325.72,275.0,2.926565152704056
44931,0,unclassified,8,557.57,470.0,3.8633551992641175
44931,0,unclassified,9,287.63,405.0,6.306979992165256
44931,0,unclassified,10,211.66,320.0,6.644875305757339
44931,0,unclassified,11,243.07,300.0,3.454842674935707
44931,0,unclassified,12,297.07,370.0,3.993332811361947
44931,0,unclassified,13,257.21,330.0,4.248053677669846
44931,0,unclassified,14,260.39,275.0,0.8929560543227864
44931,0,unclassified,15,286.19,265.0,1.2764249646986678
44931,0,unclassified,16,378.43,310.0,3.6883459070984346
44931,0,unclassified,17,454.71,390.0,3.14870939420696
44931,0,unclassified,18,438.29,500.0,2.8490626566481834
44931,0,unclassified,19,386.57,395.0,0.4264406846925646
44931,0,unclassified,20,270.07,305.0,2.059933627947815
44931,0,unclassified,21,168.45,200.0,2.3244760775596816
44931,0,unclassified,22,145.75,125.0,1.783400426763191
44931,0,unclassified,23,142.19,140.0,0.18436917099014943
44932,0,unclassified,0,68.57,0.0,11.71067888723792
44932,0,unclassified,1,3.4,0.0,2.6076809620810595
44932,0,unclassified,2,0.0,0.0,
44932,0,unclassified,3,0.0,10.0,4.47213595499958
44932,0,unclassified,4,0.0,5.0,3.1622776601683795
44932,0,unclassified,5,6.47,15.0,2.6034425992307804
44932,0,unclassified,6,78.53,75.0,0.4028961137156936
44932,0,unclassified,7,325.72,290.0,2.035798629665274
44932,0,unclassified,8,557.57,415.0,6.465211144230005
44932,0,unclassified,9,287.63,465.0,9.143330138904078
44932,0,unclassified,10,211.66,410.0,11.249904731372116
44932,0,unclassified,11,243.07,280.0,2.283570370199058
44932,0,unclassified,12,297.07,295.0,0.12030919343549058
44932,0,unclassified,13,257.21,270.0,0.7877596331736118
44932,0,unclassified,14,260.39,290.0,1.7849174603617253
44932,0,unclassified,15,286.19,255.0,1.8960749081408086
44932,0,unclassified,16,378.43,320.0,3.126723238057383
44932,0,unclassified,17,454.71,355.0,4.955516912266077
44932,0,unclassified,18,438.29,335.0,5.252935621501517
44932,0,unclassified,19,386.57,305.0,4.386593465947483
44932,0,unclassified,20,270.07,205.0,4.221988066794442
44932,0,unclassified,21,168.45,80.0,7.935847883249886
44932,0,unclassified,22,145.75,95.0,4.625598106200221
44932,0,unclassified,23,142.19,185.0,3.3470346993671414
45600,0,unclassified,0,119.09,0.0,15.433081351434652
45600,0,unclassified,1,31.11,0.0,7.887965517166007
45600,0,unclassified,2,0.0,0.0,
45600,0,unclassified,3,0.0,0.0,
45600,0,unclassified,4,32.83,0.0,8.103085831953157
45600,0,unclassified,5,78.89,5.0,11.408947119831906
45600,0,unclassified,6,151.72,25.0,13.480851063829787
45600,0,unclassified,7,320.56,260.0,3.5544901026394227
45600,0,unclassified,8,431.57,500.0,3.170690057107234
45600,0,unclassified,9,403.0,515.0,5.22771231370457
45600,0,unclassified,10,361.5,485.0,6.003001808654369
45600,0,unclassified,11,393.5,520.0,5.919039626830997
45600,0,unclassified,12,380.33,530.0,7.015365923857488
45600,0,unclassified,13,340.33,540.0,9.51710946896952
45600,0,unclassified,14,393.82,480.0,4.122973061844025
45600,0,unclassified,15,383.61,445.0,3.0160431185936893
45600,0,unclassified,16,461.64,505.0,1.9722950744324848
45600,0,unclassified,17,457.71,645.0,7.9762531835989465
45600,0,unclassified,18,456.86,460.0,0.14665373659225603
45600,0,unclassified,19,450.71,655.0,8.688433622923279
45600,0,unclassified,20,366.19,475.0,5.305627524117406
45600,0,unclassified,21,232.29,365.0,7.67937764395722
45600,0,unclassified,22,184.44,225.0,2.834769881552982
45600,0,unclassified,23,174.1,290.0,7.608387958998027
45891,0,unclassified,0,214.85,0.0,20.72920644887305
45891,0,unclassified,1,165.29,0.0,18.181859090863068
45891,0,unclassified,2,127.57,0.0,15.973102391207538
45891,0,unclassified,3,42.22,10.0,6.305537315930264
45891,0,unclassified,4,61.89,25.0,5.596786683106637
45891,0,unclassified,5,125.16,10.0,14.008529934307548
45891,0,unclassified,6,243.26,155.0,6.254542907790019
45891,0,unclassified,7,605.26,540.0,2.7271562489183405
45891,0,unclassified,8,821.29,760.0,2.179710704153712
45891,0,unclassified,9,750.14,720.0,1.1116777123663424
45891,0,unclassified,10,622.39,585.0,1.5217617918471935
45891,0,unclassified,11,599.7,700.0,3.9345436828760443
45891,0,unclassified,12,714.69,635.0,3.067621758760602
45891,0,unclassified,13,743.02,720.0,0.8511286028362453
45891,0,unclassified,14,718.79,805.0,3.1232739817605157
45891,0,unclassified,15,697.65,740.0,1.5795807344010002
45891,0,unclassified,16,705.29,710.0,0.17705703445929297
45891,0,unclassified,17,752.14,825.0,2.5945918013770215
45891,0,unclassified,18,727.57,825.0,3.4968910804868347
45891,0,unclassified,19,666.62,455.0,8.936116777250072
45891,0,unclassified,20,579.48,355.0,10.385027384059077
45891,0,unclassified,21,395.38,325.0,3.708373225973893
45891,0,unclassified,22,297.99,440.0,7.392795395459658
45891,0,unclassified,23,289.5,710.0,18.810034787430677
46446,0,unclassified,0,374.23,0.0,27.357997002704714
46446,0,unclassified,1,225.81,0.0,21.251352898109804
46446,0,unclassified,2,140.0,0.0,16.73320053068151
46446,0,unclassified,3,33.33,25.0,1.5424603571465827
46446,0,unclassified,4,102.67,65.0,4.114176658040722
46446,0,unclassified,5,215.75,40.0,15.541842743231173
46446,0,unclassified,6,361.2,470.0,5.336925322323135
46446,0,unclassified,7,1217.35,1090.0,3.749360575645004
46446,0,unclassified,8,1755.57,1125.0,16.61533439031762
46446,0,unclassified,9,1494.14,970.0,14.93239992650728
46446,0,unclassified,10,1279.56,920.0,10.842226182472867
46446,0,unclassified,11,1259.81,925.0,10.12993319442415
46446,0,unclassified,12,1585.07,1105.0,13.089943578029075
46446,0,unclassified,13,1334.81,1185.0,4.220577742110041
46446,0,unclassified,14,1392.22,1150.0,6.793888766953082
46446,0,unclassified,15,1381.99,1175.0,5.788950654065386
46446,0,unclassified,16,1533.5,1265.0,7.17788725128602
46446,0,unclassified,17,1619.14,1055.0,15.428006810276191
46446,0,unclassified,18,1678.43,830.0,23.956866969333575
46446,0,unclassified,19,1566.93,805.0,22.1247889943365
46446,0,unclassified,20,1431.66,900.0,15.570995298910663
46446,0,unclassified,21,910.12,645.0,9.507701438591958
46446,0,unclassified,22,685.86,540.0,5.891566308763277
46446,0,unclassified,23,653.86,405.0,10.815605136573698
46451,0,unclassified,0,410.15,0.0,28.64087987475245
46451,0,unclassified,1,264.53,0.0,23.001304310842894
46451,0,unclassified,2,168.89,0.0,18.37879212570837
46451,0,unclassified,3,77.5,20.0,8.235321051453479
46451,0,unclassified,4,129.2,75.0,5.363970929563539
46451,0,unclassified,5,250.38,40.0,17.459672700559477
46451,0,unclassified,6,401.6,485.0,3.9611125726231826
46451,0,unclassified,7,1291.75,1240.0,1.454504076047254
46451,0,unclassified,8,1930.29,1120.0,20.748414311586703
46451,0,unclassified,9,1601.0,950.0,18.228072912437476
46451,0,unclassified,10,1379.61,970.0,11.950543515481378
46451,0,unclassified,11,1345.68,1000.0,10.09380402915561
46451,0,unclassified,12,1667.64,1070.0,16.15349442095613
46451,0,unclassified,13,1440.7,1065.0,10.614307286689892
46451,0,unclassified,14,1491.8,1135.0,9.845240730287285
46451,0,unclassified,15,1482.09,1185.0,8.135499000853672
46451,0,unclassified,16,1623.07,1125.0,13.43666489531295
46451,0,unclassified,17,1697.0,1110.0,15.668661299499018
46451,0,unclassified,18,1762.71,1140.0,16.3455302365223
46451,0,unclassified,19,1649.29,1140.0,13.63745440928896
46451,0,unclassified,20,1533.57,1160.0,10.179415861539262
46451,0,unclassified,21,985.93,1255.0,8.03833554866856
46451,0,unclassified,22,740.14,735.0,0.18926115976746588
46451,0,unclassified,23,721.0,470.0,10.285675969168832
47115,0,unclassified,0,140.8,0.0,16.780941570722426
47115,0,unclassified,1,14.29,0.0,5.346026561849464
47115,0,unclassified,2,0.0,0.0,
47115,0,unclassified,3,0.0,5.0,3.1622776601683795
47115,0,unclassified,4,0.0,10.0,4.47213595499958
47115,0,unclassified,5,2.5,0.0,2.23606797749979
47115,0,unclassified,6,35.56,55.0,2.8889701296299326
47115,0,unclassified,7,325.46,415.0,4.653516804296247
47115,0,unclassified,8,602.0,640.0,1.5248874724197432
47115,0,unclassified,9,406.96,500.0,4.369086396371778
47115,0,unclassified,10,272.84,500.0,11.555854418297566
47115,0,unclassified,11,320.51,565.0,11.619283905080907
47115,0,unclassified,12,403.24,590.0,8.380535352835693
47115,0,unclassified,13,354.64,580.0,10.424846044307078
47115,0,unclassified,14,366.65,485.0,5.735254372994243
47115,0,unclassified,15,364.12,560.0,9.112570650486324
47115,0,unclassified,16,480.71,525.0,1.9750781927852672
47115,0,unclassified,17,602.86,705.0,3.9942038197437526
47115,0,unclassified,18,513.86,660.0,6.032203007431002
47115,0,unclassified,19,432.29,590.0,6.975690016101317
47115,0,unclassified,20,320.71,470.0,7.50822191432196
47115,0,unclassified,21,197.17,305.0,6.805017102205982
47115,0,unclassified,22,158.54,290.0,8.77825184443523
47115,0,unclassified,23,170.15,420.0,14.544980585135804
47885,0,unclassified,0,86.07,0.0,13.120213412898435
47885,0,unclassified,1,80.38,0.0,12.67911668847637
47885,0,unclassified,2,60.51,0.0,11.000909053346454
47885,0,unclassified,3,14.33,0.0,5.3535035257296695
47885,0,unclassified,4,7.23,0.0,3.8026306683663087
47885,0,unclassified,5,108.17,10.0,12.771448929546201
47885,0,unclassified,6,196.09,195.0,0.07794767040054804
47885,0,unclassified,7,531.42,525.0,0.27933909294346987
47885,0,unclassified,8,737.1,565.0,6.744871788686447
47885,0,unclassified,9,826.96,715.0,4.032193207720284
47885,0,unclassified,10,737.92,670.0,2.559904041044881
47885,0,unclassified,11,764.07,855.0,3.195871994643709
47885,0,unclassified,12,928.55,1065.0,4.321902563072326
47885,0,unclassified,13,707.79,840.0,4.752512686365671
47885,0,unclassified,14,893.09,830.0,2.149421280064908
47885,0,unclassified,15,919.66,985.0,2.117314625093626
47885,0,unclassified,16,1124.14,1030.0,2.8684826620132178
47885,0,unclassified,17,1015.14,1265.0,7.399987340738045
47885,0,unclassified,18,877.57,1335.0,13.75280014687373
47885,0,unclassified,19,511.71,800.0,11.257077635473655
47885,0,unclassified,20,335.38,575.0,11.23121413372743
47885,0,unclassified,21,210.21,475.0,14.305555652266824
47885,0,unclassified,22,170.57,500.0,17.991032333744496
47885,0,unclassified,23,160.0,305.0,9.509474618867317
48106,0,unclassified,0,102.31,0.0,14.304544732356916
48106,0,unclassified,1,67.54,0.0,11.62239218061411
48106,0,unclassified,2,35.41,0.0,8.415461959987699
48106,0,unclassified,3,10.0,15.0,1.4142135623730951
48106,0,unclassified,4,18.21,30.0,2.401376394368445
48106,0,unclassified,5,43.73,10.0,6.507630991414379
48106,0,unclassified,6,121.87,210.0,6.8415541751052915
48106,0,unclassified,7,351.11,525.0,8.308263972162617
48106,0,unclassified,8,519.71,535.0,0.6658186431662115
48106,0,unclassified,9,350.29,565.0,10.0366299264854
48106,0,unclassified,10,274.57,490.0,11.018248236953333
48106,0,unclassified,11,251.29,445.0,10.381783309900758
48106,0,unclassified,12,270.81,465.0,10.124160387790777
48106,0,unclassified,13,256.25,480.0,11.661794600776336
48106,0,unclassified,14,312.35,470.0,7.970919616467015
48106,0,unclassified,15,273.11,310.0,2.1604708369029
48106,0,unclassified,16,302.14,445.0,7.391365008017558
48106,0,unclassified,17,308.43,420.0,5.8461306806799564
48106,0,unclassified,18,324.43,395.0,3.720838698232864
48106,0,unclassified,19,317.7,400.0,4.344535596580058
48106,0,unclassified,20,277.0,280.0,0.17976645531359392
48106,0,unclassified,21,190.43,195.0,0.3291989492900655
48106,0,unclassified,22,155.78,220.0,4.685095717253096
48106,0,unclassified,23,144.44,215.0,5.263327175227015
48107,0,unclassified,0,102.31,0.0,14.304544732356916
48107,0,unclassified,1,67.54,0.0,11.62239218061411
48107,0,unclassified,2,35.41,0.0,8.415461959987699
48107,0,unclassified,3,10.0,0.0,4.47213595499958
48107,0,unclassified,4,18.21,0.0,6.034898507845845
48107,0,unclassified,5,43.73,5.0,7.846288797678361
48107,0,unclassified,6,121.87,60.0,6.488055861533116
48107,0,unclassified,7,351.11,210.0,8.424590215814455
48107,0,unclassified,8,519.71,250.0,13.748283606573406
48107,0,unclassified,9,350.29,235.0,6.739397694362821
48107,0,unclassified,10,274.57,295.0,1.2106254828514351
48107,0,unclassified,11,251.29,240.0,0.7203440571468714
48107,0,unclassified,12,270.81,450.0,9.438834380167751
48107,0,unclassified,13,256.25,340.0,4.850490044187608
48107,0,unclassified,14,312.35,335.0,1.2589649170619606
48107,0,unclassified,15,273.11,300.0,1.5884984919577454
48107,0,unclassified,16,302.14,370.0,3.7016809361702396
48107,0,unclassified,17,308.43,460.0,7.732609748132327
48107,0,unclassified,18,324.43,535.0,10.157953963112234
48107,0,unclassified,19,317.7,520.0,9.884771236575332
48107,0,unclassified,20,277.0,385.0,5.936216867236578
48107,0,unclassified,21,190.43,290.0,6.424338938715183
48107,0,unclassified,22,155.78,265.0,7.529907225728693
48107,0,unclassified,23,144.44,310.0,10.983282140457188
4818,0,unclassified,0,67.83,0.0,11.647317287684748
4818,0,unclassified,1,3.24,0.0,2.545584412271571
4818,0,unclassified,2,0.0,0.0,
4818,0,unclassified,3,0.0,5.0,3.1622776601683795
4818,0,unclassified,4,0.0,30.0,7.745966692414834
4818,0,unclassified,5,0.0,5.0,3.1622776601683795
4818,0,unclassified,6,97.07,145.0,4.356642679881142
4818,0,unclassified,7,421.03,890.0,18.31697466795213
4818,0,unclassified,8,622.14,1000.0,13.267886609081675
4818,0,unclassified,9,394.71,995.0,22.77267327188736
4818,0,unclassified,10,312.28,945.0,25.235421138161367
4818,0,unclassified,11,315.49,950.0,25.224589656718873
4818,0,unclassified,12,379.96,830.0,18.297030298097877
4818,0,unclassified,13,326.64,495.0,8.306405488162808
4818,0,unclassified,14,319.92,510.0,9.331109928233102
4818,0,unclassified,15,339.94,525.0,8.898863900126482
4818,0,unclassified,16,414.93,540.0,5.723772701405661
4818,0,unclassified,17,449.14,455.0,0.2756098737900765
4818,0,unclassified,18,455.71,510.0,2.4706514162552113
4818,0,unclassified,19,428.14,540.0,5.084177810351609
4818,0,unclassified,20,350.86,425.0,3.7642278060987544
4818,0,unclassified,21,201.0,405.0,11.719493788277092
4818,0,unclassified,22,148.04,685.0,26.310191246920542
4818,0,unclassified,23,148.05,595.0,23.188086948996368
4819,0,unclassified,0,67.83,0.0,11.647317287684748
4819,0,unclassified,1,3.24,0.0,2.545584412271571
4819,0,unclassified,2,0.0,0.0,
4819,0,unclassified,3,0.0,5.0,3.1622776601683795
4819,0,unclassified,4,0.0,5.0,3.1622776601683795
4819,0,unclassified,5,0.0,15.0,5.477225575051661
4819,0,unclassified,6,97.07,65.0,3.562563726766811
4819,0,unclassified,7,421.03,475.0,2.54980014000953
4819,0,unclassified,8,622.14,570.0,2.135612207006832
4819,0,unclassified,9,394.71,500.0,4.978069754675331
4819,0,unclassified,10,312.28,550.0,11.448710216701913
4819,0,unclassified,11,315.49,595.0,13.100104435421843
4819,0,unclassified,12,379.96,660.0,12.280802557887887
4819,0,unclassified,13,326.64,635.0,14.062637275695808
4819,0,unclassified,14,319.92,510.0,9.331109928233102
4819,0,unclassified,15,339.94,530.0,9.112993754613301
4819,0,unclassified,16,414.93,615.0,8.816437146089577
4819,0,unclassified,17,449.14,785.0,13.520447533237189
4819,0,unclassified,18,455.71,725.0,11.083160012980525
4819,0,unclassified,19,428.14,790.0,14.662464529911933
4819,0,unclassified,20,350.86,475.0,6.109047795675657
4819,0,unclassified,21,201.0,285.0,5.388602512436507
4819,0,unclassified,22,148.04,190.0,3.2275013369316947
4819,0,unclassified,23,148.05,345.0,12.543695456697527
49171,0,unclassified,0,146.55,0.0,17.120163550620656
49171,0,unclassified,1,106.06,0.0,14.564340012510007
49171,0,unclassified,2,26.25,0.0,7.245688373094719
49171,0,unclassified,3,8.52,25.0,4.0255034224673
49171,0,unclassified,4,13.33,15.0,0.44371915955034547
49171,0,unclassified,5,40.62,0.0,9.013323471395
49171,0,unclassified,6,119.15,265.0,10.52376187360806
49171,0,unclassified,7,382.11,650.0,11.79257120147062
49171,0,unclassified,8,633.0,870.0,8.645375351600409
49171,0,unclassified,9,505.0,625.0,5.048437942940055
49171,0,unclassified,10,460.03,440.0,0.9442075184835982
49171,0,unclassified,11,486.49,570.0,3.633463368954717
49171,0,unclassified,12,559.21,550.0,0.3910819211023217
49171,0,unclassified,13,490.61,465.0,1.1716131389897693
49171,0,unclassified,14,531.93,575.0,1.8307531525819407
49171,0,unclassified,15,532.84,560.0,1.1618939012957694
49171,0,unclassified,16,613.0,685.0,2.8262472191238945
49171,0,unclassified,17,693.86,680.0,0.528818924416217
49171,0,unclassified,18,648.0,735.0,3.3084392188879517
49171,0,unclassified,19,553.57,630.0,3.1418242188127614
49171,0,unclassified,20,458.24,485.0,1.2322249613831326
49171,0,unclassified,21,283.41,360.0,4.27015032544878
49171,0,unclassified,22,213.38,360.0,8.659382883657097
49171,0,unclassified,23,192.09,240.0,3.2595230833816293
49417,0,unclassified,0,585.64,0.0,34.2239682094289
49417,0,unclassified,1,379.7,0.0,27.557213211789033
49417,0,unclassified,2,282.93,0.0,23.78781200531062
49417,0,unclassified,3,207.14,35.0,15.644566275619756
49417,0,unclassified,4,200.45,125.0,5.914691588431738
49417,0,unclassified,5,230.51,25.0,18.182098496207836
49417,0,unclassified,6,365.94,630.0,11.8331679650125
49417,0,unclassified,7,840.57,1965.0,30.021809681552377
49417,0,unclassified,8,1259.29,1860.0,15.210797444228973
49417,0,unclassified,9,1235.0,1935.0,17.58261257561649
49417,0,unclassified,10,1129.42,2000.0,22.008566524572654
49417,0,unclassified,11,1105.24,1675.0,15.281493832435208
49417,0,unclassified,12,1190.11,1770.0,15.073242714001049
49417,0,unclassified,13,1094.69,1640.0,14.747024728510008
49417,0,unclassified,14,1221.25,1725.0,13.124877517257858
49417,0,unclassified,15,1192.71,1595.0,10.77532650078958
49417,0,unclassified,16,1211.79,1780.0,14.691235393737388
49417,0,unclassified,17,1231.57,1875.0,16.325847367917962
49417,0,unclassified,18,1298.0,1800.0,12.754927907534567
49417,0,unclassified,19,1173.0,1740.0,14.856886803058295
49417,0,unclassified,20,1094.71,1435.0,9.568168522552165
49417,0,unclassified,21,912.79,1520.0,17.41011348835189
49417,0,unclassified,22,801.57,1025.0,7.393299899531582
49417,0,unclassified,23,890.14,820.0,2.3986391992760003
49688,0,unclassified,0,271.32,0.0,23.294634575369496
49688,0,unclassified,1,186.25,0.0,19.300259065618782
49688,0,unclassified,2,155.44,0.0,17.631789472427354
49688,0,unclassified,3,88.0,10.0,11.142857142857142
49688,0,unclassified,4,123.24,35.0,9.92024413411713
49688,0,unclassified,5,153.16,15.0,15.067318651358624
49688,0,unclassified,6,314.96,215.0,6.140725717743302
49688,0,unclassified,7,889.89,850.0,1.3524404082004995
49688,0,unclassified,8,1201.43,1010.0,5.756896197005107
49688,0,unclassified,9,928.71,1020.0,2.9245873557232325
49688,0,unclassified,10,780.96,925.0,4.93189348573062
49688,0,unclassified,11,872.32,1060.0,6.038004997274021
49688,0,unclassified,12,968.29,1090.0,3.7939183337624227
49688,0,unclassified,13,950.15,1125.0,5.428200580314773
49688,0,unclassified,14,1090.04,1175.0,2.524594103890188
49688,0,unclassified,15,1034.61,1120.0,2.6015829387296296
49688,0,unclassified,16,1147.0,1095.0,1.5531039968326972
49688,0,unclassified,17,1114.0,1100.0,0.4207791628448017
49688,0,unclassified,18,1035.43,1085.0,1.522376062988939
49688,0,unclassified,19,988.0,680.0,10.665167760392434
49688,0,unclassified,20,814.66,565.0,9.50556481405618
49688,0,unclassified,21,534.91,475.0,2.6660787978398437
49688,0,unclassified,22,382.46,700.0,13.649209816891897
49688,0,unclassified,23,379.14,890.0,20.279728234843347
49689,0,unclassified,0,271.32,0.0,23.294634575369496
49689,0,unclassified,1,186.25,0.0,19.300259065618782
49689,0,unclassified,2,155.44,0.0,17.631789472427354
49689,0,unclassified,3,88.0,20.0,9.253627917180895
49689,0,unclassified,4,123.24,25.0,11.410919680966185
49689,0,unclassified,5,153.16,10.0,15.850020900296574
49689,0,unclassified,6,314.96,350.0,1.9216811696547338
49689,0,unclassified,7,889.89,1360.0,14.016314850583056
49689,0,unclassified,8,1201.43,1485.0,7.737265802789381
49689,0,unclassified,9,928.71,1250.0,9.734474078644512
49689,0,unclassified,10,780.96,1165.0,12.311883698907353
49689,0,unclassified,11,872.32,1210.0,10.465177571527201
49689,0,unclassified,12,968.29,1365.0,11.61458738842315
49689,0,unclassified,13,950.15,1320.0,10.977750191782276
49689,0,unclassified,14,1090.04,1240.0,4.3934808852268175
49689,0,unclassified,15,1034.61,800.0,7.74621664566889
49689,0,unclassified,16,1147.0,1150.0,0.08852292487329844
49689,0,unclassified,17,1114.0,1415.0,8.464612448232597
49689,0,unclassified,18,1035.43,1475.0,12.407062916861097
49689,0,unclassified,19,988.0,1025.0,1.166258533394866
49689,0,unclassified,20,814.66,615.0,7.467748468073024
49689,0,unclassified,21,534.91,540.0,0.2195567171808751
49689,0,unclassified,22,382.46,420.0,1.8741207510688909
49689,0,unclassified,23,379.14,345.0,1.794185100261258
49775,0,unclassified,0,69.37,0.0,11.77879450538127
49775,0,unclassified,1,37.93,0.0,8.70976463516667
49775,0,unclassified,2,8.12,0.0,4.029888335921977
49775,0,unclassified,3,0.43,0.0,0.9273618495495703
49775,0,unclassified,4,0.82,0.0,1.2806248474865698
49775,0,unclassified,5,6.27,0.0,3.5411862419251547
49775,0,unclassified,6,55.9,70.0,1.7771383767638353
49775,0,unclassified,7,193.77,305.0,7.043471687584038
49775,0,unclassified,8,493.71,590.0,4.136563010203697
49775,0,unclassified,9,361.57,480.0,5.7733994214454425
49775,0,unclassified,10,206.4,420.0,12.069530364450424
49775,0,unclassified,11,227.5,375.0,8.498230228256242
49775,0,unclassified,12,240.14,330.0,5.322193452967026
49775,0,unclassified,13,222.26,250.0,1.8052230624884784
49775,0,unclassified,14,229.76,350.0,7.0621972148802845
49775,0,unclassified,15,225.55,290.0,4.014232510896347
49775,0,unclassified,16,299.17,445.0,7.560069613829355
49775,0,unclassified,17,396.43,435.0,1.8916979415851298
49775,0,unclassified,18,314.71,555.0,11.522944322180232
49775,0,unclassified,19,237.57,460.0,11.910074065387464
49775,0,unclassified,20,172.45,345.0,10.72743189006737
49775,0,unclassified,21,109.0,220.0,8.6544610489985
49775,0,unclassified,22,92.44,180.0,7.502142600034303
49775,0,unclassified,23,98.21,180.0,6.934718522085397
49776,0,unclassified,0,78.57,0.0,12.535549449465707
49776,0,unclassified,1,46.95,0.0,9.690201236300513
49776,0,unclassified,2,8.1,0.0,4.024922359499621
49776,0,unclassified,3,1.32,0.0,1.624807680927192
49776,0,unclassified,4,1.98,0.0,1.98997487421324
49776,0,unclassified,5,10.31,0.0,4.540925015897091
49776,0,unclassified,6,71.86,20.0,7.65216436185592
49776,0,unclassified,7,277.69,215.0,3.9941686065281243
49776,0,unclassified,8,510.57,325.0,9.07886056488498
49776,0,unclassified,9,338.29,360.0,1.1618683192939454
49776,0,unclassified,10,281.93,395.0,6.145971036466987
49776,0,unclassified,11,301.5,420.0,6.239002798937978
49776,0,unclassified,12,331.26,465.0,6.702685882602656
49776,0,unclassified,13,307.51,360.0,2.8731789929849403
49776,0,unclassified,14,311.89,375.0,3.405411365182898
49776,0,unclassified,15,318.86,275.0,2.545315300729951
49776,0,unclassified,16,415.93,360.0,2.8395436258841436
49776,0,unclassified,17,496.14,315.0,8.994591663452429
49776,0,unclassified,18,427.29,430.0,0.13089420200370266
49776,0,unclassified,19,326.71,460.0,6.720556405908898
49776,0,unclassified,20,253.0,390.0,7.640645995504298
49776,0,unclassified,21,148.52,295.0,9.836412314203141
49776,0,unclassified,22,131.25,225.0,7.024393586862705
49776,0,unclassified,23,125.98,305.0,12.19517374825023
49778,0,unclassified,0,182.5,0.0,19.1049731745428
49778,0,unclassified,1,141.82,0.0,16.841615124446943
49778,0,unclassified,2,47.41,0.0,9.73755616158387
49778,0,unclassified,3,9.74,10.0,0.08275891183029986
49778,0,unclassified,4,8.24,20.0,3.1296082170246144
49778,0,unclassified,5,31.61,5.0,6.219564957018719
49778,0,unclassified,6,133.56,155.0,1.784932158710925
49778,0,unclassified,7,385.86,760.0,15.63087752230698
49778,0,unclassified,8,683.86,970.0,9.950483843364697
49778,0,unclassified,9,520.86,740.0,8.727768565525169
49778,0,unclassified,10,427.64,835.0,16.212635098695067
49778,0,unclassified,11,424.64,830.0,16.184389596765982
49778,0,unclassified,12,533.47,960.0,15.608685458920267
49778,0,unclassified,13,474.93,855.0,14.738870305941969
49778,0,unclassified,14,510.02,865.0,13.538307537155598
49778,0,unclassified,15,489.96,825.0,13.06638308237079
49778,0,unclassified,16,593.07,820.0,8.537389052006267
49778,0,unclassified,17,710.14,990.0,9.59872357417456
49778,0,unclassified,18,738.0,980.0,8.256933446612779
49778,0,unclassified,19,576.43,925.0,12.7219141234978
49778,0,unclassified,20,470.43,790.0,12.729801592772517
49778,0,unclassified,21,290.15,755.0,20.334735167606635
49778,0,unclassified,22,231.45,670.0,20.65681174674098
49778,0,unclassified,23,237.78,680.0,20.64353573313476
51468,0,unclassified,0,274.26,0.0,23.420503837449782
51468,0,unclassified,1,170.0,0.0,18.439088914585774
51468,0,unclassified,2,12.0,0.0,4.898979485566356
51468,0,unclassified,3,0.0,15.0,5.477225575051661
51468,0,unclassified,4,0.0,15.0,5.477225575051661
51468,0,unclassified,5,123.33,15.0,13.025834397214503
51468,0,unclassified,6,365.15,260.0,5.947468589927081
51468,0,unclassified,7,1005.73,1085.0,2.4517426415821553
51468,0,unclassified,8,1551.86,1350.0,5.29940411574714
51468,0,unclassified,9,1236.57,1300.0,1.7810917145360403
51468,0,unclassified,10,795.96,1205.0,12.931877262958334
51468,0,unclassified,11,784.89,1165.0,12.173605871527027
51468,0,unclassified,12,1058.31,1135.0,2.315814272811048
51468,0,unclassified,13,1087.77,1135.0,1.4167253993536322
51468,0,unclassified,14,1010.44,1095.0,2.606204782153007
51468,0,unclassified,15,902.43,575.0,12.0470304831786
51468,0,unclassified,16,986.57,835.0,5.022330816063374
51468,0,unclassified,17,1211.86,990.0,6.686504720079117
51468,0,unclassified,18,1095.57,1080.0,0.4720816066240933
51468,0,unclassified,19,948.29,930.0,0.5968255131809399
51468,0,unclassified,20,778.0,565.0,8.219711883032128
51468,0,unclassified,21,518.46,415.0,4.78894242319808
51468,0,unclassified,22,382.48,440.0,2.8364243311061275
51468,0,unclassified,23,376.92,555.0,8.249750774687085
5201,0,unclassified,0,292.06,0.0,24.16857463732605
5201,0,unclassified,1,191.64,0.0,19.57753814962443
5201,0,unclassified,2,131.11,0.0,16.193208452928655
5201,0,unclassified,3,119.0,20.0,11.87525084930053
5201,0,unclassified,4,166.39,15.0,15.896646487081968
5201,0,unclassified,5,198.78,5.0,19.19743343741457
5201,0,unclassified,6,382.95,285.0,5.359786136889334
5201,0,unclassified,7,959.66,1020.0,1.9178957627236608
5201,0,unclassified,8,1139.0,965.0,5.364649819010404
5201,0,unclassified,9,1011.86,960.0,1.6516174839250224
5201,0,unclassified,10,812.75,955.0,4.784723545708055
5201,0,unclassified,11,820.25,880.0,2.0492574172998563
5201,0,unclassified,12,883.71,905.0,0.711902784772916
5201,0,unclassified,13,894.54,935.0,1.3377344818576449
5201,0,unclassified,14,934.16,955.0,0.6780759509659122
5201,0,unclassified,15,863.81,935.0,2.3737847974835327
5201,0,unclassified,16,951.86,940.0,0.3856161278814864
5201,0,unclassified,17,878.43,705.0,6.163675800743386
5201,0,unclassified,18,877.0,705.0,6.11561595699909
5201,0,unclassified,19,932.71,605.0,11.81863914005769
5201,0,unclassified,20,875.52,465.0,15.856694869296083
5201,0,unclassified,21,590.27,285.0,14.59244627051749
5201,0,unclassified,22,530.0,250.0,14.178351139171333
5201,0,unclassified,23,511.57,260.0,12.808143391552175
52588,0,unclassified,0,271.47,0.0,23.301072936669676
52588,0,unclassified,1,205.12,0.0,20.25438224187546
52588,0,unclassified,2,147.41,0.0,17.17032323516363
52588,0,unclassified,3,50.0,15.0,6.139406135149205
52588,0,unclassified,4,32.0,55.0,3.4872510004629556
52588,0,unclassified,5,84.76,20.0,8.947961216246593
52588,0,unclassified,6,162.9,335.0,10.907489535979648
52588,0,unclassified,7,466.09,1065.0,21.645927643983498
52588,0,unclassified,8,880.57,1365.0,14.457151412601048
52588,0,unclassified,9,653.07,1420.0,23.821205780134612
52588,0,unclassified,10,537.17,1345.0,26.333316060644233
52588,0,unclassified,11,531.09,1250.0,24.090543042327763
52588,0,unclassified,12,602.5,1370.0,24.43908129513185
52588,0,unclassified,13,538.14,1275.0,24.472836573867163
52588,0,unclassified,14,635.71,1415.0,24.336716138336122
52588,0,unclassified,15,631.21,1270.0,20.718488168022375
52588,0,unclassified,16,683.07,1300.0,19.592139533500387
52588,0,unclassified,17,719.29,1245.0,16.774841802349517
52588,0,unclassified,18,689.0,1115.0,14.184248469916172
52588,0,unclassified,19,588.86,1085.0,17.1498242796623
52588,0,unclassified,20,601.86,1040.0,15.291843352648726
52588,0,unclassified,21,413.38,670.0,11.025926459624417
52588,0,unclassified,22,340.59,655.0,14.091949738741157
52588,0,unclassified,23,386.14,530.0,6.721622702742862
52658,0,unclassified,0,137.94,0.0,16.609635757595647
52658,0,unclassified,1,108.28,0.0,14.715977711317723
52658,0,unclassified,2,33.57,0.0,8.193900170248599
52658,0,unclassified,3,17.24,25.0,1.6885532627702695
52658,0,unclassified,4,48.75,25.0,3.9110881055649367
52658,0,unclassified,5,13.33,15.0,0.44371915955034547
52658,0,unclassified,6,143.2,120.0,2.022367326887778
52658,0,unclassified,7,225.62,500.0,14.404985562352003
52658,0,unclassified,8,281.37,860.0,24.221593862171886
52658,0,unclassified,9,293.61,820.0,22.307765319075525
52658,0,unclassified,10,309.12,820.0,21.501256937201422
52658,0,unclassified,11,357.65,835.0,19.54768889230843
52658,0,unclassified,12,403.17,970.0,21.632448182391286
52658,0,unclassified,13,306.3,600.0,13.796945677569056
52658,0,unclassified,14,332.8,535.0,9.707028979846491
52658,0,unclassified,15,354.12,580.0,10.45180844387017
52658,0,unclassified,16,425.71,765.0,13.905386259638938
52658,0,unclassified,17,513.57,990.0,17.37609860266952
52658,0,unclassified,18,419.86,1070.0,23.8204057359282
52658,0,unclassified,19,260.29,850.0,25.028526145629026
52658,0,unclassified,20,208.8,675.0,22.177381552965734
52658,0,unclassified,21,163.3,505.0,18.69279512420732
52658,0,unclassified,22,163.59,490.0,18.056174942988644
52658,0,unclassified,23,184.16,400.0,12.629350675848835
53338,0,unclassified,0,138.89,0.0,16.6667333332
53338,0,unclassified,1,77.24,0.0,12.428998350631478
53338,0,unclassified,2,33.04,0.0,8.12896057316063
53338,0,unclassified,3,20.85,20.0,0.18807795461846136
53338,0,unclassified,4,21.18,35.0,2.607547169811321
53338,0,unclassified,5,72.0,10.0,9.682773237093576
53338,0,unclassified,6,326.29,330.0,0.20480521642513178
53338,0,unclassified,7,786.49,940.0,5.224799580890446
53338,0,unclassified,8,880.57,1105.0,7.122841921440339
53338,0,unclassified,9,745.51,1030.0,9.548176573516182
53338,0,unclassified,10,726.28,965.0,8.209109468449228
53338,0,unclassified,11,772.52,985.0,7.167751125518311
53338,0,unclassified,12,922.07,1045.0,3.9197915465463598
53338,0,unclassified,13,866.84,855.0,0.403524867777254
53338,0,unclassified,14,942.81,1085.0,4.46550337398522
53338,0,unclassified,15,895.74,890.0,0.1920957590077383
53338,0,unclassified,16,923.66,660.0,9.369755792165245
53338,0,unclassified,17,905.56,630.0,9.944839504214936
53338,0,unclassified,18,862.19,445.0,16.318473452826357
53338,0,unclassified,19,789.85,475.0,12.519851651585686
53338,0,unclassified,20,592.68,370.0,10.149747443487282
53338,0,unclassified,21,396.61,285.0,6.045749230457213
53338,0,unclassified,22,276.13,260.0,0.9851771048726375
53338,0,unclassified,23,307.14,300.0,0.40979701106245064
53433,0,unclassified,0,180.91,0.0,19.021566707293065
53433,0,unclassified,1,57.33,0.0,10.707940978544848
53433,0,unclassified,2,0.0,0.0,
53433,0,unclassified,3,0.0,0.0,
53433,0,unclassified,4,0.0,10.0,4.47213595499958
53433,0,unclassified,5,25.93,15.0,2.41609656254882
53433,0,unclassified,6,206.0,90.0,9.535141263710722
53433,0,unclassified,7,477.34,440.0,1.743508808811374
53433,0,unclassified,8,709.14,630.0,3.058426531444868
53433,0,unclassified,9,685.14,770.0,3.1460501097739852
53433,0,unclassified,10,690.07,785.0,3.495522995454125
53433,0,unclassified,11,684.64,905.0,7.816248716126585
53433,0,unclassified,12,698.64,685.0,0.518582448386583
53433,0,unclassified,13,651.55,495.0,6.538401272791913
53433,0,unclassified,14,752.44,475.0,11.19912101652282
53433,0,unclassified,15,780.14,350.0,18.09500491167773
53433,0,unclassified,16,729.71,510.0,8.824797930016205
53433,0,unclassified,17,679.43,575.0,4.169817618185966
53433,0,unclassified,18,673.57,715.0,1.5723384763485397
53433,0,unclassified,19,692.43,640.0,2.0312933856374737
53433,0,unclassified,20,502.38,400.0,4.819870751302933
53433,0,unclassified,21,275.13,380.0,5.794320615033353
53433,0,unclassified,22,214.9,270.0,3.5386735883811333
53433,0,unclassified,23,231.6,325.0,5.598739655924228
5351,0,unclassified,0,35.89,0.0,8.472307831990053
5351,0,unclassified,1,11.83,0.0,4.864154602806124
5351,0,unclassified,2,14.38,0.0,5.362835071116769
5351,0,unclassified,3,4.6,0.0,3.03315017762062
5351,0,unclassified,4,3.12,0.0,2.4979991993593593
5351,0,unclassified,5,7.08,0.0,3.7629775444453557
5351,0,unclassified,6,55.17,55.0,0.02290510275928823
5351,0,unclassified,7,301.46,130.0,11.673673641288635
5351,0,unclassified,8,361.79,115.0,15.983761356779196
5351,0,unclassified,9,369.43,200.0,10.041188886091925
5351,0,unclassified,10,378.17,235.0,8.176671940528609
5351,0,unclassified,11,445.6,300.0,7.5409041932318805
5351,0,unclassified,12,594.92,330.0,12.31906251014038
5351,0,unclassified,13,376.59,150.0,13.964308460660746
5351,0,unclassified,14,433.44,205.0,12.78577639175575
5351,0,unclassified,15,491.67,185.0,16.67238880988082
5351,0,unclassified,16,712.1,345.0,15.967662549048786
5351,0,unclassified,17,754.83,460.0,11.962691860914473
5351,0,unclassified,18,614.07,470.0,6.188136585285407
5351,0,unclassified,19,450.27,290.0,8.330520931577391
5351,0,unclassified,20,258.39,160.0,6.802605885387102
5351,0,unclassified,21,229.41,105.0,9.621231400267137
5351,0,unclassified,22,133.91,50.0,8.750362537833889
5351,0,unclassified,23,144.85,60.0,8.383953488925536
545,0,unclassified,0,281.29,0.0,23.71876893938638
545,0,unclassified,1,140.38,0.0,16.75589448522519
545,0,unclassified,2,26.12,0.0,7.227724399837061
545,0,unclassified,3,8.53,30.0,4.891561721024722
545,0,unclassified,4,141.56,40.0,10.65927343473382
545,0,unclassified,5,280.27,35.0,19.53521096077573
545,0,unclassified,6,558.07,435.0,5.523028283563998
545,0,unclassified,7,1633.2,1255.0,9.95228697663856
545,0,unclassified,8,1952.2,1220.0,18.38503419572997
545,0,unclassified,9,1703.15,810.0,25.195918509390815
545,0,unclassified,10,1771.53,690.0,30.828401174046824
545,0,unclassified,11,1850.31,615.0,35.184808065000006
545,0,unclassified,12,2108.56,775.0,35.12069180254842
545,0,unclassified,13,1884.54,835.0,28.46205590710001
545,0,unclassified,14,2016.03,825.0,31.600924531936798
545,0,unclassified,15,2040.77,555.0,41.241407482293255
545,0,unclassified,16,2055.8,700.0,36.524710261479534
545,0,unclassified,17,2040.6,1090.0,24.02697062035896
545,0,unclassified,18,2099.2,815.0,33.64247872840854
545,0,unclassified,19,2009.8,570.0,40.08890074307118
545,0,unclassified,20,1505.47,270.0,41.46584622832632
545,0,unclassified,21,691.7,220.0,22.093010383842106
545,0,unclassified,22,466.07,210.0,13.927650716985873
545,0,unclassified,23,442.16,210.0,12.856575777640101
5465,0,unclassified,0,220.37,0.0,20.99380861111199
5465,0,unclassified,1,157.39,0.0,17.742040468897596
5465,0,unclassified,2,126.3,0.0,15.89339485446706
5465,0,unclassified,3,59.5,5.0,9.596914878949299
5465,0,unclassified,4,52.5,0.0,10.246950765959598
5465,0,unclassified,5,117.97,0.0,15.36033853793594
5465,0,unclassified,6,181.49,40.0,13.445089045150596
5465,0,unclassified,7,445.09,330.0,5.846238397431736
5465,0,unclassified,8,582.57,370.0,9.740214486448387
5465,0,unclassified,9,550.29,395.0,7.1429227940637405
5465,0,unclassified,10,526.46,335.0,9.22519370626524
5465,0,unclassified,11,527.2,355.0,8.199070452867842
5465,0,unclassified,12,492.83,370.0,5.913666531882445
5465,0,unclassified,13,427.51,280.0,7.842782471881087
5465,0,unclassified,14,478.66,305.0,8.77305707168683
5465,0,unclassified,15,432.17,280.0,8.064031227128918
5465,0,unclassified,16,413.86,270.0,7.779854105934804
5465,0,unclassified,17,418.57,315.0,5.407894281107838
5465,0,unclassified,18,427.63,225.0,11.217219686643809
5465,0,unclassified,19,476.0,220.0,13.723040445923774
5465,0,unclassified,20,493.29,220.0,14.471237486125558
5465,0,unclassified,21,347.64,160.0,11.777754687389349
5465,0,unclassified,22,289.29,210.0,5.018304175221843
5465,0,unclassified,23,309.57,165.0,9.385189336049994
5493,0,unclassified,0,108.75,0.0,14.747881203752625
5493,0,unclassified,1,59.68,0.0,10.92520022699813
5493,0,unclassified,2,22.93,0.0,6.772001181334805
5493,0,unclassified,3,9.31,5.0,1.6112853227578074
5493,0,unclassified,4,67.07,5.0,10.339974844434767
5493,0,unclassified,5,88.97,0.0,13.339415279539054
5493,0,unclassified,6,179.69,135.0,3.5627379615552406
5493,0,unclassified,7,476.65,425.0,2.4325755100852255
5493,0,unclassified,8,700.59,575.0,4.972954724765235
5493,0,unclassified,9,612.86,580.0,1.3455127550050432
5493,0,unclassified,10,604.88,575.0,1.2302026868407665
5493,0,unclassified,11,741.24,565.0,6.896170535512812
5493,0,unclassified,12,824.16,570.0,9.626444040141665
5493,0,unclassified,13,800.26,570.0,8.796947660961397
5493,0,unclassified,14,630.29,575.0,2.2522459316412378
5493,0,unclassified,15,616.53,520.0,4.049364321934161
5493,0,unclassified,16,675.07,510.0,6.781271727983242
5493,0,unclassified,17,777.57,575.0,7.789511999274212
5493,0,unclassified,18,672.0,575.0,3.8846643975968758
5493,0,unclassified,19,569.0,570.0,0.04190377370950561
5493,0,unclassified,20,439.0,565.0,5.623655217735893
5493,0,unclassified,21,311.93,500.0,9.334159724137885
5493,0,unclassified,22,253.81,220.0,2.196635800260501
5493,0,unclassified,23,208.2,90.0,9.680073498565275
5494,0,unclassified,0,146.67,0.0,17.127171395183733
5494,0,unclassified,1,58.57,0.0,10.82312339391915
5494,0,unclassified,2,6.19,0.0,3.518522417151836
5494,0,unclassified,3,3.91,0.0,2.7964262908219126
5494,0,unclassified,4,11.76,10.0,0.5335783750799326
5494,0,unclassified,5,78.18,5.0,11.34744130367804
5494,0,unclassified,6,212.42,95.0,9.470894846662533
5494,0,unclassified,7,613.81,410.0,9.008050313664
5494,0,unclassified,8,847.71,535.0,11.892994430780723
5494,0,unclassified,9,865.71,530.0,12.708130934254056
5494,0,unclassified,10,846.96,555.0,11.027334319760941
5494,0,unclassified,11,860.84,565.0,11.079916681392987
5494,0,unclassified,12,888.54,565.0,12.001332970349848
5494,0,unclassified,13,723.69,555.0,6.671472522682599
5494,0,unclassified,14,726.21,545.0,7.18767626117635
5494,0,unclassified,15,834.59,535.0,11.448458722482215
5494,0,unclassified,16,946.79,525.0,15.548494808998631
5494,0,unclassified,17,1008.71,540.0,16.84357078035446
5494,0,unclassified,18,912.14,450.0,17.70833318215829
5494,0,unclassified,19,736.0,535.0,7.973303212768093
5494,0,unclassified,20,594.24,500.0,4.028969521935538
5494,0,unclassified,21,396.31,385.0,0.5722237924123145
5494,0,unclassified,22,316.91,265.0,3.043253403914725
5494,0,unclassified,23,258.29,255.0,0.20536644916109778
54940,0,unclassified,0,188.88,0.0,19.436048981210146
54940,0,unclassified,1,127.93,0.0,15.995624401691858
54940,0,unclassified,2,90.36,0.0,13.443213901444848
54940,0,unclassified,3,33.78,5.0,6.5358471200044255
54940,0,unclassified,4,40.0,0.0,8.94427190999916
54940,0,unclassified,5,106.07,5.0,13.56247271873795
54940,0,unclassified,6,176.75,85.0,8.020061998536105
54940,0,unclassified,7,436.96,530.0,4.231364567029737
54940,0,unclassified,8,636.86,580.0,2.3051624975258624
54940,0,unclassified,9,631.71,570.0,2.517507115192144
54940,0,unclassified,10,564.81,580.0,0.6349010780714155
54940,0,unclassified,11,555.72,590.0,1.4322425237332497
54940,0,unclassified,12,533.96,490.0,1.9428138272631743
54940,0,unclassified,13,472.27,455.0,0.8020551481438783
54940,0,unclassified,14,584.15,525.0,2.5117395555321536
54940,0,unclassified,15,535.99,475.0,2.7126902175701266
54940,0,unclassified,16,505.0,440.0,2.990284090483535
54940,0,unclassified,17,479.86,300.0,9.108382583815592
54940,0,unclassified,18,492.52,280.0,10.813342006510494
54940,0,unclassified,19,480.0,315.0,8.275902732496066
54940,0,unclassified,20,543.38,260.0,14.139162501853763
54940,0,unclassified,21,377.05,285.0,5.059334521024952
54940,0,unclassified,22,287.25,300.0,0.7440697862050945
54940,0,unclassified,23,285.14,185.0,6.531440628233393
5495,0,unclassified,0,98.59,0.0,14.042079618062276
5495,0,unclassified,1,57.97,0.0,10.767543823918247
5495,0,unclassified,2,13.0,0.0,5.0990195135927845
5495,0,unclassified,3,13.58,0.0,5.2115256883181535
5495,0,unclassified,4,28.08,10.0,4.143477206567515
5495,0,unclassified,5,42.68,5.0,7.717164691289361
5495,0,unclassified,6,120.5,75.0,4.60206781055998
5495,0,unclassified,7,377.49,305.0,3.924144140667628
5495,0,unclassified,8,597.65,380.0,9.844234874374564
5495,0,unclassified,9,573.3,375.0,9.106779825228813
5495,0,unclassified,10,579.2,395.0,8.346041907420968
5495,0,unclassified,11,611.31,360.0,11.403701426040927
5495,0,unclassified,12,656.76,450.0,8.789310235268555
5495,0,unclassified,13,555.04,380.0,8.095379403916823
5495,0,unclassified,14,523.35,415.0,5.002204980849161
5495,0,unclassified,15,586.81,430.0,6.9545470286198405
5495,0,unclassified,16,662.21,400.0,11.377819912668267
5495,0,unclassified,17,701.57,415.0,12.128378559226451
5495,0,unclassified,18,644.29,375.0,11.928513939700215
5495,0,unclassified,19,534.29,370.0,7.726312385879021
5495,0,unclassified,20,431.76,385.0,2.313887660537549
5495,0,unclassified,21,302.38,290.0,0.7193420509457374
5495,0,unclassified,22,245.86,195.0,3.425634355708461
5495,0,unclassified,23,194.68,175.0,1.447528469938769
55490,0,unclassified,0,144.8,0.0,17.017637908946117
55490,0,unclassified,1,90.82,0.0,13.477388471065154
55490,0,unclassified,2,24.4,0.0,6.985699678629192
55490,0,unclassified,3,25.33,0.0,7.117583859709698
55490,0,unclassified,4,78.26,10.0,10.275413797537679
55490,0,unclassified,5,109.06,0.0,14.768886213929607
55490,0,unclassified,6,212.19,20.0,17.837091035695888
55490,0,unclassified,7,513.84,160.0,19.277181232045223
55490,0,unclassified,8,550.86,305.0,11.885063608988158
55490,0,unclassified,9,511.86,405.0,4.990897545302086
55490,0,unclassified,10,488.03,340.0,7.275145794944117
55490,0,unclassified,11,496.63,440.0,2.6168421561257307
55490,0,unclassified,12,475.17,630.0,6.586513220993791
55490,0,unclassified,13,490.54,560.0,3.0307037075209187
55490,0,unclassified,14,528.17,540.0,0.5118934284478157
55490,0,unclassified,15,520.9,475.0,2.0569314438149537
55490,0,unclassified,16,559.5,580.0,0.8588388745124712
55490,0,unclassified,17,551.0,665.0,4.623310502226732
55490,0,unclassified,18,540.86,680.0,5.631629360187716
55490,0,unclassified,19,547.29,745.0,7.777923048374062
55490,0,unclassified,20,491.95,585.0,4.0099005798511556
55490,0,unclassified,21,310.34,550.0,11.55514754477839
55490,0,unclassified,22,254.6,395.0,7.790388166404241
55490,0,unclassified,23,241.01,315.0,4.437585398582114
55491,0,unclassified,0,144.8,0.0,17.017637908946117
55491,0,unclassified,1,90.82,0.0,13.477388471065154
55491,0,unclassified,2,24.4,0.0,6.985699678629192
55491,0,unclassified,3,25.33,15.0,2.300388608703713
55491,0,unclassified,4,78.26,15.0,9.263955918627717
55491,0,unclassified,5,109.06,5.0,13.779458011460463
55491,0,unclassified,6,212.19,200.0,0.849121774347316
55491,0,unclassified,7,513.84,655.0,5.839143047283718
55491,0,unclassified,8,550.86,720.0,6.709844704439733
55491,0,unclassified,9,511.86,690.0,7.266905375310231
55491,0,unclassified,10,488.03,445.0,1.992225707646016
55491,0,unclassified,11,496.63,430.0,3.0955058766051393
55491,0,unclassified,12,475.17,410.0,3.097771469438408
55491,0,unclassified,13,490.54,430.0,2.8218640202855494
55491,0,unclassified,14,528.17,610.0,3.4302358529663994
55491,0,unclassified,15,520.9,515.0,0.25924362940672485
55491,0,unclassified,16,559.5,415.0,6.546239995682042
55491,0,unclassified,17,551.0,610.0,2.4487863717011153
55491,0,unclassified,18,540.86,495.0,2.0151088795064913
55491,0,unclassified,19,547.29,400.0,6.767788586031358
55491,0,unclassified,20,491.95,265.0,11.665721073031662
55491,0,unclassified,21,310.34,145.0,10.957841884502505
55491,0,unclassified,22,254.6,195.0,3.9751004374159504
55491,0,unclassified,23,241.01,235.0,0.38956634579287786
55813,0,unclassified,0,155.96,0.0,17.661257033405068
55813,0,unclassified,1,29.6,0.0,7.694153624668538
55813,0,unclassified,2,0.0,0.0,
55813,0,unclassified,3,0.0,0.0,
55813,0,unclassified,4,1.63,15.0,4.636606935305121
55813,0,unclassified,5,26.52,10.0,3.8659804756795086
55813,0,unclassified,6,178.05,155.0,1.786204620950725
55813,0,unclassified,7,460.96,460.0,0.0447368958921519
55813,0,unclassified,8,707.71,615.0,3.6050331319536717
55813,0,unclassified,9,530.86,410.0,5.572307638530531
55813,0,unclassified,10,482.64,280.0,10.377204722148408
55813,0,unclassified,11,498.36,550.0,2.2555165096881864
55813,0,unclassified,12,681.53,795.0,4.176138707532095
55813,0,unclassified,13,503.38,660.0,6.4938375595157
55813,0,unclassified,14,524.55,605.0,3.3852310551308844
55813,0,unclassified,15,569.98,715.0,5.7212999166065766
55813,0,unclassified,16,672.14,630.0,1.6515080277504297
55813,0,unclassified,17,784.14,575.0,8.022689875277548
55813,0,unclassified,18,808.43,380.0,17.575515360484673
55813,0,unclassified,19,681.0,440.0,10.17956533460183
55813,0,unclassified,20,477.79,315.0,8.176428423255327
55813,0,unclassified,21,280.64,180.0,6.631393544376322
55813,0,unclassified,22,194.24,400.0,11.936994892566506
55813,0,unclassified,23,182.86,430.0,14.118137320135517
55819,0,unclassified,0,171.1,0.0,18.498648599289623
55819,0,unclassified,1,125.52,0.0,15.844241856270687
55819,0,unclassified,2,0.0,0.0,
55819,0,unclassified,3,3.43,0.0,2.619160170741759
55819,0,unclassified,4,5.0,10.0,1.8257418583505538
55819,0,unclassified,5,58.52,10.0,8.28947665622458
55819,0,unclassified,6,197.53,150.0,3.6056756910088166
55819,0,unclassified,7,581.31,720.0,5.43713056892789
55819,0,unclassified,8,974.29,980.0,0.1826655299537102
55819,0,unclassified,9,775.57,560.0,8.34199628188304
55819,0,unclassified,10,566.54,340.0,10.64060712134744
55819,0,unclassified,11,616.04,705.0,3.46139999029464
55819,0,unclassified,12,640.14,930.0,10.345085798746338
55819,0,unclassified,13,687.23,750.0,2.3415529852239074
55819,0,unclassified,14,758.91,710.0,1.8047417572370645
55819,0,unclassified,15,782.04,795.0,0.461528628016477
55819,0,unclassified,16,849.21,755.0,3.326453003093224
55819,0,unclassified,17,891.14,640.0,9.076605012113285
55819,0,unclassified,18,851.57,485.0,14.179994516096727
55819,0,unclassified,19,739.29,495.0,9.833589664828922
55819,0,unclassified,20,487.05,355.0,6.4355321355228705
55819,0,unclassified,21,258.94,290.0,1.874795965386653
55819,0,unclassified,22,203.17,515.0,16.455809943097798
55819,0,unclassified,23,214.71,530.0,16.33923057803382
55972,0,unclassified,0,229.0,0.0,21.400934559032695
55972,0,unclassified,1,160.85,0.0,17.93599732381782
55972,0,unclassified,2,9.29,0.0,4.310452412450461
55972,0,unclassified,3,0.74,0.0,1.2165525060596438
55972,0,unclassified,4,0.0,0.0,
55972,0,unclassified,5,4.14,10.0,2.2038798243226823
55972,0,unclassified,6,76.52,35.0,5.560271041977922
55972,0,unclassified,7,237.31,275.0,2.3549121950074245
55972,0,unclassified,8,398.43,380.0,0.9341799686436159
55972,0,unclassified,9,268.0,230.0,2.4081521519930162
55972,0,unclassified,10,229.34,180.0,3.448832086593742
55972,0,unclassified,11,288.31,175.0,7.444703406774
55972,0,unclassified,12,364.76,275.0,5.018677631800978
55972,0,unclassified,13,317.94,295.0,1.3103865578976568
55972,0,unclassified,14,313.67,300.0,0.7803978531683167
55972,0,unclassified,15,303.99,345.0,2.276594931480197
55972,0,unclassified,16,408.14,275.0,7.203916872349041
55972,0,unclassified,17,473.57,415.0,2.7787175155064543
55972,0,unclassified,18,435.86,305.0,6.799137751793163
55972,0,unclassified,19,336.14,255.0,4.71959603469658
55972,0,unclassified,20,260.72,180.0,5.437694085936362
55972,0,unclassified,21,155.04,115.0,3.4458392772578113
55972,0,unclassified,22,154.55,100.0,4.83529752352771
55972,0,unclassified,23,213.55,100.0,9.06877723065557
56324,0,unclassified,0,65.38,0.0,11.435033887138244
56324,0,unclassified,1,45.0,0.0,9.486832980505138
56324,0,unclassified,2,8.7,0.0,4.171330722922842
56324,0,unclassified,3,0.0,0.0,
56324,0,unclassified,4,30.71,20.0,2.126951874230085
56324,0,unclassified,5,148.89,10.0,15.582520008832509
56324,0,unclassified,6,326.11,75.0,17.731572869402378
56324,0,unclassified,7,999.92,865.0,4.418361308288421
56324,0,unclassified,8,1314.86,1125.0,5.435831935876703
56324,0,unclassified,9,801.43,1040.0,7.862365357653586
56324,0,unclassified,10,618.78,920.0,10.859517650034766
56324,0,unclassified,11,681.02,815.0,4.898761223606988
56324,0,unclassified,12,832.45,805.0,0.9593417007638073
56324,0,unclassified,13,679.26,520.0,6.503767911617058
56324,0,unclassified,14,741.71,710.0,1.176986023316825
56324,0,unclassified,15,822.14,700.0,4.427367921625998
56324,0,unclassified,16,982.07,1000.0,0.5695551632616814
56324,0,unclassified,17,1061.86,1075.0,0.4019965521867253
56324,0,unclassified,18,969.0,930.0,1.2656601971292123
56324,0,unclassified,19,770.57,745.0,0.9288759657367649
56324,0,unclassified,20,479.95,465.0,0.6877835363835482
56324,0,unclassified,21,291.14,370.0,4.3373558438159865
56324,0,unclassified,22,190.0,225.0,2.4297354707521817
56324,0,unclassified,23,173.19,160.0,1.0219127415929965
56401,0,unclassified,0,90.0,0.0,13.416407864998739
56401,0,unclassified,1,0.0,0.0,
56401,0,unclassified,2,0.0,0.0,
56401,0,unclassified,3,0.0,10.0,4.47213595499958
56401,0,unclassified,4,0.0,5.0,3.1622776601683795
56401,0,unclassified,5,0.0,15.0,5.477225575051661
56401,0,unclassified,6,178.71,195.0,1.191704893125773
56401,0,unclassified,7,529.13,635.0,4.388207650647076
56401,0,unclassified,8,772.05,845.0,2.5655386971896923
56401,0,unclassified,9,593.81,830.0,8.852185060995975
56401,0,unclassified,10,534.63,860.0,12.321483607504918
56401,0,unclassified,11,549.47,795.0,9.469869705791961
56401,0,unclassified,12,723.59,870.0,5.18677537799544
56401,0,unclassified,13,599.71,825.0,8.440995651682353
56401,0,unclassified,14,688.24,720.0,1.1968980339651303
56401,0,unclassified,15,692.81,615.0,3.0428327802739696
56401,0,unclassified,16,849.83,795.0,1.911933287410668
56401,0,unclassified,17,1031.43,850.0,5.915344823438354
56401,0,unclassified,18,886.33,865.0,0.720811753690811
56401,0,unclassified,19,621.75,870.0,9.089839852107035
56401,0,unclassified,20,544.0,900.0,13.248948110653206
56401,0,unclassified,21,336.84,895.0,22.49036774092909
56401,0,unclassified,22,309.09,780.0,20.179993668256486
56401,0,unclassified,23,254.29,325.0,4.1547779615630125
56728,0,unclassified,0,0.0,0.0,
56728,0,unclassified,1,0.0,0.0,
56728,0,unclassified,2,0.0,0.0,
56728,0,unclassified,3,0.0,0.0,
56728,0,unclassified,4,0.0,0.0,
56728,0,unclassified,5,4.44,0.0,2.979932885150268
56728,0,unclassified,6,8.57,5.0,1.3705449701147545
56728,0,unclassified,7,145.33,105.0,3.60484644726526
56728,0,unclassified,8,331.0,105.0,15.306651429416277
56728,0,unclassified,9,322.0,100.0,15.283110276237617
56728,0,unclassified,10,216.47,95.0,9.733654301952914
56728,0,unclassified,11,221.0,75.0,12.001126073291083
56728,0,unclassified,12,260.0,75.0,14.294347071795732
56728,0,unclassified,13,228.0,95.0,10.465630022349629
56728,0,unclassified,14,193.55,75.0,10.230667679178854
56728,0,unclassified,15,110.77,45.0,7.4524818968105695
56728,0,unclassified,16,148.24,90.0,5.336162222667326
56728,0,unclassified,17,160.0,100.0,5.262348115842175
56728,0,unclassified,18,148.42,120.0,2.453192540307057
56728,0,unclassified,19,146.67,110.0,3.2369676005920263
56728,0,unclassified,20,55.53,110.0,5.987341305226717
56728,0,unclassified,21,69.5,100.0,3.313065224220767
56728,0,unclassified,22,0.0,5.0,3.1622776601683795
56728,0,unclassified,23,10.0,45.0,6.674238124719146
56729,0,unclassified,0,0.0,0.0,
56729,0,unclassified,1,0.0,0.0,
56729,0,unclassified,2,0.0,0.0,
56729,0,unclassified,3,0.0,0.0,
56729,0,unclassified,4,0.0,0.0,
56729,0,unclassified,5,4.44,0.0,2.979932885150268
56729,0,unclassified,6,8.57,15.0,1.8730362365202058
56729,0,unclassified,7,145.33,65.0,7.833253003226772
56729,0,unclassified,8,331.0,140.0,12.446232557815526
56729,0,unclassified,9,322.0,150.0,11.196246344350852
56729,0,unclassified,10,216.47,85.0,10.70827732971802
56729,0,unclassified,11,221.0,85.0,10.994948334980428
56729,0,unclassified,12,260.0,130.0,9.309493362512628
56729,0,unclassified,13,228.0,80.0,11.926179867575629
56729,0,unclassified,14,193.55,95.0,8.204669417020547
56729,0,unclassified,15,110.77,55.0,6.125798026367994
56729,0,unclassified,16,148.24,60.0,8.64765628813706
56729,0,unclassified,17,160.0,90.0,6.260990336999411
56729,0,unclassified,18,148.42,85.0,5.870460945512914
56729,0,unclassified,19,146.67,85.0,5.729992413001049
56729,0,unclassified,20,55.53,35.0,3.0514600395409173
56729,0,unclassified,21,69.5,20.0,7.399607418244165
56729,0,unclassified,22,0.0,5.0,3.1622776601683795
56729,0,unclassified,23,10.0,20.0,2.581988897471611
57390,0,unclassified,0,444.5,0.0,29.816103031751148
57390,0,unclassified,1,263.68,0.0,22.96432015105172
57390,0,unclassified,2,199.27,0.0,19.963466632827075
57390,0,unclassified,3,103.67,5.0,13.385829609796504
57390,0,unclassified,4,99.09,5.0,13.042293286106641
57390,0,unclassified,5,148.38,0.0,17.226723426119083
57390,0,unclassified,6,228.0,185.0,2.9923227027486505
57390,0,unclassified,7,550.81,530.0,0.8951841847894844
57390,0,unclassified,8,883.0,600.0,10.392759033272553
57390,0,unclassified,9,747.63,600.0,5.6872757065263215
57390,0,unclassified,10,606.22,600.0,0.2532748809948843
57390,0,unclassified,11,741.25,600.0,5.454420131859748
57390,0,unclassified,12,765.88,600.0,6.347500614379684
57390,0,unclassified,13,696.69,595.0,4.001419612760865
57390,0,unclassified,14,833.71,600.0,8.728942567417434
57390,0,unclassified,15,848.97,600.0,9.249799526439617
57390,0,unclassified,16,906.14,600.0,11.155843275086687
57390,0,unclassified,17,879.86,590.0,10.692156331297854
57390,0,unclassified,18,859.29,585.0,10.206991901219565
57390,0,unclassified,19,833.0,590.0,9.110009322301732
57390,0,unclassified,20,672.19,590.0,3.2716859635306204
57390,0,unclassified,21,487.45,590.0,4.418268451163631
57390,0,unclassified,22,467.71,590.0,5.31768536599518
57390,0,unclassified,23,564.86,575.0,0.4247439445770798
57699,0,unclassified,0,563.16,0.0,33.56069129204582
57699,0,unclassified,1,465.83,0.0,30.52310600184719
57699,0,unclassified,2,250.0,0.0,22.360679774997898
57699,0,unclassified,3,0.0,40.0,8.94427190999916
57699,0,unclassified,4,0.0,95.0,13.784048752090222
57699,0,unclassified,5,280.0,15.0,21.819754694204384
57699,0,unclassified,6,538.78,545.0,0.2671989925682405
57699,0,unclassified,7,924.67,1375.0,13.280459985874542
57699,0,unclassified,8,1042.5,1455.0,11.673099899395245
57699,0,unclassified,9,933.67,1440.0,14.697331417821845
57699,0,unclassified,10,823.0,1435.0,18.21396304914757
57699,0,unclassified,11,877.67,1435.0,16.389684192697796
57699,0,unclassified,12,1159.75,1240.0,2.316738621735697
57699,0,unclassified,13,1003.62,1415.0,11.829716906256849
57699,0,unclassified,14,1079.12,1320.0,6.954881820689068
57699,0,unclassified,15,1066.12,1330.0,7.623724454985744
57699,0,unclassified,16,1212.86,1355.0,3.9668487136106676
57699,0,unclassified,17,1194.57,1280.0,2.4287092810518605
57699,0,unclassified,18,1251.29,1225.0,0.7471448926094573
57699,0,unclassified,19,1116.0,1195.0,2.324032068214451
57699,0,unclassified,20,1046.09,1335.0,8.373165330501706
57699,0,unclassified,21,677.65,1280.0,19.25291033137927
57699,0,unclassified,22,607.94,1230.0,20.520200932509002
57699,0,unclassified,23,653.48,1295.0,20.553094644311816
57811,0,unclassified,0,101.8,0.0,14.268847185389575
57811,0,unclassified,1,63.61,0.0,11.27918436767482
57811,0,unclassified,2,25.96,0.0,7.205553413860729
57811,0,unclassified,3,10.57,0.0,4.59782557302906
57811,0,unclassified,4,32.26,0.0,8.032434251209281
57811,0,unclassified,5,62.65,0.0,11.193748255164577
57811,0,unclassified,6,153.59,30.0,12.899527988321015
57811,0,unclassified,7,480.54,380.0,4.846947856712839
57811,0,unclassified,8,643.71,725.0,3.1073945610167053
57811,0,unclassified,9,538.43,675.0,5.544507091418678
57811,0,unclassified,10,502.64,615.0,4.75308696046042
57811,0,unclassified,11,482.31,620.0,5.864966342014115
57811,0,unclassified,12,532.89,805.0,10.520812877645199
57811,0,unclassified,13,452.3,650.0,8.421156985105704
57811,0,unclassified,14,529.32,645.0,4.7739739958507785
57811,0,unclassified,15,499.24,785.0,11.27699372302481
57811,0,unclassified,16,544.93,760.0,8.41978932853471
57811,0,unclassified,17,551.14,895.0,12.787671972221471
57811,0,unclassified,18,498.14,690.0,7.871647349157367
57811,0,unclassified,19,424.86,695.0,11.41621205417014
57811,0,unclassified,20,302.24,505.0,10.092434593004437
57811,0,unclassified,21,194.21,310.0,7.292565262085968
57811,0,unclassified,22,160.0,290.0,8.666666666666666
57811,0,unclassified,23,150.23,325.0,11.337830492177208
58267,0,unclassified,0,128.09,0.0,16.00562401157793
58267,0,unclassified,1,42.38,0.0,9.206519429187123
58267,0,unclassified,2,10.43,0.0,4.567274898667694
58267,0,unclassified,3,11.0,0.0,4.69041575982343
58267,0,unclassified,4,0.85,0.0,1.3038404810405297
58267,0,unclassified,5,0.96,0.0,1.3856406460551018
58267,0,unclassified,6,45.14,0.0,9.501578816175762
58267,0,unclassified,7,331.73,185.0,9.128555855079341
58267,0,unclassified,8,583.0,280.0,14.586538024532606
58267,0,unclassified,9,368.44,245.0,7.048307861759208
58267,0,unclassified,10,232.48,220.0,0.8297168106382606
58267,0,unclassified,11,232.77,240.0,0.4702494973503244
58267,0,unclassified,12,273.69,385.0,6.133503896231704
58267,0,unclassified,13,242.13,290.0,2.934739472224184
58267,0,unclassified,14,277.03,295.0,1.0625605116086472
58267,0,unclassified,15,266.83,250.0,1.0469483490311975
58267,0,unclassified,16,301.17,275.0,1.5418545248078295
58267,0,unclassified,17,374.86,265.0,6.1420325217524905
58267,0,unclassified,18,339.57,310.0,1.640791293299721
58267,0,unclassified,19,267.82,280.0,0.735941585921796
58267,0,unclassified,20,245.91,205.0,2.724579871676772
58267,0,unclassified,21,135.16,165.0,2.4357763437123054
58267,0,unclassified,22,125.43,100.0,2.395275666276333
58267,0,unclassified,23,147.92,145.0,0.24128111800393667
58268,0,unclassified,0,128.09,0.0,16.00562401157793
58268,0,unclassified,1,42.38,0.0,9.206519429187123
58268,0,unclassified,2,10.43,0.0,4.567274898667694
58268,0,unclassified,3,11.0,0.0,4.69041575982343
58268,0,unclassified,4,0.85,0.0,1.3038404810405297
58268,0,unclassified,5,0.96,0.0,1.3856406460551018
58268,0,unclassified,6,45.14,10.0,6.692422861543318
58268,0,unclassified,7,331.73,110.0,14.919731488967738
58268,0,unclassified,8,583.0,380.0,9.251196212400442
58268,0,unclassified,9,368.44,465.0,4.730151871229846
58268,0,unclassified,10,232.48,400.0,9.4201596613074
58268,0,unclassified,11,232.77,350.0,6.867602805155274
58268,0,unclassified,12,273.69,330.0,3.2411082343990616
58268,0,unclassified,13,242.13,275.0,2.044159762884006
58268,0,unclassified,14,277.03,345.0,3.854132156321541
58268,0,unclassified,15,266.83,310.0,2.541985839124671
58268,0,unclassified,16,301.17,305.0,0.2199968955384466
58268,0,unclassified,17,374.86,370.0,0.2518337547770543
58268,0,unclassified,18,339.57,415.0,3.883375069733325
58268,0,unclassified,19,267.82,430.0,8.682415947169286
58268,0,unclassified,20,245.91,405.0,8.818554592567189
58268,0,unclassified,21,135.16,365.0,14.53403268903762
58268,0,unclassified,22,125.43,220.0,7.19595370352453
58268,0,unclassified,23,147.92,175.0,2.131160636453152
58657,0,unclassified,0,172.42,0.0,18.569868066305695
58657,0,unclassified,1,119.02,0.0,15.428544973522293
58657,0,unclassified,2,62.62,0.0,11.191067866830224
58657,0,unclassified,3,23.18,0.0,6.80881781221968
58657,0,unclassified,4,16.8,10.0,1.8576184400077205
58657,0,unclassified,5,32.11,5.0,6.293598566452753
58657,0,unclassified,6,140.83,215.0,5.56060436821166
58657,0,unclassified,7,520.48,805.0,11.052008450355702
58657,0,unclassified,8,1085.29,840.0,7.905817113150546
58657,0,unclassified,9,655.0,770.0,4.308294733275792
58657,0,unclassified,10,485.14,740.0,10.297310699239791
58657,0,unclassified,11,507.0,720.0,8.599482556787866
58657,0,unclassified,12,594.45,870.0,10.183056161943519
58657,0,unclassified,13,506.67,850.0,13.182252939117737
58657,0,unclassified,14,581.31,1010.0,15.19780804052567
58657,0,unclassified,15,558.5,860.0,11.321074393102887
58657,0,unclassified,16,754.07,990.0,7.989437609456994
58657,0,unclassified,17,840.14,1055.0,6.979911564213517
58657,0,unclassified,18,683.86,920.0,8.33875719890029
58657,0,unclassified,19,594.43,855.0,9.679229510010966
58657,0,unclassified,20,415.34,695.0,11.869088234035592
58657,0,unclassified,21,229.88,510.0,14.563926267183007
58657,0,unclassified,22,191.01,420.0,13.101087760775433
58657,0,unclassified,23,219.43,345.0,7.4747358144373734
58658,0,unclassified,0,504.43,0.0,31.762556572165284
58658,0,unclassified,1,315.27,0.0,25.11055554940989
58658,0,unclassified,2,226.86,0.0,21.30070421371087
58658,0,unclassified,3,140.0,0.0,16.73320053068151
58658,0,unclassified,4,144.49,20.0,13.727128984468694
58658,0,unclassified,5,178.23,10.0,17.340995344403154
58658,0,unclassified,6,334.29,155.0,11.462725572084794
58658,0,unclassified,7,1107.51,800.0,9.957282515090181
58658,0,unclassified,8,1862.71,1140.0,18.651869434880098
58658,0,unclassified,9,1420.57,1175.0,6.816696135894413
58658,0,unclassified,10,1195.68,1125.0,2.0749321931534057
58658,0,unclassified,11,1287.32,1100.0,5.421804188534851
58658,0,unclassified,12,1347.74,1110.0,6.78186729377187
58658,0,unclassified,13,1247.01,775.0,14.84480673840045
58658,0,unclassified,14,1386.94,755.0,19.310218726870215
58658,0,unclassified,15,1354.41,835.0,15.698630076083276
58658,0,unclassified,16,1576.07,1090.0,13.313064658758087
58658,0,unclassified,17,1644.0,985.0,18.176284817948567
58658,0,unclassified,18,1467.14,885.0,16.975041927267554
58658,0,unclassified,19,1355.43,780.0,17.610221885737893
58658,0,unclassified,20,1020.86,480.0,19.743755764513626
58658,0,unclassified,21,653.0,420.0,10.059376378388851
58658,0,unclassified,22,553.14,535.0,0.7776960496393452
58658,0,unclassified,23,652.29,620.0,1.2802358546234196
59248,0,unclassified,0,147.66,0.0,17.184877072589142
59248,0,unclassified,1,40.69,0.0,9.021086409075128
59248,0,unclassified,2,11.79,0.0,4.8559242168715935
59248,0,unclassified,3,0.0,0.0,
59248,0,unclassified,4,0.0,0.0,
59248,0,unclassified,5,71.5,15.0,8.591230910347672
59248,0,unclassified,6,197.48,95.0,8.474342793208523
59248,0,unclassified,7,415.12,280.0,7.247775661733243
59248,0,unclassified,8,569.0,595.0,1.0777346739765818
59248,0,unclassified,9,475.43,580.0,4.5520538239029245
59248,0,unclassified,10,384.36,420.0,1.7771638089772515
59248,0,unclassified,11,431.5,380.0,2.5566893642437702
59248,0,unclassified,12,612.46,430.0,7.991953870588121
59248,0,unclassified,13,524.07,385.0,6.5230362125342305
59248,0,unclassified,14,474.16,290.0,9.42145880939637
59248,0,unclassified,15,481.45,210.0,14.59904520526407
59248,0,unclassified,16,636.86,275.0,16.94694789145004
59248,0,unclassified,17,713.57,415.0,12.56888970439518
59248,0,unclassified,18,622.86,510.0,4.742058665344915
59248,0,unclassified,19,474.14,470.0,0.19054481704615833
59248,0,unclassified,20,400.0,200.0,11.547005383792516
59248,0,unclassified,21,234.96,85.0,11.85611997862785
59248,0,unclassified,22,186.08,95.0,7.682862263699083
59248,0,unclassified,23,178.04,90.0,7.60493010789568
59323,0,unclassified,0,188.88,0.0,19.436048981210146
59323,0,unclassified,1,127.93,0.0,15.995624401691858
59323,0,unclassified,2,90.36,0.0,13.443213901444848
59323,0,unclassified,3,33.78,5.0,6.5358471200044255
59323,0,unclassified,4,40.0,0.0,8.94427190999916
59323,0,unclassified,5,106.07,5.0,13.56247271873795
59323,0,unclassified,6,176.75,85.0,8.020061998536105
59323,0,unclassified,7,436.96,530.0,4.231364567029737
59323,0,unclassified,8,636.86,575.0,2.5130358727590165
59323,0,unclassified,9,631.71,570.0,2.517507115192144
59323,0,unclassified,10,564.81,575.0,0.4268477046735297
59323,0,unclassified,11,555.72,585.0,1.2260171412820617
59323,0,unclassified,12,533.96,485.0,2.1690913330872554
59323,0,unclassified,13,472.27,445.0,1.2733609898416764
59323,0,unclassified,14,584.15,530.0,2.2942546810628452
59323,0,unclassified,15,535.99,470.0,2.9423632957932067
59323,0,unclassified,16,505.0,445.0,2.752988806446741
59323,0,unclassified,17,479.86,325.0,7.719587257965445
59323,0,unclassified,18,492.52,280.0,10.813342006510494
59323,0,unclassified,19,480.0,315.0,8.275902732496066
59323,0,unclassified,20,543.38,260.0,14.139162501853763
59323,0,unclassified,21,377.05,285.0,5.059334521024952
59323,0,unclassified,22,287.25,300.0,0.7440697862050945
59323,0,unclassified,23,285.14,185.0,6.531440628233393
59743,0,unclassified,0,87.04,0.0,13.193938001976514
59743,0,unclassified,1,6.09,0.0,3.4899856733230297
59743,0,unclassified,2,0.0,0.0,
59743,0,unclassified,3,0.0,5.0,3.1622776601683795
59743,0,unclassified,4,0.0,5.0,3.1622776601683795
59743,0,unclassified,5,3.41,10.0,2.544989667690276
59743,0,unclassified,6,77.44,150.0,6.804227855363394
59743,0,unclassified,7,186.91,505.0,17.10173648541939
59743,0,unclassified,8,318.55,675.0,15.992588144114759
59743,0,unclassified,9,301.74,495.0,9.682748740125135
59743,0,unclassified,10,275.03,415.0,7.535567668200283
59743,0,unclassified,11,336.49,410.0,3.8049541113344416
59743,0,unclassified,12,507.86,470.0,1.7122109366833866
59743,0,unclassified,13,360.49,370.0,0.49760917258064513
59743,0,unclassified,14,342.34,340.0,0.12668652967234414
59743,0,unclassified,15,364.66,285.0,4.419897887629151
59743,0,unclassified,16,433.5,395.0,1.8916007213671293
59743,0,unclassified,17,479.43,450.0,1.3652020027023235
59743,0,unclassified,18,459.71,495.0,1.6152171619607214
59743,0,unclassified,19,404.86,495.0,4.249570885444978
59743,0,unclassified,20,341.24,255.0,4.99474351360219
59743,0,unclassified,21,236.07,145.0,6.597629970854649
59743,0,unclassified,22,170.5,195.0,1.8123304675655074
59743,0,unclassified,23,156.22,165.0,0.6928005517070202
59744,0,unclassified,0,94.81,0.0,13.770257804413104
59744,0,unclassified,1,10.0,0.0,4.47213595499958
59744,0,unclassified,2,0.31,0.0,0.7874007874011811
59744,0,unclassified,3,0.0,5.0,3.1622776601683795
59744,0,unclassified,4,0.0,5.0,3.1622776601683795
59744,0,unclassified,5,0.0,10.0,4.47213595499958
59744,0,unclassified,6,111.64,50.0,6.856511472092706
59744,0,unclassified,7,280.46,135.0,10.092388793455825
59744,0,unclassified,8,446.57,240.0,11.149100645280583
59744,0,unclassified,9,356.98,235.0,7.090063252579051
59744,0,unclassified,10,286.89,160.0,8.488717425194736
59744,0,unclassified,11,301.94,230.0,4.41117316563536
59744,0,unclassified,12,381.24,340.0,2.171669600733536
59744,0,unclassified,13,353.83,250.0,5.975586105114486
59744,0,unclassified,14,328.46,320.0,0.4698332677765659
59744,0,unclassified,15,328.24,220.0,6.537586106716205
59744,0,unclassified,16,357.79,290.0,3.7667215089613046
59744,0,unclassified,17,373.86,460.0,4.218648046646245
59744,0,unclassified,18,369.21,450.0,3.9918570757904974
59744,0,unclassified,19,339.86,330.0,0.5387656394904238
59744,0,unclassified,20,250.36,170.0,5.542991775803461
59744,0,unclassified,21,169.15,155.0,1.1114717395121096
59744,0,unclassified,22,143.13,185.0,3.2688499789196355
59744,0,unclassified,23,161.48,185.0,1.7869534111583407
59745,0,unclassified,0,94.81,0.0,13.770257804413104
59745,0,unclassified,1,10.0,0.0,4.47213595499958
59745,0,unclassified,2,0.31,0.0,0.7874007874011811
59745,0,unclassified,3,0.0,5.0,3.1622776601683795
59745,0,unclassified,4,0.0,5.0,3.1622776601683795
59745,0,unclassified,5,0.0,5.0,3.1622776601683795
59745,0,unclassified,6,111.64,140.0,2.528316192455985
59745,0,unclassified,7,280.46,485.0,10.455191669357209
59745,0,unclassified,8,446.57,660.0,9.073628963367558
59745,0,unclassified,9,356.98,485.0,6.239387131788451
59745,0,unclassified,10,286.89,410.0,6.595173313798881
59745,0,unclassified,11,301.94,375.0,3.9711800418823944
59745,0,unclassified,12,381.24,430.0,2.4210514378245813
59745,0,unclassified,13,353.83,340.0,0.742524248514027
59745,0,unclassified,14,328.46,285.0,2.4814846591345328
59745,0,unclassified,15,328.24,235.0,5.556105937433502
59745,0,unclassified,16,357.79,340.0,0.9524201505009743
59745,0,unclassified,17,373.86,425.0,2.5588238119306324
59745,0,unclassified,18,369.21,455.0,4.226031461701225
59745,0,unclassified,19,339.86,445.0,5.307461744271808
59745,0,unclassified,20,250.36,230.0,1.3137397887299826
59745,0,unclassified,21,169.15,130.0,3.2011222543216764
59745,0,unclassified,22,143.13,160.0,1.3702998830686015
59745,0,unclassified,23,161.48,140.0,1.7495244714902873
60791,0,unclassified,0,204.49,0.0,20.22325394193526
60791,0,unclassified,1,129.76,0.0,16.109624452481814
60791,0,unclassified,2,95.14,0.0,13.794201680416304
60791,0,unclassified,3,23.43,0.0,6.845436436049932
60791,0,unclassified,4,8.09,0.0,4.022437072223753
60791,0,unclassified,5,33.2,25.0,1.5200831954081333
60791,0,unclassified,6,80.24,145.0,6.1023776193196095
60791,0,unclassified,7,198.41,380.0,10.677978205044118
60791,0,unclassified,8,359.29,395.0,1.8388049872238
60791,0,unclassified,9,337.14,530.0,9.262165784371543
60791,0,unclassified,10,338.63,435.0,4.899933720438719
60791,0,unclassified,11,400.88,565.0,7.468182450902863
60791,0,unclassified,12,443.11,810.0,14.657377549651132
60791,0,unclassified,13,357.71,660.0,13.400677557647542
60791,0,unclassified,14,400.04,670.0,11.671170430027942
60791,0,unclassified,15,420.94,690.0,11.416128108473218
60791,0,unclassified,16,498.86,840.0,13.184997737378938
60791,0,unclassified,17,517.86,905.0,14.51449594263231
60791,0,unclassified,18,492.0,975.0,17.833930575019103
60791,0,unclassified,19,512.64,800.0,11.216787585780294
60791,0,unclassified,20,353.57,685.0,14.544169523054954
60791,0,unclassified,21,212.97,520.0,16.038092377549013
60791,0,unclassified,22,198.05,435.0,13.318419936771589
60791,0,unclassified,23,229.57,350.0,7.074516039764654
618,0,unclassified,0,40.98,0.0,9.053176238205019
618,0,unclassified,1,10.3,0.0,4.538722287164087
618,0,unclassified,2,2.92,0.0,2.416609194718914
618,0,unclassified,3,0.37,0.0,0.8602325267042626
618,0,unclassified,4,0.0,5.0,3.1622776601683795
618,0,unclassified,5,2.95,0.0,2.4289915602982237
618,0,unclassified,6,47.9,50.0,0.300153178462879
618,0,unclassified,7,231.88,200.0,2.1694605848956043
618,0,unclassified,8,546.14,365.0,8.486660025006973
618,0,unclassified,9,321.0,265.0,3.2715549318871213
618,0,unclassified,10,233.49,240.0,0.42309761846865623
618,0,unclassified,11,235.16,245.0,0.6350634336912572
618,0,unclassified,12,254.61,225.0,1.912094227482528
618,0,unclassified,13,259.33,190.0,4.62544466924716
618,0,unclassified,14,237.34,130.0,7.9203154309900325
618,0,unclassified,15,258.3,135.0,8.79257539922347
618,0,unclassified,16,280.86,160.0,8.14042800296745
618,0,unclassified,17,335.29,185.0,9.317992206577788
618,0,unclassified,18,308.43,260.0,2.8727046116501374
618,0,unclassified,19,255.43,260.0,0.2846730481611808
618,0,unclassified,20,181.8,195.0,0.9616864168382584
618,0,unclassified,21,101.61,125.0,2.1973826152683533
618,0,unclassified,22,82.25,95.0,1.354353581906769
618,0,unclassified,23,76.43,165.0,8.061317479047151
619,0,unclassified,0,40.98,0.0,9.053176238205019
619,0,unclassified,1,10.3,0.0,4.538722287164087
619,0,unclassified,2,2.92,0.0,2.416609194718914
619,0,unclassified,3,0.37,0.0,0.8602325267042626
619,0,unclassified,4,0.0,0.0,
619,0,unclassified,5,2.95,5.0,1.028218218279814
619,0,unclassified,6,47.9,25.0,3.793033828499643
619,0,unclassified,7,231.88,140.0,6.7380553348574335
619,0,unclassified,8,546.14,350.0,9.266020087459836
619,0,unclassified,9,321.0,330.0,0.49884659592632397
619,0,unclassified,10,233.49,245.0,0.7441386953789253
619,0,unclassified,11,235.16,205.0,2.033017179299474
619,0,unclassified,12,254.61,235.0,1.2533358197504396
619,0,unclassified,13,259.33,150.0,7.642185201223112
619,0,unclassified,14,237.34,195.0,2.87973909526343
619,0,unclassified,15,258.3,175.0,5.659338287697972
619,0,unclassified,16,280.86,225.0,3.5123740459606516
619,0,unclassified,17,335.29,230.0,6.262770137739107
619,0,unclassified,18,308.43,285.0,1.3601992705143653
619,0,unclassified,19,255.43,265.0,0.5932609651061772
619,0,unclassified,20,181.8,105.0,6.413375145205376
619,0,unclassified,21,101.61,80.0,2.2677745937021556
619,0,unclassified,22,82.25,85.0,0.30072160349759447
619,0,unclassified,23,76.43,140.0,6.110946471249501
62004,0,unclassified,0,374.0,0.0,27.349588662354687
62004,0,unclassified,1,271.55,0.0,23.304506002058915
62004,0,unclassified,2,203.51,0.0,20.174736677339805
62004,0,unclassified,3,134.4,30.0,11.515017170545436
62004,0,unclassified,4,108.62,20.0,11.050768750202659
62004,0,unclassified,5,131.18,15.0,13.589465993550869
62004,0,unclassified,6,192.52,330.0,8.505562931448532
62004,0,unclassified,7,492.31,720.0,9.248091354683977
62004,0,unclassified,8,642.43,845.0,7.427999360231969
62004,0,unclassified,9,530.14,905.0,13.993841934210124
62004,0,unclassified,10,489.92,865.0,14.410600496373362
62004,0,unclassified,11,566.88,755.0,7.317352081205052
62004,0,unclassified,12,616.86,870.0,9.284119772404248
62004,0,unclassified,13,606.67,750.0,5.503196090536061
62004,0,unclassified,14,664.48,850.0,6.741770466210582
62004,0,unclassified,15,626.96,705.0,3.024033982112422
62004,0,unclassified,16,705.29,745.0,1.4746449186827664
62004,0,unclassified,17,659.14,865.0,7.457178448476965
62004,0,unclassified,18,615.14,880.0,9.68702548528969
62004,0,unclassified,19,565.57,910.0,12.680490733652375
62004,0,unclassified,20,455.05,900.0,17.09419086135356
62004,0,unclassified,21,295.27,685.0,17.603781906196186
62004,0,unclassified,22,305.29,540.0,11.416782453952194
62004,0,unclassified,23,387.57,300.0,4.722934122309885
6229,0,unclassified,0,566.43,0.0,33.6579856794788
6229,0,unclassified,1,379.4,0.0,27.546324618721822
6229,0,unclassified,2,279.07,0.0,23.62498677248307
6229,0,unclassified,3,202.5,35.0,15.370854169327638
6229,0,unclassified,4,213.83,25.0,17.279913002559983
6229,0,unclassified,5,227.54,25.0,18.02439579424301
6229,0,unclassified,6,336.26,550.0,10.15360416632452
6229,0,unclassified,7,830.73,1435.0,17.953203505798964
6229,0,unclassified,8,1199.43,1575.0,10.083678860527408
6229,0,unclassified,9,1073.29,1505.0,12.023785621437586
6229,0,unclassified,10,1030.57,1565.0,14.835065015702458
6229,0,unclassified,11,1066.14,1585.0,14.25111543741659
6229,0,unclassified,12,1179.19,1755.0,15.033153239591835
6229,0,unclassified,13,1013.83,1540.0,14.72465365910868
6229,0,unclassified,14,1175.08,1420.0,6.799294828198421
6229,0,unclassified,15,1264.59,1375.0,3.0391712381049274
6229,0,unclassified,16,1422.79,1370.0,1.412692109535604
6229,0,unclassified,17,1408.29,1710.0,7.640934057868825
6229,0,unclassified,18,1352.14,1820.0,11.747751224906649
6229,0,unclassified,19,1313.57,1825.0,12.91026889840604
6229,0,unclassified,20,1160.95,1360.0,5.606541791071819
6229,0,unclassified,21,755.62,935.0,6.169727975511571
6229,0,unclassified,22,674.43,845.0,6.188384629981957
6229,0,unclassified,23,757.57,800.0,1.5204223418724636
63125,0,unclassified,0,133.96,0.0,16.3682619724881
63125,0,unclassified,1,72.59,0.0,12.049066353871574
63125,0,unclassified,2,21.6,0.0,6.572670690061994
63125,0,unclassified,3,21.66,5.0,4.56309932708759
63125,0,unclassified,4,32.76,0.0,8.094442537939225
63125,0,unclassified,5,85.43,20.0,9.011764103147758
63125,0,unclassified,6,246.51,105.0,10.674149630871668
63125,0,unclassified,7,608.64,185.0,21.266703832531494
63125,0,unclassified,8,758.29,255.0,22.359723092848796
63125,0,unclassified,9,606.0,275.0,15.77084768731188
63125,0,unclassified,10,519.71,225.0,15.272716050786094
63125,0,unclassified,11,564.29,170.0,20.5777057883954
63125,0,unclassified,12,713.31,220.0,22.83610112398801
63125,0,unclassified,13,676.36,255.0,19.525830376225233
63125,0,unclassified,14,676.59,285.0,17.85877317987491
63125,0,unclassified,15,675.72,235.0,20.65310343891368
63125,0,unclassified,16,807.5,210.0,26.49022813665799
63125,0,unclassified,17,876.43,345.0,21.504372475876735
63125,0,unclassified,18,804.14,430.0,15.06145489217341
63125,0,unclassified,19,697.29,420.0,11.731843196142906
63125,0,unclassified,20,519.91,410.0,5.097200848018074
63125,0,unclassified,21,318.3,325.0,0.3735794899588194
63125,0,unclassified,22,231.36,180.0,3.5812033596149155
63125,0,unclassified,23,208.93,120.0,6.934442440367893
63126,0,unclassified,0,133.96,0.0,16.3682619724881
63126,0,unclassified,1,72.59,0.0,12.049066353871574
63126,0,unclassified,2,21.6,0.0,6.572670690061994
63126,0,unclassified,3,21.66,0.0,6.581793068761733
63126,0,unclassified,4,32.76,0.0,8.094442537939225
63126,0,unclassified,5,85.43,5.0,11.961256431666573
63126,0,unclassified,6,246.51,40.0,17.253856917044345
63126,0,unclassified,7,608.64,295.0,14.755322957334043
63126,0,unclassified,8,758.29,475.0,11.40810834736948
63126,0,unclassified,9,606.0,465.0,6.093115001390346
63126,0,unclassified,10,519.71,515.0,0.20707448111324744
63126,0,unclassified,11,564.29,490.0,3.235678122875117
63126,0,unclassified,12,713.31,320.0,17.303528406234893
63126,0,unclassified,13,676.36,275.0,18.402492189987647
63126,0,unclassified,14,676.59,285.0,17.85877317987491
63126,0,unclassified,15,675.72,345.0,14.639361825178154
63126,0,unclassified,16,807.5,240.0,24.797268692462993
63126,0,unclassified,17,876.43,305.0,23.511158946863368
63126,0,unclassified,18,804.14,360.0,18.40908826906823
63126,0,unclassified,19,697.29,405.0,12.450334548205756
63126,0,unclassified,20,519.91,285.0,11.709621067872666
63126,0,unclassified,21,318.3,320.0,0.09515935660243496
63126,0,unclassified,22,231.36,280.0,3.0419017831074995
63126,0,unclassified,23,208.93,360.0,8.957025478105383
6336,0,unclassified,0,161.0,0.0,17.944358444926362
6336,0,unclassified,1,127.16,0.0,15.94741358339966
6336,0,unclassified,2,73.46,0.0,12.121056059601408
6336,0,unclassified,3,25.8,0.0,7.183313998427188
6336,0,unclassified,4,8.62,10.0,0.4522767324876792
6336,0,unclassified,5,26.48,0.0,7.277362159464101
6336,0,unclassified,6,81.25,35.0,6.066388981001565
6336,0,unclassified,7,262.43,295.0,1.9509115836019508
6336,0,unclassified,8,376.71,370.0,0.34726541598700766
6336,0,unclassified,9,350.29,305.0,2.5020762944789707
6336,0,unclassified,10,412.32,210.0,11.469564682202577
6336,0,unclassified,11,468.68,250.0,11.536027521837092
6336,0,unclassified,12,490.48,425.0,3.0605483028107163
6336,0,unclassified,13,384.49,275.0,6.029556183647602
6336,0,unclassified,14,507.72,210.0,15.71612534586612
6336,0,unclassified,15,545.43,270.0,13.6405818941962
6336,0,unclassified,16,526.21,380.0,6.868749051478261
6336,0,unclassified,17,520.43,640.0,4.9639540550941845
6336,0,unclassified,18,505.14,620.0,4.842621517994079
6336,0,unclassified,19,380.0,485.0,5.048893886760623
6336,0,unclassified,20,208.31,190.0,1.297456293956263
6336,0,unclassified,21,140.06,140.0,0.005070382302224467
6336,0,unclassified,22,131.18,65.0,6.682121922693728
6336,0,unclassified,23,142.26,55.0,8.786394365463725
6337,0,unclassified,0,161.0,0.0,17.944358444926362
6337,0,unclassified,1,127.16,0.0,15.94741358339966
6337,0,unclassified,2,73.46,0.0,12.121056059601408
6337,0,unclassified,3,25.8,0.0,7.183313998427188
6337,0,unclassified,4,8.62,20.0,3.0083090151574936
6337,0,unclassified,5,26.48,0.0,7.277362159464101
6337,0,unclassified,6,81.25,60.0,2.528597498562101
6337,0,unclassified,7,262.43,415.0,8.289950385050169
6337,0,unclassified,8,376.71,675.0,13.007855094116323
6337,0,unclassified,9,350.29,390.0,2.0640202007631365
6337,0,unclassified,10,412.32,370.0,2.1397766315978455
6337,0,unclassified,11,468.68,450.0,0.8715849828259036
6337,0,unclassified,12,490.48,605.0,4.893212884481795
6337,0,unclassified,13,384.49,480.0,4.593924526811471
6337,0,unclassified,14,507.72,480.0,1.2473585260185045
6337,0,unclassified,15,545.43,520.0,1.101790180135812
6337,0,unclassified,16,526.21,455.0,3.2149557574586014
6337,0,unclassified,17,520.43,535.0,0.6342490600962594
6337,0,unclassified,18,505.14,505.0,0.0062294865012304645
6337,0,unclassified,19,380.0,425.0,2.2430015382565207
6337,0,unclassified,20,208.31,310.0,6.316819265250149
6337,0,unclassified,21,140.06,180.0,3.1572382664639274
6337,0,unclassified,22,131.18,105.0,2.4091457827391083
6337,0,unclassified,23,142.26,225.0,6.105815815013434
63501,0,unclassified,0,121.61,0.0,15.595512174981621
63501,0,unclassified,1,90.98,0.0,13.4892549831338
63501,0,unclassified,2,39.51,0.0,8.889319434017432
63501,0,unclassified,3,3.77,10.0,2.374302634306289
63501,0,unclassified,4,5.76,10.0,1.5104374597436845
63501,0,unclassified,5,22.94,10.0,3.188507748717391
63501,0,unclassified,6,107.08,315.0,14.312446536246657
63501,0,unclassified,7,282.53,855.0,24.004148282995786
63501,0,unclassified,8,393.71,800.0,16.630362466781314
63501,0,unclassified,9,335.29,715.0,16.569614993345986
63501,0,unclassified,10,338.04,665.0,14.59992067927504
63501,0,unclassified,11,323.96,740.0,18.03796064863814
63501,0,unclassified,12,349.24,785.0,18.298263640301087
63501,0,unclassified,13,315.14,820.0,21.1914779683154
63501,0,unclassified,14,364.49,875.0,20.50679253626403
63501,0,unclassified,15,399.95,900.0,19.613951870178813
63501,0,unclassified,16,429.07,885.0,17.78704964015925
63501,0,unclassified,17,434.43,915.0,18.501054114751756
63501,0,unclassified,18,454.86,840.0,15.136386766544247
63501,0,unclassified,19,392.0,810.0,17.05057564376329
63501,0,unclassified,20,311.86,840.0,22.007170615233814
63501,0,unclassified,21,202.52,750.0,25.086854141230965
63501,0,unclassified,22,148.39,875.0,32.12149750585705
63501,0,unclassified,23,154.44,525.0,20.104717730584838
63502,0,unclassified,0,121.61,0.0,15.595512174981621
63502,0,unclassified,1,90.98,0.0,13.4892549831338
63502,0,unclassified,2,39.51,0.0,8.889319434017432
63502,0,unclassified,3,3.77,15.0,3.6657480969486116
63502,0,unclassified,4,5.76,10.0,1.5104374597436845
63502,0,unclassified,5,22.94,5.0,4.799812093673469
63502,0,unclassified,6,107.08,130.0,2.1051456637402475
63502,0,unclassified,7,282.53,350.0,3.793893573164733
63502,0,unclassified,8,393.71,540.0,6.7705450583275715
63502,0,unclassified,9,335.29,380.0,2.364169395055798
63502,0,unclassified,10,338.04,340.0,0.10644944747695563
63502,0,unclassified,11,323.96,280.0,2.5296975105076327
63502,0,unclassified,12,349.24,310.0,2.161335671008579
63502,0,unclassified,13,315.14,300.0,0.8632843916268134
63502,0,unclassified,14,364.49,410.0,2.3126713806266808
63502,0,unclassified,15,399.95,385.0,0.7546319586096022
63502,0,unclassified,16,429.07,490.0,2.8423128653276866
63502,0,unclassified,17,434.43,430.0,0.21308545623422942
63502,0,unclassified,18,454.86,455.0,0.006563806160725544
63502,0,unclassified,19,392.0,365.0,1.3878125875172536
63502,0,unclassified,20,311.86,335.0,1.2866878625481502
63502,0,unclassified,21,202.52,215.0,0.8637557296648375
63502,0,unclassified,22,148.39,280.0,8.99257823260108
63502,0,unclassified,23,154.44,290.0,9.093686719443415
63503,0,unclassified,0,169.15,0.0,18.392933425639317
63503,0,unclassified,1,111.21,0.0,14.913752042997094
63503,0,unclassified,2,90.77,0.0,13.473678042761748
63503,0,unclassified,3,36.47,10.0,5.491393975118888
63503,0,unclassified,4,17.24,10.0,1.9617786888643252
63503,0,unclassified,5,59.44,10.0,8.390514723614334
63503,0,unclassified,6,125.29,315.0,12.786032705884464
63503,0,unclassified,7,381.58,920.0,21.105747990222255
63503,0,unclassified,8,637.57,945.0,10.928983707250135
63503,0,unclassified,9,493.14,900.0,15.415677338334728
63503,0,unclassified,10,415.86,870.0,17.91050825126618
63503,0,unclassified,11,452.71,965.0,19.24142245800426
63503,0,unclassified,12,509.46,970.0,16.932876490628338
63503,0,unclassified,13,447.24,960.0,19.330587396848255
63503,0,unclassified,14,468.72,970.0,18.689911069898425
63503,0,unclassified,15,437.79,990.0,20.667459578896935
63503,0,unclassified,16,542.73,985.0,16.00218090184472
63503,0,unclassified,17,600.86,935.0,12.057788205287835
63503,0,unclassified,18,612.29,925.0,11.279214772416536
63503,0,unclassified,19,525.14,910.0,14.367150420957447
63503,0,unclassified,20,434.62,920.0,18.65039926185803
63503,0,unclassified,21,266.64,805.0,23.257515787604078
63503,0,unclassified,22,201.91,950.0,31.171634332415774
63503,0,unclassified,23,235.43,590.0,17.453272146637595
63504,0,unclassified,0,169.15,0.0,18.392933425639317
63504,0,unclassified,1,111.21,0.0,14.913752042997094
63504,0,unclassified,2,90.77,0.0,13.473678042761748
63504,0,unclassified,3,36.47,15.0,4.2322367903350715
63504,0,unclassified,4,17.24,10.0,1.9617786888643252
63504,0,unclassified,5,59.44,5.0,9.590811348449067
63504,0,unclassified,6,125.29,130.0,0.4168876247013423
63504,0,unclassified,7,381.58,385.0,0.17468771404415234
63504,0,unclassified,8,637.57,600.0,1.510328113024927
63504,0,unclassified,9,493.14,465.0,1.2856554799597275
63504,0,unclassified,10,415.86,420.0,0.2025109764211026
63504,0,unclassified,11,452.71,340.0,5.661353574690636
63504,0,unclassified,12,509.46,475.0,1.5532137750162358
63504,0,unclassified,13,447.24,390.0,2.7976258900379407
63504,0,unclassified,14,468.72,525.0,2.524858657945736
63504,0,unclassified,15,437.79,500.0,2.8729125102586157
63504,0,unclassified,16,542.73,565.0,0.9462769383505313
63504,0,unclassified,17,600.86,530.0,2.979968850531932
63504,0,unclassified,18,612.29,620.0,0.3106081978114819
63504,0,unclassified,19,525.14,435.0,4.1140093088835
63504,0,unclassified,20,434.62,415.0,0.9519225991281126
63504,0,unclassified,21,266.64,250.0,1.0353192902807804
63504,0,unclassified,22,201.91,320.0,7.310217713457302
63504,0,unclassified,23,235.43,325.0,5.350777404783065
63718,0,unclassified,0,325.45,0.0,25.512741914580644
63718,0,unclassified,1,224.36,0.0,21.183012061555363
63718,0,unclassified,2,151.42,0.0,17.402298698735176
63718,0,unclassified,3,80.91,0.0,12.720849028268514
63718,0,unclassified,4,97.78,30.0,8.479790453885416
63718,0,unclassified,5,171.15,15.0,16.185475627029525
63718,0,unclassified,6,321.97,165.0,10.059596301550547
63718,0,unclassified,7,819.81,1060.0,7.83452989713645
63718,0,unclassified,8,1084.57,1680.0,16.015183334045112
63718,0,unclassified,9,966.43,1360.0,11.5396328099964
63718,0,unclassified,10,862.26,1220.0,11.08702488373784
63718,0,unclassified,11,827.68,1060.0,7.562012825467684
63718,0,unclassified,12,840.36,915.0,2.5194371547435375
63718,0,unclassified,13,796.84,890.0,3.2078018406654696
63718,0,unclassified,14,875.14,1010.0,4.392647452843294
63718,0,unclassified,15,820.17,1145.0,10.36265565726274
63718,0,unclassified,16,834.36,930.0,3.220037753513811
63718,0,unclassified,17,859.43,1075.0,6.931493337836718
63718,0,unclassified,18,862.14,880.0,0.6051386975600688
63718,0,unclassified,19,885.14,675.0,7.523881379044686
63718,0,unclassified,20,884.2,645.0,8.650556130715028
63718,0,unclassified,21,597.27,565.0,1.3386296776896824
63718,0,unclassified,22,477.29,740.0,10.648650545050872
63718,0,unclassified,23,473.43,625.0,6.467583666564979
65816,0,unclassified,0,192.5,0.0,19.621416870348583
65816,0,unclassified,1,124.99,0.0,15.810755832660247
65816,0,unclassified,2,79.17,0.0,12.5833222958009
65816,0,unclassified,3,36.43,0.0,8.53580693314932
65816,0,unclassified,4,8.68,10.0,0.4319171940624345
65816,0,unclassified,5,36.72,5.0,6.945060392413196
65816,0,unclassified,6,88.89,50.0,4.666781332912002
65816,0,unclassified,7,344.33,355.0,0.5706086326042876
65816,0,unclassified,8,615.86,600.0,0.6432449647535554
65816,0,unclassified,9,487.14,655.0,7.02429182009992
65816,0,unclassified,10,405.14,705.0,12.72754551760177
65816,0,unclassified,11,430.24,725.0,12.264431918953987
65816,0,unclassified,12,521.84,805.0,10.993541588081612
65816,0,unclassified,13,437.63,685.0,10.441038689697915
65816,0,unclassified,14,473.39,690.0,8.98112698480296
65816,0,unclassified,15,504.1,725.0,8.910808375148969
65816,0,unclassified,16,615.29,810.0,7.293762800323551
65816,0,unclassified,17,675.14,975.0,10.439342311180203
65816,0,unclassified,18,668.71,1015.0,11.93496919951505
65816,0,unclassified,19,592.71,930.0,12.223902107325456
65816,0,unclassified,20,458.29,600.0,6.160460108211235
65816,0,unclassified,21,258.35,260.0,0.10249139176692691
65816,0,unclassified,22,197.7,340.0,8.678604149473696
65816,0,unclassified,23,236.86,335.0,5.8038501590853295
66019,0,unclassified,0,601.71,0.0,34.690344477966775
66019,0,unclassified,1,401.21,0.0,28.32701890421934
66019,0,unclassified,2,285.29,0.0,23.88681644757208
66019,0,unclassified,3,199.37,60.0,12.238393892802067
66019,0,unclassified,4,206.2,85.0,10.044352193596707
66019,0,unclassified,5,244.65,40.0,17.154226999553842
66019,0,unclassified,6,412.3,815.0,16.256283343567112
66019,0,unclassified,7,1192.62,1225.0,0.9313176258651993
66019,0,unclassified,8,1597.0,1100.0,13.534147751439873
66019,0,unclassified,9,1249.0,1075.0,5.10441744498506
66019,0,unclassified,10,962.68,985.0,0.7152376799351273
66019,0,unclassified,11,1081.89,925.0,4.952773603332743
66019,0,unclassified,12,1293.07,1055.0,6.948069434632539
66019,0,unclassified,13,1168.79,960.0,6.399680334194651
66019,0,unclassified,14,1321.78,925.0,11.838167927851737
66019,0,unclassified,15,1274.53,905.0,11.193947719634576
66019,0,unclassified,16,1532.36,930.0,17.167037216220102
66019,0,unclassified,17,1563.57,1115.0,12.2572691488362
66019,0,unclassified,18,1291.86,1190.0,2.891545495495074
66019,0,unclassified,19,1167.07,1125.0,1.2427208115001045
66019,0,unclassified,20,950.48,1020.0,2.2148215763162864
66019,0,unclassified,21,631.09,1060.0,14.75019660390804
66019,0,unclassified,22,572.14,1085.0,17.81698546258844
66019,0,unclassified,23,749.43,955.0,7.04182371699151
69309,0,unclassified,0,0.0,0.0,
69309,0,unclassified,1,0.0,0.0,
69309,0,unclassified,2,0.0,0.0,
69309,0,unclassified,3,0.0,0.0,
69309,0,unclassified,4,0.0,5.0,3.1622776601683795
69309,0,unclassified,5,0.0,0.0,
69309,0,unclassified,6,7.06,5.0,0.838896851246629
69309,0,unclassified,7,161.21,90.0,6.353858250622375
69309,0,unclassified,8,313.5,205.0,6.738610520383225
69309,0,unclassified,9,142.5,195.0,4.041451884327381
69309,0,unclassified,10,99.23,205.0,8.57583632127362
69309,0,unclassified,11,116.3,135.0,1.668247028956433
69309,0,unclassified,12,116.06,155.0,3.3448621799747085
69309,0,unclassified,13,152.31,130.0,1.8778090902861972
69309,0,unclassified,14,124.77,100.0,2.336532529083477
69309,0,unclassified,15,128.8,85.0,4.236285857583926
69309,0,unclassified,16,144.86,160.0,1.2262828381577668
69309,0,unclassified,17,169.73,170.0,0.020716281915073676
69309,0,unclassified,18,137.58,165.0,2.2292682926829257
69309,0,unclassified,19,100.0,160.0,5.262348115842175
69309,0,unclassified,20,86.0,85.0,0.10814761408717502
69309,0,unclassified,21,20.0,20.0,0.0
69309,0,unclassified,22,23.08,55.0,5.10867150932255
69309,0,unclassified,23,10.77,85.0,10.727035420906102
69534,0,unclassified,0,121.43,0.0,15.58396611905968
69534,0,unclassified,1,72.45,0.0,12.037441588643327
69534,0,unclassified,2,45.83,0.0,9.573922915921143
69534,0,unclassified,3,62.19,0.0,11.152578177264663
69534,0,unclassified,4,83.07,0.0,12.889530635364501
69534,0,unclassified,5,99.62,0.0,14.11523999087511
69534,0,unclassified,6,268.91,115.0,11.10879938008628
69534,0,unclassified,7,878.07,340.0,21.80307019606716
69534,0,unclassified,8,1077.29,545.0,18.68955924381332
69534,0,unclassified,9,785.14,750.0,1.2683606533453622
69534,0,unclassified,10,658.39,425.0,10.027780765517917
69534,0,unclassified,11,641.13,420.0,9.600157702049238
69534,0,unclassified,12,854.97,475.0,14.734770784721169
69534,0,unclassified,13,690.0,430.0,10.987005311470716
69534,0,unclassified,14,755.57,495.0,10.420424414019541
69534,0,unclassified,15,689.77,485.0,8.448992106958658
69534,0,unclassified,16,812.64,460.0,13.97956912890816
69534,0,unclassified,17,919.86,420.0,19.31228543737515
69534,0,unclassified,18,837.43,395.0,17.822902642059102
69534,0,unclassified,19,642.57,340.0,13.650831723881053
69534,0,unclassified,20,470.14,265.0,10.699914861068565
69534,0,unclassified,21,265.4,390.0,6.883032522835111
69534,0,unclassified,22,191.16,270.0,5.192013322586949
69534,0,unclassified,23,181.46,260.0,5.286402361270662
70262,0,unclassified,0,232.3,0.0,21.554581879498382
70262,0,unclassified,1,167.26,0.0,18.289887916551045
70262,0,unclassified,2,100.95,0.0,14.20915198032592
70262,0,unclassified,3,47.2,15.0,5.773985343972703
70262,0,unclassified,4,89.48,60.0,3.4099729383372925
70262,0,unclassified,5,129.38,15.0,13.462061532561387
70262,0,unclassified,6,242.73,365.0,7.014223052427621
70262,0,unclassified,7,794.52,1590.0,23.037947178858897
70262,0,unclassified,8,1049.57,1730.0,18.25196567247795
70262,0,unclassified,9,817.43,1405.0,17.626275990858193
70262,0,unclassified,10,748.17,1580.0,24.38047892852755
70262,0,unclassified,11,836.2,1615.0,22.24598124296029
70262,0,unclassified,12,994.21,1525.0,14.955658652811593
70262,0,unclassified,13,913.01,1485.0,16.518778854295974
70262,0,unclassified,14,914.5,1290.0,11.310189658495402
70262,0,unclassified,15,941.9,1850.0,24.305174538899763
70262,0,unclassified,16,1044.64,1665.0,16.853999928547328
70262,0,unclassified,17,1065.43,1325.0,7.5081247447581685
70262,0,unclassified,18,1157.0,1230.0,2.113059121774785
70262,0,unclassified,19,975.29,985.0,0.3101516282652695
70262,0,unclassified,20,797.76,795.0,0.09780226431502351
70262,0,unclassified,21,493.31,610.0,4.968209036700058
70262,0,unclassified,22,369.86,760.0,16.414330007221324
70262,0,unclassified,23,350.14,920.0,22.612957939085412
70263,0,unclassified,0,232.3,0.0,21.554581879498382
70263,0,unclassified,1,167.26,0.0,18.289887916551045
70263,0,unclassified,2,100.95,0.0,14.20915198032592
70263,0,unclassified,3,47.2,25.0,3.6948717924072647
70263,0,unclassified,4,89.48,25.0,8.522661041184323
70263,0,unclassified,5,129.38,10.0,14.300339310842352
70263,0,unclassified,6,242.73,300.0,3.4765643046439982
70263,0,unclassified,7,794.52,1010.0,7.1736653785126485
70263,0,unclassified,8,1049.57,835.0,6.990011050617953
70263,0,unclassified,9,817.43,865.0,1.6401351923115386
70263,0,unclassified,10,748.17,860.0,3.94373154818644
70263,0,unclassified,11,836.2,765.0,2.5163566841325724
70263,0,unclassified,12,994.21,880.0,3.730869032859405
70263,0,unclassified,13,913.01,715.0,6.940225593266717
70263,0,unclassified,14,914.5,685.0,8.115318431700013
70263,0,unclassified,15,941.9,670.0,9.577566095745935
70263,0,unclassified,16,1044.64,970.0,2.35173239901471
70263,0,unclassified,17,1065.43,1265.0,5.846449785897081
70263,0,unclassified,18,1157.0,840.0,10.031946966561868
70263,0,unclassified,19,975.29,805.0,5.707668837279353
70263,0,unclassified,20,797.76,720.0,2.822732335311328
70263,0,unclassified,21,493.31,720.0,9.203679181607145
70263,0,unclassified,22,369.86,695.0,14.090913288781074
70263,0,unclassified,23,350.14,890.0,21.68007550437798
70917,0,unclassified,0,257.93,0.0,22.71255159597882
70917,0,unclassified,1,214.81,0.0,20.727276714513174
70917,0,unclassified,2,45.71,0.0,9.561380653441217
70917,0,unclassified,3,0.0,25.0,7.0710678118654755
70917,0,unclassified,4,14.44,15.0,0.14596008983995246
70917,0,unclassified,5,134.86,5.0,15.529005165495999
70917,0,unclassified,6,271.4,515.0,12.284868990093628
70917,0,unclassified,7,726.82,1535.0,24.032230269239527
70917,0,unclassified,8,995.14,1390.0,11.434079331992782
70917,0,unclassified,9,870.57,1230.0,11.090745544888128
70917,0,unclassified,10,852.14,870.0,0.6086424306363966
70917,0,unclassified,11,973.09,930.0,1.3968887776215844
70917,0,unclassified,12,1251.24,1000.0,7.488466377938812
70917,0,unclassified,13,1033.48,1055.0,0.6659507379318876
70917,0,unclassified,14,1047.35,1065.0,0.5430962049412825
70917,0,unclassified,15,1110.06,960.0,4.6643214524462575
70917,0,unclassified,16,1368.71,1280.0,2.437644511275738
70917,0,unclassified,17,1443.43,1645.0,5.129464310381163
70917,0,unclassified,18,1383.57,1615.0,5.976921574853902
70917,0,unclassified,19,1085.29,1225.0,4.110638082035607
70917,0,unclassified,20,852.71,1005.0,4.99686279970342
70917,0,unclassified,21,501.3,1095.0,21.01477719940096
70917,0,unclassified,22,355.61,940.0,22.960462284550164
70917,0,unclassified,23,349.78,600.0,11.48221058191948
70918,0,unclassified,0,257.93,0.0,22.71255159597882
70918,0,unclassified,1,214.81,0.0,20.727276714513174
70918,0,unclassified,2,45.71,0.0,9.561380653441217
70918,0,unclassified,3,0.0,5.0,3.1622776601683795
70918,0,unclassified,4,14.44,25.0,2.3779924033063176
70918,0,unclassified,5,134.86,10.0,14.67114765515159
70918,0,unclassified,6,271.4,255.0,1.0108830290791513
70918,0,unclassified,7,726.82,1020.0,9.920310384973323
70918,0,unclassified,8,995.14,1275.0,8.30671876512322
70918,0,unclassified,9,870.57,945.0,2.4703387899584626
70918,0,unclassified,10,852.14,1040.0,6.107629476546746
70918,0,unclassified,11,973.09,1235.0,7.882404050238768
70918,0,unclassified,12,1251.24,1125.0,3.662408915831346
70918,0,unclassified,13,1033.48,1065.0,0.9730805443914714
70918,0,unclassified,14,1047.35,895.0,4.888703650140461
70918,0,unclassified,15,1110.06,1230.0,3.506433007208346
70918,0,unclassified,16,1368.71,1265.0,2.8579304502947114
70918,0,unclassified,17,1443.43,1060.0,10.837606074966079
70918,0,unclassified,18,1383.57,870.0,15.299566237633401
70918,0,unclassified,19,1085.29,700.0,12.895801777196564
70918,0,unclassified,20,852.71,505.0,13.345310120867332
70918,0,unclassified,21,501.3,300.0,10.056832140731562
70918,0,unclassified,22,355.61,360.0,0.2320819247922211
70918,0,unclassified,23,349.78,560.0,9.85645712067959
71894,0,unclassified,0,264.72,0.0,23.00956322923145
71894,0,unclassified,1,187.69,0.0,19.374725804511403
71894,0,unclassified,2,158.57,0.0,17.808424972467385
71894,0,unclassified,3,45.71,15.0,5.5739709099372075
71894,0,unclassified,4,123.33,30.0,10.659152994270837
71894,0,unclassified,5,150.0,20.0,14.10047975821265
71894,0,unclassified,6,358.46,370.0,0.6046693453115417
71894,0,unclassified,7,1005.0,850.0,5.089495550599168
71894,0,unclassified,8,1534.0,910.0,17.850442511947442
71894,0,unclassified,9,1347.0,890.0,13.664640356268439
71894,0,unclassified,10,989.0,885.0,3.397531906000966
71894,0,unclassified,11,1067.0,895.0,5.491537368601268
71894,0,unclassified,12,1265.0,925.0,10.27476404866349
71894,0,unclassified,13,1183.0,885.0,9.26735916220973
71894,0,unclassified,14,1230.0,905.0,9.94716722647115
71894,0,unclassified,15,1312.85,905.0,12.247554463912651
71894,0,unclassified,16,1443.0,905.0,15.701756105738255
71894,0,unclassified,17,1495.5,890.0,17.532321859591338
71894,0,unclassified,18,1361.0,915.0,13.220982418051173
71894,0,unclassified,19,1146.5,885.0,8.204994186997547
71894,0,unclassified,20,906.5,905.0,0.04984103906137075
71894,0,unclassified,21,514.0,720.0,8.293247726953288
71894,0,unclassified,22,376.41,410.0,1.693949613076422
71894,0,unclassified,23,376.92,325.0,2.7714425033044456
71914,0,unclassified,0,326.01,0.0,25.53468229682915
71914,0,unclassified,1,197.47,0.0,19.873097393209747
71914,0,unclassified,2,76.27,0.0,12.350708481702577
71914,0,unclassified,3,5.6,10.0,1.5754527228867525
71914,0,unclassified,4,31.98,10.0,4.797571642367559
71914,0,unclassified,5,69.83,5.0,10.598713357902335
71914,0,unclassified,6,332.9,100.0,15.83035643313772
71914,0,unclassified,7,958.34,680.0,9.724977459681119
71914,0,unclassified,8,1368.0,930.0,12.921534639556297
71914,0,unclassified,9,1246.86,970.0,8.315839119654548
71914,0,unclassified,10,1260.53,960.0,9.01933476573011
71914,0,unclassified,11,1292.84,940.0,10.560002217585955
71914,0,unclassified,12,1389.05,915.0,13.96668052020125
71914,0,unclassified,13,1205.25,915.0,8.91443228343648
71914,0,unclassified,14,1372.24,810.0,17.021016065509688
71914,0,unclassified,15,1386.91,665.0,22.538183038450946
71914,0,unclassified,16,1387.64,795.0,17.9396887352404
71914,0,unclassified,17,1420.14,900.0,15.2713754816098
71914,0,unclassified,18,1377.86,960.0,12.221838695127444
71914,0,unclassified,19,1362.64,965.0,11.6559360771783
71914,0,unclassified,20,1054.14,870.0,5.936695891052597
71914,0,unclassified,21,601.06,590.0,0.45321398743729246
71914,0,unclassified,22,437.49,340.0,4.944560125861712
71914,0,unclassified,23,420.34,360.0,3.0547689600504135
71915,0,unclassified,0,164.62,0.0,18.14497175528251
71915,0,unclassified,1,106.75,0.0,14.611639196202457
71915,0,unclassified,2,42.27,0.0,9.194563611178076
71915,0,unclassified,3,5.6,0.0,3.3466401061363023
71915,0,unclassified,4,10.24,10.0,0.07544335361543185
71915,0,unclassified,5,26.83,15.0,2.5867580552562663
71915,0,unclassified,6,153.75,110.0,3.809753011610946
71915,0,unclassified,7,451.99,510.0,2.6450420734160467
71915,0,unclassified,8,619.43,720.0,3.886184694793642
71915,0,unclassified,9,560.43,845.0,10.734937045447266
71915,0,unclassified,10,593.79,800.0,7.811349108650996
71915,0,unclassified,11,620.79,915.0,10.617114722777847
71915,0,unclassified,12,718.95,710.0,0.33483397355359873
71915,0,unclassified,13,571.11,535.0,1.535477040377554
71915,0,unclassified,14,629.41,535.0,3.9127313693349905
71915,0,unclassified,15,643.31,385.0,11.391848158723597
71915,0,unclassified,16,693.86,530.0,6.624026755634843
71915,0,unclassified,17,757.29,640.0,4.437442194444475
71915,0,unclassified,18,739.14,750.0,0.3979944889060215
71915,0,unclassified,19,721.57,650.0,2.7329836048990126
71915,0,unclassified,20,586.09,405.0,8.134913127457374
71915,0,unclassified,21,336.26,395.0,3.071942136143771
71915,0,unclassified,22,226.62,290.0,3.9434980022006716
71915,0,unclassified,23,204.81,340.0,8.19100197492829
72456,0,unclassified,0,406.33,0.0,28.507192074983465
72456,0,unclassified,1,257.4,0.0,22.68920448142684
72456,0,unclassified,2,207.52,0.0,20.37253052519495
72456,0,unclassified,3,142.12,0.0,16.85941873256608
72456,0,unclassified,4,136.47,5.0,15.63181778591362
72456,0,unclassified,5,140.26,30.0,11.950241211225014
72456,0,unclassified,6,172.11,330.0,9.964836725332637
72456,0,unclassified,7,457.76,1525.0,33.89549788358046
72456,0,unclassified,8,753.29,2165.0,36.95696217501942
72456,0,unclassified,9,628.72,1945.0,36.69295021690607
72456,0,unclassified,10,581.94,1595.0,30.706260926946765
72456,0,unclassified,11,615.29,1860.0,35.38100238831197
72456,0,unclassified,12,652.71,1630.0,28.927645193920323
72456,0,unclassified,13,601.8,1325.0,23.299955762854257
72456,0,unclassified,14,691.31,1605.0,26.964887395760194
72456,0,unclassified,15,692.32,1635.0,27.634476391714063
72456,0,unclassified,16,748.63,1500.0,22.408348419363417
72456,0,unclassified,17,747.71,2060.0,35.02423779395595
72456,0,unclassified,18,708.43,1300.0,18.667784967306826
72456,0,unclassified,19,687.14,1225.0,17.39499875767678
72456,0,unclassified,20,629.29,890.0,9.459155126925207
72456,0,unclassified,21,497.93,620.0,5.163172524992877
72456,0,unclassified,22,459.43,590.0,5.700089362765146
72456,0,unclassified,23,498.29,620.0,5.1471169904310035
72540,0,unclassified,0,395.86,0.0,28.137519435799597
72540,0,unclassified,1,244.14,0.0,22.09705862779026
72540,0,unclassified,2,182.86,0.0,19.12380715234286
72540,0,unclassified,3,117.19,0.0,15.309474190840128
72540,0,unclassified,4,108.37,0.0,14.722092242612801
72540,0,unclassified,5,131.29,0.0,16.204320411544572
72540,0,unclassified,6,217.42,0.0,20.85281755542881
72540,0,unclassified,7,598.76,0.0,34.60520192109851
72540,0,unclassified,8,937.71,0.0,43.30611965992797
72540,0,unclassified,9,829.71,0.0,40.73597918302689
72540,0,unclassified,10,757.07,0.0,38.91195189141763
72540,0,unclassified,11,818.79,0.0,40.46702361182497
72540,0,unclassified,12,851.79,0.0,41.27444730096334
72540,0,unclassified,13,757.09,0.0,38.91246586892175
72540,0,unclassified,14,867.64,0.0,41.65669213943901
72540,0,unclassified,15,843.96,0.0,41.08430357204561
72540,0,unclassified,16,938.29,0.0,43.319510615887616
72540,0,unclassified,17,980.29,0.0,44.27843719012675
72540,0,unclassified,18,937.86,0.0,43.30958323512245
72540,0,unclassified,19,898.71,0.0,42.39599037644952
72540,0,unclassified,20,692.43,0.0,37.21370715206965
72540,0,unclassified,21,452.36,0.0,30.07856379550061
72540,0,unclassified,22,406.29,0.0,28.50578888576845
72540,0,unclassified,23,483.86,0.0,31.108198276338666
74640,0,unclassified,0,333.0,0.0,25.80697580112788
74640,0,unclassified,1,211.85,0.0,20.583974348992957
74640,0,unclassified,2,139.43,0.0,16.699101772251105
74640,0,unclassified,3,90.0,0.0,13.416407864998739
74640,0,unclassified,4,89.66,65.0,2.8042651005974935
74640,0,unclassified,5,129.89,25.0,11.918933408412164
74640,0,unclassified,6,273.18,445.0,9.067176280713495
74640,0,unclassified,7,861.43,1460.0,17.569206526157014
74640,0,unclassified,8,1376.14,1520.0,3.7804654889699556
74640,0,unclassified,9,1067.96,1380.0,8.919142620421336
74640,0,unclassified,10,933.69,1290.0,10.685771606456775
74640,0,unclassified,11,913.37,1265.0,10.654549583118726
74640,0,unclassified,12,1006.79,1320.0,9.182734400222492
74640,0,unclassified,13,926.43,1345.0,12.420338073442998
74640,0,unclassified,14,953.73,1370.0,12.212294770528999
74640,0,unclassified,15,955.14,1360.0,11.899569210769144
74640,0,unclassified,16,1141.43,1330.0,5.364304742145956
74640,0,unclassified,17,1286.14,1460.0,4.691949575353166
74640,0,unclassified,18,1174.43,1475.0,8.258181132983955
74640,0,unclassified,19,1043.57,1350.0,8.857745796232011
74640,0,unclassified,20,905.86,1410.0,14.81528478589165
74640,0,unclassified,21,579.0,1515.0,28.926940873681332
74640,0,unclassified,22,457.43,930.0,17.94219636376321
74640,0,unclassified,23,468.29,455.0,0.6185444477199661
75050,0,unclassified,0,158.64,0.0,17.812355262569852
75050,0,unclassified,1,116.25,0.0,15.247950681976906
75050,0,unclassified,2,43.36,0.0,9.312357381458252
75050,0,unclassified,3,0.0,10.0,4.47213595499958
75050,0,unclassified,4,4.57,15.0,3.3342940192867827
75050,0,unclassified,5,12.67,5.0,2.580430027818295
75050,0,unclassified,6,123.64,150.0,2.2535677182852814
75050,0,unclassified,7,297.84,600.0,14.261082579636927
75050,0,unclassified,8,449.14,740.0,11.92840850145288
75050,0,unclassified,9,371.57,610.0,10.76255189082145
75050,0,unclassified,10,336.79,630.0,13.336064919631431
75050,0,unclassified,11,362.09,655.0,12.98881420143494
75050,0,unclassified,12,386.16,680.0,12.726668175109644
75050,0,unclassified,13,361.36,675.0,13.778156767921363
75050,0,unclassified,14,380.99,675.0,12.795203490376966
75050,0,unclassified,15,353.34,585.0,10.695126724861558
75050,0,unclassified,16,422.07,665.0,10.419992171632
75050,0,unclassified,17,452.14,730.0,11.428956317884625
75050,0,unclassified,18,480.14,755.0,11.060339213542662
75050,0,unclassified,19,410.29,710.0,12.663419729756232
75050,0,unclassified,20,340.09,625.0,12.96996436179846
75050,0,unclassified,21,219.23,360.0,8.271791611908025
75050,0,unclassified,22,176.69,495.0,17.369240920526146
75050,0,unclassified,23,196.77,495.0,16.03560922632704
75158,0,unclassified,0,85.95,0.0,13.111064030047295
75158,0,unclassified,1,39.44,0.0,8.881441324469806
75158,0,unclassified,2,0.48,0.0,0.9797958971132712
75158,0,unclassified,3,0.0,0.0,
75158,0,unclassified,4,2.62,0.0,2.2891046284519194
75158,0,unclassified,5,19.57,10.0,2.488864615590392
75158,0,unclassified,6,123.37,105.0,1.7191138063537397
75158,0,unclassified,7,229.34,150.0,5.760933658652179
75158,0,unclassified,8,366.33,185.0,10.921413414157717
75158,0,unclassified,9,317.86,190.0,8.023755636301852
75158,0,unclassified,10,324.03,270.0,3.1350594165946037
75158,0,unclassified,11,359.77,350.0,0.518621768829863
75158,0,unclassified,12,399.0,350.0,2.5320377077111287
75158,0,unclassified,13,284.86,270.0,0.8921586662423687
75158,0,unclassified,14,356.32,235.0,7.055635153406113
75158,0,unclassified,15,399.09,235.0,9.215558509010814
75158,0,unclassified,16,490.93,330.0,7.943263064510661
75158,0,unclassified,17,608.43,340.0,12.326602967006755
75158,0,unclassified,18,530.29,335.0,9.388888054381656
75158,0,unclassified,19,376.14,360.0,0.8412756518949468
75158,0,unclassified,20,251.06,205.0,3.050197354042822
75158,0,unclassified,21,162.18,115.0,4.007670328130762
75158,0,unclassified,22,132.43,150.0,1.478534103522893
75158,0,unclassified,23,144.93,175.0,2.3775022845664084
76035,0,unclassified,0,230.95,0.0,21.491858923787863
76035,0,unclassified,1,169.86,0.0,18.43149478474277
76035,0,unclassified,2,150.0,0.0,17.320508075688775
76035,0,unclassified,3,43.53,5.0,7.821838797094409
76035,0,unclassified,4,17.89,10.0,2.1128455150981797
76035,0,unclassified,5,85.0,25.0,8.090398349558905
76035,0,unclassified,6,134.86,280.0,10.077465849040703
76035,0,unclassified,7,297.03,790.0,21.145342484140734
76035,0,unclassified,8,499.29,1220.0,24.581080964442016
76035,0,unclassified,9,368.86,1225.0,30.327366550836967
76035,0,unclassified,10,328.49,775.0,19.009118877868012
76035,0,unclassified,11,378.45,860.0,19.351611931082655
76035,0,unclassified,12,369.1,1125.0,27.656009154974406
76035,0,unclassified,13,367.75,830.0,18.88899396715486
76035,0,unclassified,14,406.88,970.0,21.46188701561691
76035,0,unclassified,15,428.5,890.0,17.974078584117937
76035,0,unclassified,16,481.14,1040.0,20.26438513670331
76035,0,unclassified,17,472.0,1495.0,32.62033761366499
76035,0,unclassified,18,434.0,1210.0,27.06610812890804
76035,0,unclassified,19,416.86,1285.0,29.7606799494177
76035,0,unclassified,20,320.76,610.0,13.407706522037962
76035,0,unclassified,21,233.58,605.0,18.13877832607239
76035,0,unclassified,22,232.21,475.0,12.911348285579923
76035,0,unclassified,23,277.54,320.0,2.456470179112887
76429,0,unclassified,0,167.36,0.0,18.295354601646835
76429,0,unclassified,1,139.74,0.0,16.717655337995218
76429,0,unclassified,2,15.43,0.0,5.55517776493246
76429,0,unclassified,3,1.15,10.0,3.7481834165054964
76429,0,unclassified,4,10.0,15.0,1.4142135623730951
76429,0,unclassified,5,63.64,0.0,11.281843820936363
76429,0,unclassified,6,177.14,240.0,4.352596977195738
76429,0,unclassified,7,511.84,720.0,8.387550073369283
76429,0,unclassified,8,834.29,620.0,7.946783726586292
76429,0,unclassified,9,611.22,590.0,0.8658628372359065
76429,0,unclassified,10,520.21,595.0,3.1672343839116675
76429,0,unclassified,11,537.14,590.0,2.226656503319465
76429,0,unclassified,12,625.24,690.0,2.525336952495605
76429,0,unclassified,13,578.48,450.0,5.665687288012879
76429,0,unclassified,14,610.17,565.0,1.8634371107822985
76429,0,unclassified,15,621.24,565.0,2.309266352574439
76429,0,unclassified,16,731.29,540.0,7.587259700687137
76429,0,unclassified,17,871.51,615.0,9.408824783916312
76429,0,unclassified,18,859.28,580.0,10.410754093209748
76429,0,unclassified,19,672.86,535.0,5.609768925119906
76429,0,unclassified,20,525.48,395.0,6.082074947610145
76429,0,unclassified,21,310.1,380.0,3.763016822887186
76429,0,unclassified,22,247.48,320.0,4.305241452975872
76429,0,unclassified,23,249.55,185.0,4.3791655876223095
76430,0,unclassified,0,254.36,0.0,22.55482210082802
76430,0,unclassified,1,156.96,0.0,17.717787672280082
76430,0,unclassified,2,19.33,0.0,6.217716622683925
76430,0,unclassified,3,4.67,0.0,3.056141357987225
76430,0,unclassified,4,9.47,5.0,1.6618363544911698
76430,0,unclassified,5,90.83,5.0,12.399476969374803
76430,0,unclassified,6,233.42,165.0,4.8476080959370655
76430,0,unclassified,7,639.2,610.0,1.168373939500538
76430,0,unclassified,8,1133.33,730.0,13.213888445407374
76430,0,unclassified,9,776.33,640.0,5.12299822511877
76430,0,unclassified,10,604.46,560.0,1.842562248293634
76430,0,unclassified,11,663.71,535.0,5.257390353730455
76430,0,unclassified,12,747.05,780.0,1.1924599125630915
76430,0,unclassified,13,703.34,620.0,3.239908714539148
76430,0,unclassified,14,754.18,550.0,7.995754098775855
76430,0,unclassified,15,750.68,605.0,5.59546696537512
76430,0,unclassified,16,869.29,725.0,5.110549159556319
76430,0,unclassified,17,945.0,710.0,8.16928149354923
76430,0,unclassified,18,851.71,785.0,2.331954489922551
76430,0,unclassified,19,756.57,680.0,2.857000053611103
76430,0,unclassified,20,574.83,535.0,1.690818823867391
76430,0,unclassified,21,333.28,420.0,4.468441211978826
76430,0,unclassified,22,284.58,325.0,2.3152396542580305
76430,0,unclassified,23,261.18,295.0,2.028060550066372
76431,0,unclassified,0,254.36,0.0,22.55482210082802
76431,0,unclassified,1,156.96,0.0,17.717787672280082
76431,0,unclassified,2,19.33,0.0,6.217716622683925
76431,0,unclassified,3,4.67,15.0,3.2939206994052714
76431,0,unclassified,4,9.47,15.0,1.5809682362260995
76431,0,unclassified,5,90.83,0.0,13.478130434151465
76431,0,unclassified,6,233.42,320.0,5.204813283160647
76431,0,unclassified,7,639.2,860.0,8.064626900468282
76431,0,unclassified,8,1133.33,865.0,8.488884494948305
76431,0,unclassified,9,776.33,880.0,3.6024226317252865
76431,0,unclassified,10,604.46,825.0,8.249286071638547
76431,0,unclassified,11,663.71,780.0,4.328300312643363
76431,0,unclassified,12,747.05,735.0,0.442660343701542
76431,0,unclassified,13,703.34,665.0,1.4657843991793085
76431,0,unclassified,14,754.18,775.0,0.7529504867181287
76431,0,unclassified,15,750.68,740.0,0.3911956691654152
76431,0,unclassified,16,869.29,815.0,1.8707958783078813
76431,0,unclassified,17,945.0,790.0,5.26255874035409
76431,0,unclassified,18,851.71,760.0,3.2306375827067573
76431,0,unclassified,19,756.57,795.0,1.3797477527614286
76431,0,unclassified,20,574.83,790.0,8.236779455769941
76431,0,unclassified,21,333.28,610.0,12.741930550942474
76431,0,unclassified,22,284.58,395.0,5.990215493312169
76431,0,unclassified,23,261.18,260.0,0.07309760274085088
80345,0,unclassified,0,234.23,0.0,21.643936795324457
80345,0,unclassified,1,189.54,0.0,19.469976887505542
80345,0,unclassified,2,53.68,0.0,10.361467077590895
80345,0,unclassified,3,0.0,0.0,
80345,0,unclassified,4,1.0,5.0,2.309401076758503
80345,0,unclassified,5,40.0,15.0,4.767312946227961
80345,0,unclassified,6,146.38,150.0,0.2973713479884948
80345,0,unclassified,7,477.92,615.0,5.864012762871863
80345,0,unclassified,8,876.57,865.0,0.3920828887581738
80345,0,unclassified,9,617.43,780.0,6.15021605048449
80345,0,unclassified,10,454.42,585.0,5.727909236265122
80345,0,unclassified,11,536.24,625.0,3.6835901063752097
80345,0,unclassified,12,696.03,885.0,6.7210605122134375
80345,0,unclassified,13,582.98,540.0,1.8138250612528988
80345,0,unclassified,14,601.11,585.0,0.6615277312565886
80345,0,unclassified,15,681.18,590.0,3.6166881236190527
80345,0,unclassified,16,866.86,835.0,1.0921916547889146
80345,0,unclassified,17,929.71,940.0,0.33654508096967944
80345,0,unclassified,18,858.57,975.0,3.845308146057191
80345,0,unclassified,19,753.0,845.0,3.2547260333152352
80345,0,unclassified,20,580.0,650.0,2.8226724349092915
80345,0,unclassified,21,284.74,305.0,1.179842798741391
80345,0,unclassified,22,245.32,305.0,3.5977929304024423
80345,0,unclassified,23,294.52,275.0,1.1567521655099045
80364,0,unclassified,0,136.37,0.0,16.514841809717705
80364,0,unclassified,1,77.22,0.0,12.427389106324787
80364,0,unclassified,2,15.2,0.0,5.513619500836089
80364,0,unclassified,3,1.75,0.0,1.8708286933869707
80364,0,unclassified,4,15.14,0.0,5.502726596879042
80364,0,unclassified,5,73.96,10.0,9.871592922716408
80364,0,unclassified,6,217.48,160.0,4.183933605265136
80364,0,unclassified,7,742.33,785.0,1.5440849839942985
80364,0,unclassified,8,914.29,930.0,0.5173406175275719
80364,0,unclassified,9,684.43,645.0,1.529357571330469
80364,0,unclassified,10,538.93,440.0,4.47164366082648
80364,0,unclassified,11,517.07,520.0,0.1286703796945486
80364,0,unclassified,12,666.6,690.0,0.8984728308006106
80364,0,unclassified,13,588.13,610.0,0.8935354957628022
80364,0,unclassified,14,586.58,775.0,7.22138360326011
80364,0,unclassified,15,575.23,715.0,5.502947824547676
80364,0,unclassified,16,721.43,835.0,4.071119280317576
80364,0,unclassified,17,835.14,1225.0,12.147175580810844
80364,0,unclassified,18,790.71,885.0,3.2574758366667247
80364,0,unclassified,19,617.86,735.0,4.503952373049362
80364,0,unclassified,20,545.71,410.0,6.208172607249829
80364,0,unclassified,21,328.13,225.0,6.201352360786645
80364,0,unclassified,22,237.84,410.0,9.565625458765725
80364,0,unclassified,23,228.0,320.0,5.557923258637628
81142,0,unclassified,0,97.02,0.0,13.92982411949268
81142,0,unclassified,1,11.28,0.0,4.749736834815167
81142,0,unclassified,2,0.71,0.0,1.1916375287812986
81142,0,unclassified,3,0.0,0.0,
81142,0,unclassified,4,0.0,0.0,
81142,0,unclassified,5,29.64,10.0,4.411534280996999
81142,0,unclassified,6,127.21,35.0,10.238921366904808
81142,0,unclassified,7,336.36,275.0,3.509553268652814
81142,0,unclassified,8,552.71,420.0,6.017650444265185
81142,0,unclassified,9,387.14,455.0,3.307019114627816
81142,0,unclassified,10,311.42,370.0,3.1736346349418123
81142,0,unclassified,11,360.95,405.0,2.2509233187586077
81142,0,unclassified,12,776.24,410.0,15.038152719894423
81142,0,unclassified,13,482.16,420.0,2.926740517344496
81142,0,unclassified,14,420.36,445.0,1.1845606262367006
81142,0,unclassified,15,395.95,415.0,0.9460474921101089
81142,0,unclassified,16,503.29,390.0,5.360562186194062
81142,0,unclassified,17,688.29,380.0,13.339202146437696
81142,0,unclassified,18,548.29,360.0,8.835476719263239
81142,0,unclassified,19,300.57,305.0,0.2545871902689041
81142,0,unclassified,20,202.04,265.0,4.1200518195219855
81142,0,unclassified,21,126.14,240.0,8.415164087356882
81142,0,unclassified,22,76.25,195.0,10.196796280100932
81142,0,unclassified,23,52.78,195.0,12.777401680470577
81143,0,unclassified,0,97.02,0.0,13.92982411949268
81143,0,unclassified,1,11.28,0.0,4.749736834815167
81143,0,unclassified,2,0.71,0.0,1.1916375287812986
81143,0,unclassified,3,0.0,0.0,
81143,0,unclassified,4,0.0,0.0,
81143,0,unclassified,5,29.64,5.0,5.9206141620128605
81143,0,unclassified,6,127.21,30.0,10.964424896900129
81143,0,unclassified,7,336.36,170.0,10.455244993733022
81143,0,unclassified,8,552.71,355.0,9.28047219608965
81143,0,unclassified,9,387.14,290.0,5.279269860129999
81143,0,unclassified,10,311.42,245.0,3.982103127981389
81143,0,unclassified,11,360.95,230.0,7.618073037530176
81143,0,unclassified,12,776.24,220.0,24.922707853259812
81143,0,unclassified,13,482.16,265.0,11.235386687653133
81143,0,unclassified,14,420.36,385.0,1.7621067968667854
81143,0,unclassified,15,395.95,225.0,9.701877511521712
81143,0,unclassified,16,503.29,215.0,15.21229244672338
81143,0,unclassified,17,688.29,235.0,21.0970664188851
81143,0,unclassified,18,548.29,330.0,10.416693116059433
81143,0,unclassified,19,300.57,420.0,6.292023582631812
81143,0,unclassified,20,202.04,360.0,9.422768259286052
81143,0,unclassified,21,126.14,115.0,1.0145315571735332
81143,0,unclassified,22,76.25,60.0,1.9687932316499936
81143,0,unclassified,23,52.78,75.0,2.779889995357538
835,0,unclassified,0,205.18,0.0,20.257344347174435
835,0,unclassified,1,133.67,0.0,16.35053515943744
835,0,unclassified,2,87.98,0.0,13.264991519032344
835,0,unclassified,3,50.77,10.0,7.396241635058519
835,0,unclassified,4,101.14,30.0,8.785394523385024
835,0,unclassified,5,138.46,10.0,14.910018674611823
835,0,unclassified,6,280.29,395.0,6.242680643599473
835,0,unclassified,7,817.86,1640.0,23.45212528606704
835,0,unclassified,8,868.0,1710.0,23.45231035810035
835,0,unclassified,9,766.62,1675.0,25.998214623402355
835,0,unclassified,10,787.39,1650.0,24.70967161766138
835,0,unclassified,11,813.95,1670.0,24.29084957955493
835,0,unclassified,12,862.8,1505.0,18.66434660727623
835,0,unclassified,13,862.28,1110.0,7.888451936920252
835,0,unclassified,14,859.89,1435.0,16.97793944436411
835,0,unclassified,15,827.33,1570.0,21.45097164439357
835,0,unclassified,16,986.83,1325.0,9.946542159007594
835,0,unclassified,17,1173.83,1215.0,1.1912509022758009
835,0,unclassified,18,1203.83,1195.0,0.2549622984834928
835,0,unclassified,19,1063.92,975.0,2.7849304832402018
835,0,unclassified,20,878.56,920.0,1.3818861984078366
835,0,unclassified,21,671.36,770.0,3.6743610495561563
835,0,unclassified,22,455.17,770.0,12.72017043060373
835,0,unclassified,23,364.67,955.0,22.98143694452658
84171,0,unclassified,0,114.68,0.0,15.14463601411404
84171,0,unclassified,1,78.12,0.0,12.499599993599796
84171,0,unclassified,2,39.01,0.0,8.832893070789433
84171,0,unclassified,3,11.92,5.0,2.37914500803695
84171,0,unclassified,4,12.13,0.0,4.9254441424099005
84171,0,unclassified,5,56.23,5.0,9.258853746178534
84171,0,unclassified,6,71.86,65.0,0.8292793397244843
84171,0,unclassified,7,197.12,130.0,5.248236494739922
84171,0,unclassified,8,299.14,95.0,14.541789447342678
84171,0,unclassified,9,300.86,100.0,14.187703214988302
84171,0,unclassified,10,283.06,140.0,9.836310646704248
84171,0,unclassified,11,265.09,180.0,5.703869793856342
84171,0,unclassified,12,287.93,190.0,6.335028983407897
84171,0,unclassified,13,237.56,145.0,6.692502843630576
84171,0,unclassified,14,304.76,150.0,10.263195222777487
84171,0,unclassified,15,311.49,125.0,12.623605023499403
84171,0,unclassified,16,302.43,105.0,13.832530656089933
84171,0,unclassified,17,328.57,135.0,12.71438583400407
84171,0,unclassified,18,308.14,125.0,12.444689394726884
84171,0,unclassified,19,255.71,95.0,12.136230722420137
84171,0,unclassified,20,263.12,135.0,9.080817134332559
84171,0,unclassified,21,210.56,120.0,7.044112149369464
84171,0,unclassified,22,167.39,120.0,3.9533555993355822
84171,0,unclassified,23,172.75,110.0,5.277490025816309
85291,0,unclassified,0,94.86,0.0,13.773888339898795
85291,0,unclassified,1,55.83,0.0,10.566929544574432
85291,0,unclassified,2,19.46,0.0,6.238589584192889
85291,0,unclassified,3,0.0,0.0,
85291,0,unclassified,4,1.21,0.0,1.5556349186104046
85291,0,unclassified,5,4.36,0.0,2.95296461204668
85291,0,unclassified,6,13.79,30.0,3.4642604849988095
85291,0,unclassified,7,121.11,140.0,1.6532373311671156
85291,0,unclassified,8,225.51,140.0,6.325316666116442
85291,0,unclassified,9,180.76,125.0,4.5096976731359035
85291,0,unclassified,10,131.88,140.0,0.6964378986334213
85291,0,unclassified,11,130.29,195.0,5.074006759059389
85291,0,unclassified,12,178.54,180.0,0.10904331515870215
85291,0,unclassified,13,145.11,195.0,3.82576950492872
85291,0,unclassified,14,169.36,160.0,0.7293826351228503
85291,0,unclassified,15,167.22,125.0,3.4928365148463865
85291,0,unclassified,16,208.08,170.0,2.7696193541543717
85291,0,unclassified,17,231.52,135.0,7.129900548331322
85291,0,unclassified,18,181.57,110.0,5.927541409548863
85291,0,unclassified,19,145.6,160.0,1.1649326430430327
85291,0,unclassified,20,159.29,125.0,2.8760848286776275
85291,0,unclassified,21,108.93,120.0,1.0346924129730666
85291,0,unclassified,22,108.33,75.0,3.4812366115514592
85291,0,unclassified,23,88.0,45.0,5.272998319570706
85292,0,unclassified,0,156.99,0.0,17.719480805034895
85292,0,unclassified,1,115.52,0.0,15.2
85292,0,unclassified,2,35.09,0.0,8.3773504164503
85292,0,unclassified,3,0.0,0.0,
85292,0,unclassified,4,0.0,0.0,
85292,0,unclassified,5,16.36,0.0,5.720139858430037
85292,0,unclassified,6,35.24,35.0,0.04049803842376996
85292,0,unclassified,7,200.75,115.0,6.824603851913331
85292,0,unclassified,8,361.71,120.0,15.574595825409649
85292,0,unclassified,9,313.5,100.0,14.848244840682392
85292,0,unclassified,10,280.38,110.0,12.195225406750417
85292,0,unclassified,11,267.75,185.0,5.499887052703022
85292,0,unclassified,12,285.14,145.0,9.55591318616384
85292,0,unclassified,13,257.02,165.0,6.334767941133734
85292,0,unclassified,14,310.76,135.0,11.772928172728724
85292,0,unclassified,15,325.38,105.0,15.023154581097305
85292,0,unclassified,16,331.64,150.0,11.704832877844982
85292,0,unclassified,17,373.57,115.0,16.543589114532256
85292,0,unclassified,18,351.0,80.0,18.46059325916365
85292,0,unclassified,19,296.86,130.0,11.421535844519786
85292,0,unclassified,20,313.29,105.0,14.40272527344399
85292,0,unclassified,21,243.53,95.0,11.416437364333863
85292,0,unclassified,22,209.47,55.0,13.432935726841844
85292,0,unclassified,23,238.53,25.0,18.601966883501436
85354,0,unclassified,0,213.1,0.0,20.644611887851028
85354,0,unclassified,1,142.54,0.0,16.884312245395133
85354,0,unclassified,2,34.29,0.0,8.281304245105357
85354,0,unclassified,3,10.8,0.0,4.6475800154489
85354,0,unclassified,4,4.9,0.0,3.1304951684997055
85354,0,unclassified,5,40.48,5.0,7.440264604102983
85354,0,unclassified,6,133.4,70.0,6.28678750622891
85354,0,unclassified,7,384.07,425.0,2.034996625858989
85354,0,unclassified,8,662.71,735.0,2.734542555848694
85354,0,unclassified,9,493.29,495.0,0.07692524847550841
85354,0,unclassified,10,458.14,375.0,4.073484095864569
85354,0,unclassified,11,465.24,340.0,6.241592149024661
85354,0,unclassified,12,562.93,470.0,4.089173045857557
85354,0,unclassified,13,487.17,395.0,4.388624699403367
85354,0,unclassified,14,558.14,360.0,9.247678061223677
85354,0,unclassified,15,552.65,440.0,5.056477981400337
85354,0,unclassified,16,673.93,565.0,4.376622783357503
85354,0,unclassified,17,790.43,450.0,13.669627875262584
85354,0,unclassified,18,779.43,495.0,11.267625553224752
85354,0,unclassified,19,594.86,455.0,6.104397799100685
85354,0,unclassified,20,528.57,320.0,10.125652108428723
85354,0,unclassified,21,321.29,220.0,6.156963330589986
85354,0,unclassified,22,220.14,125.0,7.24236648366478
85354,0,unclassified,23,241.97,120.0,9.066334386399586
85355,0,unclassified,0,108.84,0.0,14.753982513206394
85355,0,unclassified,1,45.45,0.0,9.534149149242422
85355,0,unclassified,2,3.64,0.0,2.6981475126464085
85355,0,unclassified,3,0.0,0.0,
85355,0,unclassified,4,2.09,0.0,2.0445048300260873
85355,0,unclassified,5,2.26,0.0,2.1260291625469296
85355,0,unclassified,6,59.42,25.0,5.297893087631127
85355,0,unclassified,7,258.23,255.0,0.20163294945698865
85355,0,unclassified,8,366.43,410.0,2.2113190334392403
85355,0,unclassified,9,278.0,325.0,2.7067877334882615
85355,0,unclassified,10,240.39,335.0,5.577902073017729
85355,0,unclassified,11,267.18,345.0,4.448019226212257
85355,0,unclassified,12,306.39,285.0,1.2439095270883602
85355,0,unclassified,13,266.87,260.0,0.42327244769542743
85355,0,unclassified,14,278.34,295.0,0.9839745683164758
85355,0,unclassified,15,290.12,215.0,4.726866043275129
85355,0,unclassified,16,348.57,280.0,3.8678740403393292
85355,0,unclassified,17,429.86,460.0,1.4288854145699332
85355,0,unclassified,18,422.57,515.0,4.26899945749093
85355,0,unclassified,19,365.14,450.0,4.203411641871159
85355,0,unclassified,20,274.15,225.0,3.1111645546815283
85355,0,unclassified,21,160.41,185.0,1.8711390964318417
85355,0,unclassified,22,137.35,165.0,2.2488223403165044
85355,0,unclassified,23,138.99,135.0,0.34089492619607975
862,0,unclassified,0,235.72,0.0,21.712669112755346
862,0,unclassified,1,151.61,0.0,17.413213373757298
862,0,unclassified,2,105.35,0.0,14.515508947329405
862,0,unclassified,3,52.68,0.0,10.264501936285072
862,0,unclassified,4,24.19,5.0,5.023112732949612
862,0,unclassified,5,62.4,15.0,7.61943659029251
862,0,unclassified,6,132.66,70.0,6.224742193497315
862,0,unclassified,7,362.98,380.0,0.8830514173294362
862,0,unclassified,8,528.86,550.0,0.9102012657121283
862,0,unclassified,9,542.14,620.0,3.229982523120052
862,0,unclassified,10,483.21,655.0,7.201147043655212
862,0,unclassified,11,522.66,560.0,1.6048825894476237
862,0,unclassified,12,574.07,715.0,5.551114674915807
862,0,unclassified,13,499.61,625.0,5.287823246258152
862,0,unclassified,14,574.76,590.0,0.6315121941511933
862,0,unclassified,15,633.04,595.0,1.535144459790772
862,0,unclassified,16,664.71,815.0,5.525311635451956
862,0,unclassified,17,657.71,740.0,3.112816529544737
862,0,unclassified,18,747.0,825.0,2.7821678625250446
862,0,unclassified,19,696.14,620.0,2.968088362611879
862,0,unclassified,20,520.48,540.0,0.8477027069084646
862,0,unclassified,21,314.55,325.0,0.5843782407232379
862,0,unclassified,22,246.86,255.0,0.5138639034472934
862,0,unclassified,23,304.03,330.0,1.4585860097910932
863,0,unclassified,0,235.72,0.0,21.712669112755346
863,0,unclassified,1,151.61,0.0,17.413213373757298
863,0,unclassified,2,105.35,0.0,14.515508947329405
863,0,unclassified,3,52.68,15.0,6.477325426505223
863,0,unclassified,4,24.19,15.0,2.076074229201446
863,0,unclassified,5,62.4,10.0,8.70917468862039
863,0,unclassified,6,132.66,200.0,5.221410260909184
863,0,unclassified,7,362.98,1015.0,24.840163961368248
863,0,unclassified,8,528.86,1465.0,29.64889212075628
863,0,unclassified,9,542.14,1035.0,17.55106389276254
863,0,unclassified,10,483.21,625.0,6.023509061082149
863,0,unclassified,11,522.66,685.0,6.6064507010178
863,0,unclassified,12,574.07,670.0,3.8463343513008352
863,0,unclassified,13,499.61,735.0,9.474103209943477
863,0,unclassified,14,574.76,765.0,7.3502706598000485
863,0,unclassified,15,633.04,770.0,5.170990248763872
863,0,unclassified,16,664.71,715.0,1.9147087741266031
863,0,unclassified,17,657.71,675.0,0.6697954035376129
863,0,unclassified,18,747.0,625.0,4.6579816447593965
863,0,unclassified,19,696.14,480.0,8.91293285426016
863,0,unclassified,20,520.48,465.0,2.4993526783007
863,0,unclassified,21,314.55,335.0,1.134754769016441
863,0,unclassified,22,246.86,535.0,14.57317070430257
863,0,unclassified,23,304.03,445.0,7.2843715818879655
866,0,unclassified,0,245.98,0.0,22.180171324856804
866,0,unclassified,1,180.19,0.0,18.983677199109767
866,0,unclassified,2,123.43,0.0,15.711779020849294
866,0,unclassified,3,20.0,0.0,6.324555320336759
866,0,unclassified,4,0.0,5.0,3.1622776601683795
866,0,unclassified,5,40.69,15.0,4.868447523521224
866,0,unclassified,6,144.72,65.0,7.785067157486593
866,0,unclassified,7,390.16,455.0,3.154194984206086
866,0,unclassified,8,676.86,720.0,1.6323703509012926
866,0,unclassified,9,606.19,810.0,7.659135011202078
866,0,unclassified,10,516.82,780.0,10.335417639872876
866,0,unclassified,11,559.32,720.0,6.353122452786752
866,0,unclassified,12,566.22,955.0,14.096876661428428
866,0,unclassified,13,559.88,745.0,7.247413691187164
866,0,unclassified,14,596.44,715.0,4.6299785130093
866,0,unclassified,15,609.74,735.0,4.830679712444971
866,0,unclassified,16,675.62,1020.0,11.827382829003636
866,0,unclassified,17,795.0,975.0,6.050633809075329
866,0,unclassified,18,851.29,1140.0,9.149757168083918
866,0,unclassified,19,763.14,885.0,4.245013949849516
866,0,unclassified,20,557.14,735.0,6.997428997017231
866,0,unclassified,21,331.8,385.0,2.810137896972317
866,0,unclassified,22,268.41,330.0,3.5606212608155707
866,0,unclassified,23,308.92,385.0,4.084423811199694
867,0,unclassified,0,184.44,0.0,19.2062489830784
867,0,unclassified,1,89.68,0.0,13.392535234226566
867,0,unclassified,2,4.12,0.0,2.870540018881465
867,0,unclassified,3,0.0,10.0,4.47213595499958
867,0,unclassified,4,0.0,15.0,5.477225575051661
867,0,unclassified,5,44.8,10.0,6.648198263137569
867,0,unclassified,6,214.89,160.0,4.0091868813977705
867,0,unclassified,7,613.91,625.0,0.4455810009695068
867,0,unclassified,8,782.71,865.0,2.8669602491511093
867,0,unclassified,9,734.0,660.0,2.8029498705907097
867,0,unclassified,10,601.11,385.0,9.732562015389133
867,0,unclassified,11,547.75,395.0,7.03554825677447
867,0,unclassified,12,584.14,360.0,10.316114805006297
867,0,unclassified,13,556.96,465.0,4.068150504389079
867,0,unclassified,14,588.53,435.0,6.7866891781257
867,0,unclassified,15,575.93,500.0,3.273681236400968
867,0,unclassified,16,602.57,415.0,8.315650517854182
867,0,unclassified,17,630.29,335.0,13.44110067799137
867,0,unclassified,18,616.71,270.0,16.466092951034195
867,0,unclassified,19,599.29,255.0,16.658532680581782
867,0,unclassified,20,574.95,215.0,18.111623184033025
867,0,unclassified,21,359.62,155.0,12.756153831498343
867,0,unclassified,22,255.26,360.0,5.971703366822822
867,0,unclassified,23,231.69,245.0,0.862134515929034
87612,0,unclassified,0,216.67,0.0,20.81682012219926
87612,0,unclassified,1,60.0,0.0,10.954451150103322
87612,0,unclassified,2,9.09,0.0,4.263801121065568
87612,0,unclassified,3,0.0,30.0,7.745966692414834
87612,0,unclassified,4,77.14,45.0,4.1127462252147104
87612,0,unclassified,5,170.53,15.0,16.148124813644326
87612,0,unclassified,6,411.46,440.0,1.3832059275841633
87612,0,unclassified,7,1082.71,1445.0,10.190786926455107
87612,0,unclassified,8,1308.86,1500.0,5.100368240213993
87612,0,unclassified,9,1103.57,1500.0,10.987449220603063
87612,0,unclassified,10,909.28,1285.0,11.343139917802835
87612,0,unclassified,11,880.02,835.0,1.5373965211073441
87612,0,unclassified,12,1035.55,785.0,8.304396933644124
87612,0,unclassified,13,922.96,755.0,5.798692271363879
87612,0,unclassified,14,1012.98,900.0,3.6530982562913468
87612,0,unclassified,15,1016.23,885.0,4.25628594933723
87612,0,unclassified,16,1083.17,645.0,14.906112908478475
87612,0,unclassified,17,1146.83,570.0,19.687890729103337
87612,0,unclassified,18,1151.83,500.0,22.681233406972506
87612,0,unclassified,19,1060.75,515.0,19.443080949149415
87612,0,unclassified,20,888.89,585.0,11.194349729325308
87612,0,unclassified,21,492.55,565.0,3.1506701098015837
87612,0,unclassified,22,318.33,405.0,4.5573832888193
87612,0,unclassified,23,302.31,810.0,21.52785135988905
88642,0,unclassified,0,953.29,0.0,43.664401976896464
88642,0,unclassified,1,638.29,0.0,35.729259718051814
88642,0,unclassified,2,447.99,0.0,29.932925015774853
88642,0,unclassified,3,309.78,80.0,16.459530662289982
88642,0,unclassified,4,309.12,95.0,15.06319368588907
88642,0,unclassified,5,344.57,40.0,21.96415096249899
88642,0,unclassified,6,565.14,1110.0,18.826707243164662
88642,0,unclassified,7,1574.69,2345.0,17.400217349574813
88642,0,unclassified,8,2073.29,2045.0,0.6234325631648684
88642,0,unclassified,9,1611.86,1995.0,9.022104435349721
88642,0,unclassified,10,1356.07,2345.0,22.988831656077398
88642,0,unclassified,11,1468.36,2515.0,23.45241373833921
88642,0,unclassified,12,1598.21,2315.0,16.204676232849565
88642,0,unclassified,13,1551.21,2260.0,16.23682611910385
88642,0,unclassified,14,1661.09,2015.0,8.2549560280013
88642,0,unclassified,15,1603.24,1970.0,8.676925495641411
88642,0,unclassified,16,1785.93,2165.0,8.528737455242464
88642,0,unclassified,17,1746.43,2130.0,8.712517378791706
88642,0,unclassified,18,1647.14,1990.0,8.039921521247734
88642,0,unclassified,19,1595.86,1850.0,6.12264683148054
88642,0,unclassified,20,1425.52,1925.0,12.203291729019451
88642,0,unclassified,21,971.12,1260.0,8.649101796407185
88642,0,unclassified,22,905.14,965.0,1.9575580547192255
88642,0,unclassified,23,1166.86,650.0,17.148541519623
88644,0,unclassified,0,1159.93,0.0,48.16492499734636
88644,0,unclassified,1,807.99,0.0,40.19925372441633
88644,0,unclassified,2,577.07,0.0,33.97263604726604
88644,0,unclassified,3,391.86,80.0,20.30336820529548
88644,0,unclassified,4,395.04,90.0,19.587680544018163
88644,0,unclassified,5,436.86,40.0,25.701405793900566
88644,0,unclassified,6,698.29,1075.0,12.651215813694048
88644,0,unclassified,7,1784.53,2105.0,7.266977498027851
88644,0,unclassified,8,2237.0,1875.0,7.983567754181279
88644,0,unclassified,9,1794.71,1790.0,0.1112522726011957
88644,0,unclassified,10,1573.46,1930.0,8.518726522744215
88644,0,unclassified,11,1670.96,2010.0,7.9028800114266256
88644,0,unclassified,12,1825.81,1855.0,0.6804205046986375
88644,0,unclassified,13,1801.26,1935.0,3.094266899076894
88644,0,unclassified,14,1909.32,1650.0,6.147060581929907
88644,0,unclassified,15,1874.11,1690.0,4.361308683954226
88644,0,unclassified,16,2027.86,1960.0,1.5197036322451545
88644,0,unclassified,17,1980.57,1985.0,0.0994869035123526
88644,0,unclassified,18,1883.29,1835.0,1.1199550024136555
88644,0,unclassified,19,1822.71,1685.0,3.2882788239667198
88644,0,unclassified,20,1663.57,1795.0,3.1605394873173385
88644,0,unclassified,21,1169.86,1190.0,0.5863154582784283
88644,0,unclassified,22,1082.43,875.0,6.63045672842834
88644,0,unclassified,23,1385.71,605.0,24.74575683578887
89849,0,unclassified,0,245.91,0.0,22.177015128280903
89849,0,unclassified,1,180.49,0.0,18.999473676920633
89849,0,unclassified,2,30.0,0.0,7.745966692414834
89849,0,unclassified,3,15.14,15.0,0.03606379365798865
89849,0,unclassified,4,40.83,40.0,0.13055899573398463
89849,0,unclassified,5,178.29,30.0,14.530904650967706
89849,0,unclassified,6,308.72,435.0,6.548545369648478
89849,0,unclassified,7,1037.99,1195.0,4.698929426116602
89849,0,unclassified,8,1334.71,1275.0,1.6529737017789536
89849,0,unclassified,9,1062.88,1305.0,7.036647868864843
89849,0,unclassified,10,929.64,1215.0,8.714267620468512
89849,0,unclassified,11,918.0,1280.0,10.919675291062386
89849,0,unclassified,12,1092.29,1180.0,2.602149416028342
89849,0,unclassified,13,924.82,1110.0,5.805586213922612
89849,0,unclassified,14,1031.34,1250.0,6.474248039737721
89849,0,unclassified,15,986.69,1185.0,6.018117968010305
89849,0,unclassified,16,1076.07,1045.0,0.9540667275343954
89849,0,unclassified,17,1128.71,1235.0,3.0917922812143757
89849,0,unclassified,18,1183.43,960.0,6.824987037854612
89849,0,unclassified,19,1148.57,910.0,7.436147723159312
89849,0,unclassified,20,961.43,580.0,13.739405526284454
89849,0,unclassified,21,585.9,615.0,1.1875572747406375
89849,0,unclassified,22,405.22,750.0,14.345798074850714
89849,0,unclassified,23,367.19,810.0,18.25194434167818
90817,0,unclassified,0,217.85,0.0,20.873428084528904
90817,0,unclassified,1,181.92,0.0,19.07459042810618
90817,0,unclassified,2,148.83,0.0,17.252825855493935
90817,0,unclassified,3,36.0,0.0,8.48528137423857
90817,0,unclassified,4,25.26,5.0,5.208587651865386
90817,0,unclassified,5,81.82,0.0,12.792185114357906
90817,0,unclassified,6,149.61,20.0,14.074331675015454
90817,0,unclassified,7,335.53,325.0,0.5794248211812328
90817,0,unclassified,8,441.43,565.0,5.508536831257724
90817,0,unclassified,9,395.86,515.0,5.582731978137844
90817,0,unclassified,10,384.49,455.0,3.4415806313575024
90817,0,unclassified,11,412.45,590.0,7.930568384956669
90817,0,unclassified,12,427.43,600.0,7.613847529765439
90817,0,unclassified,13,418.81,595.0,7.825605812431466
90817,0,unclassified,14,426.21,430.0,0.18317409726674014
90817,0,unclassified,15,452.49,505.0,2.399882023718539
90817,0,unclassified,16,506.79,470.0,1.6647314460836404
90817,0,unclassified,17,516.86,600.0,3.51824151913931
90817,0,unclassified,18,493.14,615.0,5.17700823465985
90817,0,unclassified,19,461.57,605.0,6.210982624766841
90817,0,unclassified,20,401.48,465.0,3.0517307645365612
90817,0,unclassified,21,277.2,380.0,5.670995923616288
90817,0,unclassified,22,226.36,350.0,7.28328119896859
90817,0,unclassified,23,245.88,305.0,3.56222150008727
90893,0,unclassified,0,37.71,0.0,8.684468895678076
90893,0,unclassified,1,4.89,0.0,3.127299154222378
90893,0,unclassified,2,0.0,0.0,
90893,0,unclassified,3,0.0,0.0,
90893,0,unclassified,4,7.14,5.0,0.8685992055609727
90893,0,unclassified,5,5.96,0.0,3.4525353003264136
90893,0,unclassified,6,89.33,40.0,6.134461914461098
90893,0,unclassified,7,377.96,190.0,11.153766768886992
90893,0,unclassified,8,509.86,285.0,11.27929311890642
90893,0,unclassified,9,276.18,280.0,0.22907129808555673
90893,0,unclassified,10,199.78,285.0,5.473740198322892
90893,0,unclassified,11,215.84,295.0,4.953114131284039
90893,0,unclassified,12,259.38,330.0,4.113817429223792
90893,0,unclassified,13,217.35,255.0,2.4498980866808036
90893,0,unclassified,14,223.01,305.0,5.046087888000817
90893,0,unclassified,15,234.32,160.0,5.292931777433757
90893,0,unclassified,16,307.07,170.0,8.87495903166533
90893,0,unclassified,17,344.0,285.0,3.3269148591641455
90893,0,unclassified,18,347.57,195.0,9.263097933203804
90893,0,unclassified,19,297.29,220.0,4.8058616432321575
90893,0,unclassified,20,211.5,110.0,8.005538518259755
90893,0,unclassified,21,153.86,55.0,9.674041968150238
90893,0,unclassified,22,123.95,90.0,3.2824538669480505
90893,0,unclassified,23,113.61,95.0,1.8221906313803349
92604,0,unclassified,0,157.66,0.0,17.75725203965974
92604,0,unclassified,1,102.54,0.0,14.320614511954437
92604,0,unclassified,2,59.68,0.0,10.92520022699813
92604,0,unclassified,3,12.65,5.0,2.5751591716254745
92604,0,unclassified,4,12.57,0.0,5.01398045468867
92604,0,unclassified,5,32.78,5.0,6.391698228694106
92604,0,unclassified,6,50.48,60.0,1.2808849222021055
92604,0,unclassified,7,80.4,270.0,14.324229879607337
92604,0,unclassified,8,144.0,220.0,5.633494806624369
92604,0,unclassified,9,178.13,225.0,3.301318245130599
92604,0,unclassified,10,206.33,225.0,1.2713188403808129
92604,0,unclassified,11,237.99,225.0,0.8537649930652225
92604,0,unclassified,12,212.55,255.0,2.776378430546777
92604,0,unclassified,13,177.39,260.0,5.58615774262792
92604,0,unclassified,14,222.78,270.0,3.0082535921869415
92604,0,unclassified,15,257.18,200.0,3.7819478606557126
92604,0,unclassified,16,270.72,255.0,0.9695948273347229
92604,0,unclassified,17,254.0,250.0,0.25197631533948484
92604,0,unclassified,18,234.86,260.0,1.5982293277867066
92604,0,unclassified,19,207.39,260.0,3.441466857495426
92604,0,unclassified,20,109.29,260.0,11.091066107781828
92604,0,unclassified,21,77.14,260.0,14.084082878208955
92604,0,unclassified,22,98.17,260.0,12.092871234335991
92604,0,unclassified,23,120.61,225.0,7.941101470260857
93313,0,unclassified,0,856.36,0.0,41.385021444962426
93313,0,unclassified,1,519.79,0.0,32.24251851205175
93313,0,unclassified,2,408.44,0.0,28.581112644542024
93313,0,unclassified,3,303.27,5.0,24.024753524478875
93313,0,unclassified,4,319.67,60.0,18.846626967853567
93313,0,unclassified,5,358.18,30.0,23.556487349433286
93313,0,unclassified,6,472.26,385.0,4.214770450100523
93313,0,unclassified,7,1008.72,1160.0,4.594039990898275
93313,0,unclassified,8,1456.71,1315.0,3.8066382002944574
93313,0,unclassified,9,1333.0,1355.0,0.600099198148979
93313,0,unclassified,10,1198.29,1245.0,1.33640273686045
93313,0,unclassified,11,1295.8,1160.0,3.875415485187681
93313,0,unclassified,12,1305.38,1175.0,3.702259567467102
93313,0,unclassified,13,1379.63,1225.0,4.284851098589674
93313,0,unclassified,14,1419.8,1235.0,5.072254781666345
93313,0,unclassified,15,1449.04,1240.0,5.700930719899752
93313,0,unclassified,16,1506.64,1230.0,7.478614349677804
93313,0,unclassified,17,1516.0,1290.0,6.0336429093002675
93313,0,unclassified,18,1579.0,1295.0,7.491865224176843
93313,0,unclassified,19,1593.64,1285.0,8.135299203305934
93313,0,unclassified,20,1472.05,1255.0,5.8779818082451785
93313,0,unclassified,21,1221.09,950.0,8.227910934613146
93313,0,unclassified,22,1230.43,805.0,13.33567564694509
93313,0,unclassified,23,1181.0,545.0,21.64969177871956
93735,0,unclassified,0,227.94,0.0,21.351346561751086
93735,0,unclassified,1,145.0,0.0,17.029386365926403
93735,0,unclassified,2,2.5,0.0,2.23606797749979
93735,0,unclassified,3,0.0,0.0,
93735,0,unclassified,4,0.0,5.0,3.1622776601683795
93735,0,unclassified,5,0.0,0.0,
93735,0,unclassified,6,0.0,25.0,7.0710678118654755
93735,0,unclassified,7,27.27,100.0,9.117285684227495
93735,0,unclassified,8,47.37,80.0,4.088824754129857
93735,0,unclassified,9,49.09,40.0,1.3619601530606864
93735,0,unclassified,10,72.5,135.0,6.136008670922699
93735,0,unclassified,11,50.0,90.0,4.780914437337574
93735,0,unclassified,12,65.83,105.0,4.238249299766158
93735,0,unclassified,13,96.11,105.0,0.8865432465198064
93735,0,unclassified,14,93.68,140.0,4.285216579893839
93735,0,unclassified,15,74.44,110.0,3.702961471688722
93735,0,unclassified,16,72.38,95.0,2.4726111120745515
93735,0,unclassified,17,102.4,130.0,2.560389385188622
93735,0,unclassified,18,83.85,185.0,8.724205050664533
93735,0,unclassified,19,64.62,100.0,3.899702956517404
93735,0,unclassified,20,50.4,65.0,1.9220511862499896
93735,0,unclassified,21,3.0,40.0,7.979625217054443
93735,0,unclassified,22,108.75,25.0,10.241248828638696
93735,0,unclassified,23,195.88,50.0,13.156765989275915
93988,0,unclassified,0,486.57,0.0,31.19519193722007
93988,0,unclassified,1,304.95,0.0,24.696153546655804
93988,0,unclassified,2,217.68,0.0,20.865282169191964
93988,0,unclassified,3,137.93,5.0,15.724480479938101
93988,0,unclassified,4,132.23,60.0,7.367531981139085
93988,0,unclassified,5,172.43,30.0,14.15725434591847
93988,0,unclassified,6,263.62,375.0,6.233054922103494
93988,0,unclassified,7,570.1,1160.0,20.0566220622964
93988,0,unclassified,8,838.14,1335.0,15.073190224043195
93988,0,unclassified,9,821.29,1355.0,16.17938296084757
93988,0,unclassified,10,751.81,1255.0,15.885243314086255
93988,0,unclassified,11,787.27,1165.0,12.090006550303901
93988,0,unclassified,12,823.79,1190.0,11.540858258060855
93988,0,unclassified,13,801.91,1190.0,12.297380024699725
93988,0,unclassified,14,852.21,1240.0,11.989717949966822
93988,0,unclassified,15,877.69,1240.0,11.134330951900528
93988,0,unclassified,16,885.29,1235.0,10.740522679299664
93988,0,unclassified,17,905.29,1325.0,12.568505689988315
93988,0,unclassified,18,941.0,1315.0,11.135687949080236
93988,0,unclassified,19,928.86,1290.0,10.842405384534958
93988,0,unclassified,20,868.34,1255.0,11.866823250611054
93988,0,unclassified,21,710.66,925.0,7.4950012157532
93988,0,unclassified,22,621.71,795.0,6.511004864815812
93988,0,unclassified,23,669.0,545.0,5.0330047425028335
94014,0,unclassified,0,260.5,0.0,22.825424421026653
94014,0,unclassified,1,185.12,0.0,19.24162155328911
94014,0,unclassified,2,130.19,0.0,16.136294494090023
94014,0,unclassified,3,85.71,0.0,13.0927460832325
94014,0,unclassified,4,51.03,0.0,10.102474944289641
94014,0,unclassified,5,100.25,0.0,14.159802258506296
94014,0,unclassified,6,135.81,120.0,1.3979386389028958
94014,0,unclassified,7,284.04,500.0,10.907348930926553
94014,0,unclassified,8,472.0,775.0,12.13457023166859
94014,0,unclassified,9,414.16,495.0,3.7915880226338214
94014,0,unclassified,10,441.96,615.0,7.527178729014518
94014,0,unclassified,11,479.89,910.0,16.315647832724373
94014,0,unclassified,12,539.97,965.0,15.49425365472213
94014,0,unclassified,13,487.94,660.0,7.1818333243521595
94014,0,unclassified,14,535.84,710.0,6.978021103933237
94014,0,unclassified,15,582.05,700.0,4.658654054880832
94014,0,unclassified,16,662.07,720.0,2.203705250051413
94014,0,unclassified,17,681.43,975.0,10.200938444550497
94014,0,unclassified,18,647.48,1005.0,12.437904947107311
94014,0,unclassified,19,568.06,740.0,6.723231841791809
94014,0,unclassified,20,491.48,610.0,5.050313438928994
94014,0,unclassified,21,344.31,400.0,2.8867906418941263
94014,0,unclassified,22,296.55,350.0,2.9727723255687546
94014,0,unclassified,23,335.29,310.0,1.407947171633226
94901,0,unclassified,0,154.52,0.0,17.579533554676587
94901,0,unclassified,1,119.57,0.0,15.464152094440871
94901,0,unclassified,2,23.45,0.0,6.848357467305572
94901,0,unclassified,3,7.5,0.0,3.872983346207417
94901,0,unclassified,4,10.16,0.0,4.507771067833858
94901,0,unclassified,5,38.55,5.0,7.18974425851645
94901,0,unclassified,6,121.98,110.0,1.112363023395962
94901,0,unclassified,7,323.8,445.0,6.181742780845283
94901,0,unclassified,8,478.57,670.0,7.988150947521741
94901,0,unclassified,9,387.86,695.0,13.1997352942784
94901,0,unclassified,10,362.56,475.0,5.494496115122864
94901,0,unclassified,11,337.95,450.0,5.645176549521837
94901,0,unclassified,12,407.0,535.0,5.89792867307637
94901,0,unclassified,13,352.06,410.0,2.9682392629249748
94901,0,unclassified,14,376.24,465.0,4.327851335287848
94901,0,unclassified,15,393.33,275.0,6.473130822908419
94901,0,unclassified,16,432.14,475.0,2.012472737661696
94901,0,unclassified,17,473.57,720.0,10.087525083971956
94901,0,unclassified,18,466.57,615.0,6.382772555638262
94901,0,unclassified,19,414.57,450.0,1.7040646577986098
94901,0,unclassified,20,408.14,275.0,7.203916872349041
94901,0,unclassified,21,257.55,195.0,4.158234977799272
94901,0,unclassified,22,206.07,210.0,0.27247354790277806
94901,0,unclassified,23,231.0,160.0,5.077909632950276
95074,0,unclassified,0,334.47,0.0,25.863874419738433
95074,0,unclassified,1,263.7,0.0,22.965191050805565
95074,0,unclassified,2,60.0,0.0,10.954451150103322
95074,0,unclassified,3,0.0,10.0,4.47213595499958
95074,0,unclassified,4,0.0,10.0,4.47213595499958
95074,0,unclassified,5,0.0,10.0,4.47213595499958
95074,0,unclassified,6,288.18,290.0,0.10704215736290003
95074,0,unclassified,7,780.11,1160.0,12.197187003508757
95074,0,unclassified,8,1477.71,985.0,14.041054907701593
95074,0,unclassified,9,956.14,990.0,1.0854627195189555
95074,0,unclassified,10,743.57,950.0,7.093919149093471
95074,0,unclassified,11,809.71,805.0,0.16576339674474364
95074,0,unclassified,12,907.21,840.0,2.273926065377393
95074,0,unclassified,13,787.61,885.0,3.367689316500026
95074,0,unclassified,14,885.25,1080.0,6.212745474834123
95074,0,unclassified,15,876.24,1145.0,8.454164385101441
95074,0,unclassified,16,1106.86,1145.0,1.136645385786434
95074,0,unclassified,17,1199.86,1305.0,2.970921944904971
95074,0,unclassified,18,1017.86,1145.0,3.866188284709437
95074,0,unclassified,19,901.57,1090.0,5.971277551398564
95074,0,unclassified,20,682.5,1085.0,13.539454630197197
95074,0,unclassified,21,410.81,755.0,14.25605486208372
95074,0,unclassified,22,347.72,845.0,20.363233430363806
95074,0,unclassified,23,397.76,755.0,14.880092445444758
9542,0,unclassified,0,52.76,0.0,10.272292830717005
9542,0,unclassified,1,30.53,0.0,7.814089838234521
9542,0,unclassified,2,0.0,0.0,
9542,0,unclassified,3,3.33,15.0,3.854824596237522
9542,0,unclassified,4,29.73,5.0,5.934535369255881
9542,0,unclassified,5,141.85,0.0,16.84339633209407
9542,0,unclassified,6,240.0,35.0,17.482458741160055
9542,0,unclassified,7,587.42,510.0,3.3050781226916546
9542,0,unclassified,8,1036.0,985.0,1.6043607077444215
9542,0,unclassified,9,838.17,980.0,4.703984228134649
9542,0,unclassified,10,639.74,955.0,11.16449093140289
9542,0,unclassified,11,665.02,570.0,3.8237811557524854
9542,0,unclassified,12,672.58,410.0,11.28617141493032
9542,0,unclassified,13,671.65,450.0,9.359530268504699
9542,0,unclassified,14,766.27,485.0,11.245088945055599
9542,0,unclassified,15,754.7,450.0,12.415036390592233
9542,0,unclassified,16,748.93,310.0,19.0755310269029
9542,0,unclassified,17,761.29,405.0,14.754189428279341
9542,0,unclassified,18,770.71,485.0,11.402386622383272
9542,0,unclassified,19,598.43,475.0,5.327811641662825
9542,0,unclassified,20,505.45,400.0,4.955977720818854
9542,0,unclassified,21,309.93,200.0,6.884556117649837
9542,0,unclassified,22,265.0,250.0,0.9347654292746337
9542,0,unclassified,23,244.74,420.0,9.613286793172087
96053,0,unclassified,0,620.64,0.0,35.23180381416768
96053,0,unclassified,1,400.9,0.0,28.316073174082593
96053,0,unclassified,2,301.55,0.0,24.558094388612485
96053,0,unclassified,3,203.22,75.0,10.871177761887557
96053,0,unclassified,4,197.5,65.0,11.565548182507596
96053,0,unclassified,5,236.79,40.0,16.72795400661119
96053,0,unclassified,6,386.32,895.0,20.096982665700743
96053,0,unclassified,7,969.26,1985.0,26.428541469174018
96053,0,unclassified,8,1145.14,1895.0,19.23306031594258
96053,0,unclassified,9,999.0,1300.0,8.877935956429004
96053,0,unclassified,10,897.92,1500.0,17.388088975496718
96053,0,unclassified,11,985.88,1425.0,12.647666882407869
96053,0,unclassified,12,1004.86,1470.0,13.22279814417121
96053,0,unclassified,13,1014.45,1480.0,13.182383054480285
96053,0,unclassified,14,1091.58,1485.0,10.960985827106443
96053,0,unclassified,15,1117.11,1485.0,10.199295038672394
96053,0,unclassified,16,1227.64,1520.0,7.887748159072324
96053,0,unclassified,17,1155.86,1525.0,10.082518749616574
96053,0,unclassified,18,1158.57,1445.0,7.938690513476113
96053,0,unclassified,19,1157.14,1220.0,1.8233162162986998
96053,0,unclassified,20,1062.86,1025.0,1.171776868262977
96053,0,unclassified,21,774.14,1055.0,9.287127669410122
96053,0,unclassified,22,731.14,800.0,2.488711559823688
96053,0,unclassified,23,834.14,585.0,9.352890230322947
96057,0,unclassified,0,722.57,0.0,38.01499704064174
96057,0,unclassified,1,515.61,0.0,32.11261434389919
96057,0,unclassified,2,388.63,0.0,27.87938306347542
96057,0,unclassified,3,298.82,60.0,17.82983691891011
96057,0,unclassified,4,281.93,85.0,14.539024496652317
96057,0,unclassified,5,321.35,25.0,22.51968614112781
96057,0,unclassified,6,503.11,760.0,10.22213494407879
96057,0,unclassified,7,1381.67,1335.0,1.2662934348686083
96057,0,unclassified,8,1773.86,1270.0,12.915539245236955
96057,0,unclassified,9,1401.71,1270.0,3.6036208381642414
96057,0,unclassified,10,1170.0,1270.0,2.862991671569341
96057,0,unclassified,11,1307.14,1275.0,0.8944807066369679
96057,0,unclassified,12,1531.83,1280.0,6.7162666963044275
96057,0,unclassified,13,1410.61,1275.0,3.700711597359453
96057,0,unclassified,14,1514.26,1265.0,6.6865639115264015
96057,0,unclassified,15,1520.54,1285.0,6.288852894044093
96057,0,unclassified,16,1787.21,1270.0,13.228764198159714
96057,0,unclassified,17,1804.57,1275.0,13.495635256812115
96057,0,unclassified,18,1508.43,1275.0,6.257221314031344
96057,0,unclassified,19,1346.86,1275.0,1.984711845673512
96057,0,unclassified,20,1159.91,1270.0,3.158404686435577
96057,0,unclassified,21,798.58,1295.0,15.343325118558482
96057,0,unclassified,22,681.43,1290.0,19.38361864660968
96057,0,unclassified,23,894.29,1275.0,11.559804122697923
96913,0,unclassified,0,177.92,0.0,18.863721796082555
96913,0,unclassified,1,124.62,0.0,15.787336697492709
96913,0,unclassified,2,89.64,0.0,13.389548162652838
96913,0,unclassified,3,33.5,15.0,3.7567808109943903
96913,0,unclassified,4,1.15,15.0,4.873921250813674
96913,0,unclassified,5,32.31,25.0,1.3655800723020368
96913,0,unclassified,6,69.43,155.0,8.077855407456928
96913,0,unclassified,7,256.79,500.0,12.502841717710258
96913,0,unclassified,8,504.29,620.0,4.880302223642739
96913,0,unclassified,9,406.14,615.0,9.243312311747795
96913,0,unclassified,10,356.5,430.0,3.706405856595849
96913,0,unclassified,11,414.99,400.0,0.7425752852130583
96913,0,unclassified,12,502.0,400.0,4.802992415349713
96913,0,unclassified,13,407.98,450.0,2.0287683628140023
96913,0,unclassified,14,430.26,425.0,0.25436166643839875
96913,0,unclassified,15,453.75,380.0,3.6120944598399687
96913,0,unclassified,16,581.71,340.0,11.259327885850611
96913,0,unclassified,17,705.71,415.0,12.280847696198926
96913,0,unclassified,18,644.71,500.0,6.0487523378706145
96913,0,unclassified,19,564.57,325.0,11.359451629170621
96913,0,unclassified,20,402.66,245.0,8.761187650186544
96913,0,unclassified,21,226.72,275.0,3.048256808191155
96913,0,unclassified,22,187.21,220.0,2.2979850406758007
96913,0,unclassified,23,217.41,175.0,3.0277027631215585
97635,0,unclassified,0,122.8,0.0,15.671630419327785
97635,0,unclassified,1,82.76,0.0,12.865457628860312
97635,0,unclassified,2,21.7,0.0,6.587867636800241
97635,0,unclassified,3,2.18,0.0,2.08806130178211
97635,0,unclassified,4,0.91,0.0,1.3490737563232043
97635,0,unclassified,5,25.91,10.0,3.7547192990633964
97635,0,unclassified,6,90.94,35.0,7.049456181855558
97635,0,unclassified,7,183.33,55.0,11.755844575217335
97635,0,unclassified,8,363.17,55.0,21.312231246583405
97635,0,unclassified,9,327.86,40.0,21.225358565778212
97635,0,unclassified,10,304.89,30.0,21.243342413155197
97635,0,unclassified,11,379.77,45.0,22.971249130209728
97635,0,unclassified,12,586.93,165.0,21.76039112943012
97635,0,unclassified,13,399.84,70.0,21.520052461044386
97635,0,unclassified,14,390.68,60.0,22.02869571285647
97635,0,unclassified,15,419.87,75.0,21.924255341875455
97635,0,unclassified,16,528.57,110.0,23.42495903977214
97635,0,unclassified,17,639.0,120.0,26.641671421412024
97635,0,unclassified,18,591.43,190.0,20.30859052305656
97635,0,unclassified,19,495.71,170.0,17.852685320855585
97635,0,unclassified,20,393.29,80.0,20.36563079770053
97635,0,unclassified,21,255.29,70.0,14.528862809242991
97635,0,unclassified,22,176.22,45.0,12.476789190772783
97635,0,unclassified,23,156.64,50.0,10.491266946967643
98133,0,unclassified,0,67.81,0.0,11.645600027478189
98133,0,unclassified,1,33.85,0.0,8.228000972289685
98133,0,unclassified,2,5.75,0.0,3.391164991562634
98133,0,unclassified,3,5.25,0.0,3.24037034920393
98133,0,unclassified,4,2.7,0.0,2.32379000772445
98133,0,unclassified,5,11.2,5.0,2.17845794367155
98133,0,unclassified,6,59.76,30.0,4.442285869157399
98133,0,unclassified,7,157.93,150.0,0.639090238489691
98133,0,unclassified,8,318.57,295.0,1.3456822435071998
98133,0,unclassified,9,263.14,310.0,2.768132806620901
98133,0,unclassified,10,250.06,240.0,0.6426704784222229
98133,0,unclassified,11,282.45,250.0,1.9887962082073845
98133,0,unclassified,12,291.18,315.0,1.3682200593662632
98133,0,unclassified,13,245.45,245.0,0.028736253234798573
98133,0,unclassified,14,259.54,165.0,6.488903088143848
98133,0,unclassified,15,264.76,185.0,5.318751856323309
98133,0,unclassified,16,315.29,165.0,9.698248548146308
98133,0,unclassified,17,388.71,195.0,11.33883595444294
98133,0,unclassified,18,359.0,250.0,6.246443980167656
98133,0,unclassified,19,344.71,280.0,3.6613999281883194
98133,0,unclassified,20,258.29,155.0,7.185315240921791
98133,0,unclassified,21,151.78,125.0,2.2764505352688817
98133,0,unclassified,22,126.24,90.0,3.4852599079510758
98133,0,unclassified,23,119.33,105.0,1.3530614166600292
98429,0,unclassified,0,362.99,0.0,26.944016033249383
98429,0,unclassified,1,245.85,0.0,22.17430945937212
98429,0,unclassified,2,120.27,0.0,15.509352017411945
98429,0,unclassified,3,36.11,5.0,6.8618507963415185
98429,0,unclassified,4,18.62,60.0,6.599924453982041
98429,0,unclassified,5,85.9,15.0,9.981955970402023
98429,0,unclassified,6,232.91,395.0,9.147923418711802
98429,0,unclassified,7,876.99,1365.0,14.57561484229706
98429,0,unclassified,8,1582.29,1420.0,4.188711395158104
98429,0,unclassified,9,1167.86,1380.0,5.943602846351821
98429,0,unclassified,10,1015.5,1410.0,11.328211946278833
98429,0,unclassified,11,1134.07,1415.0,7.869048755161552
98429,0,unclassified,12,1330.61,1375.0,1.2068896006660843
98429,0,unclassified,13,1192.26,1245.0,1.510790317473981
98429,0,unclassified,14,1296.96,1230.0,1.8837846733644015
98429,0,unclassified,15,1336.41,1375.0,1.0480745605639978
98429,0,unclassified,16,1605.93,1340.0,6.929008910944955
98429,0,unclassified,17,1958.71,1360.0,14.69761469298025
98429,0,unclassified,18,1802.86,1365.0,11.001889544727616
98429,0,unclassified,19,1510.0,1375.0,3.5544782211472405
98429,0,unclassified,20,1246.19,1385.0,3.8270104410777077
98429,0,unclassified,21,749.52,1395.0,19.712092921673598
98429,0,unclassified,22,555.71,1095.0,18.771629505917144
98429,0,unclassified,23,611.65,925.0,11.304652496224337
98546,0,unclassified,0,70.12,0.0,11.84229707446997
98546,0,unclassified,1,25.48,0.0,7.138627319029899
98546,0,unclassified,2,5.07,0.0,3.184336665618132
98546,0,unclassified,3,4.77,0.0,3.0886890422961
98546,0,unclassified,4,4.16,5.0,0.39250622335343804
98546,0,unclassified,5,4.06,0.0,2.8495613697550013
98546,0,unclassified,6,53.97,30.0,3.6993119490027193
98546,0,unclassified,7,186.89,110.0,6.310838609647778
98546,0,unclassified,8,373.24,255.0,6.671394562754064
98546,0,unclassified,9,232.71,265.0,2.046891674248928
98546,0,unclassified,10,174.85,200.0,1.8370637590010828
98546,0,unclassified,11,193.62,220.0,1.834378805547972
98546,0,unclassified,12,205.6,165.0,2.982554058219175
98546,0,unclassified,13,201.77,205.0,0.22648688693614857
98546,0,unclassified,14,204.76,145.0,4.518981012021209
98546,0,unclassified,15,186.24,130.0,4.472516064745383
98546,0,unclassified,16,224.57,115.0,8.408954492215324
98546,0,unclassified,17,278.14,215.0,4.021003581910202
98546,0,unclassified,18,273.71,150.0,8.499344795775194
98546,0,unclassified,19,230.71,145.0,6.253456248042297
98546,0,unclassified,20,211.14,125.0,6.644461164288741
98546,0,unclassified,21,133.11,125.0,0.7138935146461057
98546,0,unclassified,22,104.48,55.0,5.54104370016907
98546,0,unclassified,23,110.28,75.0,3.6654669100121176
99763,0,unclassified,0,68.57,0.0,11.71067888723792
99763,0,unclassified,1,6.25,0.0,3.5355339059327378
99763,0,unclassified,2,0.0,0.0,
99763,0,unclassified,3,0.0,0.0,
99763,0,unclassified,4,0.0,0.0,
99763,0,unclassified,5,5.56,10.0,1.591817121428206
99763,0,unclassified,6,90.57,65.0,2.8992308684309824
99763,0,unclassified,7,309.59,350.0,2.2251885518601493
99763,0,unclassified,8,617.29,435.0,7.9471264100616
99763,0,unclassified,9,424.43,350.0,3.7824389983392925
99763,0,unclassified,10,286.39,305.0,1.0822419962185328
99763,0,unclassified,11,375.89,335.0,2.168856936896041
99763,0,unclassified,12,544.1,460.0,3.7533797802677555
99763,0,unclassified,13,548.84,495.0,2.3566933781730524
99763,0,unclassified,14,484.11,510.0,1.1612609629934065
99763,0,unclassified,15,428.92,510.0,3.7420918475125693
99763,0,unclassified,16,613.67,510.0,4.373697105915243
99763,0,unclassified,17,632.0,435.0,8.529017672363134
99763,0,unclassified,18,569.43,425.0,6.477170067840478
99763,0,unclassified,19,406.57,480.0,3.4876428937959565
99763,0,unclassified,20,261.44,480.0,11.351354159757783
99763,0,unclassified,21,165.32,280.0,7.68540187356149
99763,0,unclassified,22,97.31,150.0,4.738297856868557
99763,0,unclassified,23,105.12,195.0,7.337203975298079
99764,0,unclassified,0,68.57,0.0,11.71067888723792
99764,0,unclassified,1,6.25,0.0,3.5355339059327378
99764,0,unclassified,2,0.0,0.0,
99764,0,unclassified,3,0.0,5.0,3.1622776601683795
99764,0,unclassified,4,0.0,0.0,
99764,0,unclassified,5,5.56,5.0,0.24370871833797683
99764,0,unclassified,6,90.57,70.0,2.2957103163586936
99764,0,unclassified,7,309.59,375.0,3.535443258265302
99764,0,unclassified,8,617.29,520.0,4.079881892452746
99764,0,unclassified,9,424.43,485.0,2.840455130232762
99764,0,unclassified,10,286.39,490.0,10.33413510937868
99764,0,unclassified,11,375.89,455.0,3.8812767996800615
99764,0,unclassified,12,544.1,480.0,2.8327082296737665
99764,0,unclassified,13,548.84,470.0,3.493080705419422
99764,0,unclassified,14,484.11,515.0,1.3820579491886993
99764,0,unclassified,15,428.92,510.0,3.7420918475125693
99764,0,unclassified,16,613.67,515.0,4.153523148239049
99764,0,unclassified,17,632.0,445.0,8.05839873410629
99764,0,unclassified,18,569.43,470.0,4.3614893226213285
99764,0,unclassified,19,406.57,425.0,0.903838686918795
99764,0,unclassified,20,261.44,390.0,7.123339619441602
99764,0,unclassified,21,165.32,150.0,1.2201072399697133
99764,0,unclassified,22,97.31,70.0,2.985903365985498
99764,0,unclassified,23,105.12,50.0,6.258788972457331
